Features;IO-N-10;IO-N-20;IO-N-30;IO-N-40;IO-N-50;IO-N-60;IO-N-70;IO-N-80;IO-N-90;IO-N-100;IO-N-200;IO-N-300;IO-N-400;IO-N-500;IO-N-600;IO-N-700;IO-N-800;IO-N-900;IO-N-1000;IO-N-2000;IO-S1-10;IO-S1-20;IO-S1-30;IO-S1-40;IO-S1-50;IO-S1-60;IO-S1-70;IO-S1-80;IO-S1-90;IO-S1-100;IO-S1-200;IO-S1-300;IO-S1-400;IO-S1-500;IO-S1-600;IO-S1-700;IO-S1-800;IO-S1-1000;IO-S1-2000;IO-S2-10;IO-S2-20;IO-S2-30;IO-S2-40;IO-S2-50;IO-S2-60;IO-S2-70;IO-S2-80;IO-S2-90;IO-S2-100;IO-S2-200;IO-S2-300;IO-S2-400;IO-S2-500;IO-S2-600;IO-S2-700;IO-S2-800;IO-S2-900;IO-S2-1000;IO-S2-2000;IO-S3-10;IO-S3-20;IO-S3-30;IO-S3-40;IO-S3-50;IO-S3-60;IO-S3-70;IO-S3-80;IO-S3-90;IO-S3-100;IO-S3-200;IO-S3-300;IO-S3-400;IO-S3-500;IO-S3-600;IO-S3-700;IO-S3-800;IO-S3-900;IO-S3-1000;IO-S3-2000
simSeconds;4,122314;7,867538;11,612762;15,357986;19,10321;22,848434;26,703837;30,449061;34,194285;37,939509;75,612107;113,174526;150,847124;188,409543;226,082141;263,64456;301,317158;338,989756;376,552175;727,203558;4,123013;7,868238;11,61346;15,358685;19,103908;22,849134;26,704536;30,449758;34,194983;37,940208;75,612804;113,175224;150,847822;188,41024;226,082838;263,645257;301,317855;376,552873;752,838842;4,129308;7,881523;11,633737;15,385951;19,138166;22,890376;26,752768;30,504972;34,257181;38,009397;75,751798;113,38386;151,126136;188,758233;226,500515;264,132596;301,874865;339,617129;377,249218;754,231204;4,830448;8,575672;12,320896;16,06612;19,811344;23,556568;27,411971;31,157195;34,902419;38,647643;76,320241;113,88266;151,555258;189,117677;226,790275;264,352694;302,025292;339,697891;377,26031;752,908939
simTicks;4,12231E+12;7,86754E+12;1,16128E+13;1,5358E+13;1,91032E+13;2,28484E+13;2,67038E+13;3,04491E+13;3,41943E+13;3,79395E+13;7,56121E+13;1,13175E+14;1,50847E+14;1,8841E+14;2,26082E+14;2,63645E+14;3,01317E+14;3,3899E+14;3,76552E+14;7,27204E+14;4,12301E+12;7,86824E+12;1,16135E+13;1,53587E+13;1,91039E+13;2,28491E+13;2,67045E+13;3,04498E+13;3,4195E+13;3,79402E+13;7,56128E+13;1,13175E+14;1,50848E+14;1,8841E+14;2,26083E+14;2,63645E+14;3,01318E+14;3,76553E+14;7,52839E+14;4,12931E+12;7,88152E+12;1,16337E+13;1,5386E+13;1,91382E+13;2,28904E+13;2,67528E+13;3,0505E+13;3,42572E+13;3,80094E+13;7,57518E+13;1,13384E+14;1,51126E+14;1,88758E+14;2,26501E+14;2,64133E+14;3,01875E+14;3,39617E+14;3,77249E+14;7,54231E+14;4,83045E+12;8,57567E+12;1,23209E+13;1,60661E+13;1,98113E+13;2,35566E+13;2,7412E+13;3,11572E+13;3,49024E+13;3,86476E+13;7,63202E+13;1,13883E+14;1,51555E+14;1,89118E+14;2,2679E+14;2,64353E+14;3,02025E+14;3,39698E+14;3,7726E+14;7,52909E+14
finalTick;4,12231E+12;7,86754E+12;1,16128E+13;1,5358E+13;1,91032E+13;2,28484E+13;2,67038E+13;3,04491E+13;3,41943E+13;3,79395E+13;7,56121E+13;1,13175E+14;1,50847E+14;1,8841E+14;2,26082E+14;2,63645E+14;3,01317E+14;3,3899E+14;3,76552E+14;7,27204E+14;4,12301E+12;7,86824E+12;1,16135E+13;1,53587E+13;1,91039E+13;2,28491E+13;2,67045E+13;3,04498E+13;3,4195E+13;3,79402E+13;7,56128E+13;1,13175E+14;1,50848E+14;1,8841E+14;2,26083E+14;2,63645E+14;3,01318E+14;3,76553E+14;7,52839E+14;4,12931E+12;7,88152E+12;1,16337E+13;1,5386E+13;1,91382E+13;2,28904E+13;2,67528E+13;3,0505E+13;3,42572E+13;3,80094E+13;7,57518E+13;1,13384E+14;1,51126E+14;1,88758E+14;2,26501E+14;2,64133E+14;3,01875E+14;3,39617E+14;3,77249E+14;7,54231E+14;4,83045E+12;8,57567E+12;1,23209E+13;1,60661E+13;1,98113E+13;2,35566E+13;2,7412E+13;3,11572E+13;3,49024E+13;3,86476E+13;7,63202E+13;1,13883E+14;1,51555E+14;1,89118E+14;2,2679E+14;2,64353E+14;3,02025E+14;3,39698E+14;3,7726E+14;7,52909E+14
simFreq;1E+12;1E+12;1E+12;1E+12;1E+12;1E+12;1E+12;1E+12;1E+12;1E+12;1E+12;1E+12;1E+12;1E+12;1E+12;1E+12;1E+12;1E+12;1E+12;1E+12;1E+12;1E+12;1E+12;1E+12;1E+12;1E+12;1E+12;1E+12;1E+12;1E+12;1E+12;1E+12;1E+12;1E+12;1E+12;1E+12;1E+12;1E+12;1E+12;1E+12;1E+12;1E+12;1E+12;1E+12;1E+12;1E+12;1E+12;1E+12;1E+12;1E+12;1E+12;1E+12;1E+12;1E+12;1E+12;1E+12;1E+12;1E+12;1E+12;1E+12;1E+12;1E+12;1E+12;1E+12;1E+12;1E+12;1E+12;1E+12;1E+12;1E+12;1E+12;1E+12;1E+12;1E+12;1E+12;1E+12;1E+12;1E+12;1E+12
hostSeconds;1482,54;2872,99;4159,43;5504,3;7005,27;8182,37;9559,51;10933,74;12280,83;13881,37;28057,33;40632,53;54035,55;67814,4;81582,38;94656,34;108605,78;121901,29;135252,8;260749,76;1505,73;2845,18;4313,23;5666,23;6844,71;8190,14;9587,04;10935,98;12282,72;13658,58;27169,45;40562,79;54219,83;67462,54;81282,27;94962,46;108036,54;135663,94;272495,52;1480,91;2828,64;4177,7;5526,59;6868,69;8229,31;9621;10978,41;12298,67;13801,65;27554,02;40855,58;54182,22;67634,92;81160,63;94913,97;108393,08;122021,2;135360,84;271135,06;2157,8;3449,51;4855,71;6359,15;7592,32;8912,18;10300,48;11654,34;13028,38;14454,67;28265,38;41516,11;55262,11;69073,36;82889,67;96388,8;109542,93;122418,62;135830,44;270864,11
hostTickRate;2780580183;2738445134;2791911243;2790177433;2726977402;2792397676;2793430284;2784872081;2784363439;2733123875;2694914099;2785318520;2791627629;2778311566;2771212828;2785281435;2774411765;2780854489;2784061934;2788894491;2738212609;2765461689;2692523169;2710567356;2791045933;2789835528;2785484322;2784365686;2783991993;2777756448;2783008342;2790123915;2782152371;2792812619;2781453230;2776310395;2789036575;2775629861;2762756768;2788366112;2786330706;2784725424;2783986922;2786290095;2781566290;2780662908;2778633886;2785438304;2753975441;2749209949;2775235693;2789220275;2790840037;2790768386;2782863137;2785001180;2783263354;2786989331;2781754646;2238597659;2486054288;2537406034;2526457784;2609393637;2643188328;2661231906;2673441909;2678952909;2673713877;2700131079;2743095964;2742480391;2737924876;2736049794;2742566398;2757141000;2774887435;2777435603;2779655616
hostMemory;688784;688780;688784;688784;688784;688780;688784;688784;688784;688784;688780;688784;688784;688784;688780;688780;688780;688784;688780;688780;688788;688792;688792;688788;688792;688788;688788;688792;688788;688792;688788;688792;688792;688792;688792;688788;688788;688788;689812;688792;688792;688792;688792;688792;688788;688788;688788;688792;688788;688792;688788;688792;688792;688788;688788;688788;688788;688788;689812;688788;688792;688792;688792;688788;688792;688788;688788;688788;688792;688788;688788;688792;688788;688788;688788;688788;688792;688792;681476
simInsts;4202216481;8028410088;11854603773;15680797423;19506991004;23333184676;27269262692;31095456360;34921650028;38747843697;77229549164;1,15601E+11;1,54083E+11;1,92455E+11;2,30937E+11;2,69308E+11;3,0779E+11;3,46272E+11;3,84644E+11;7,41667E+11;4202834517;8029029233;11855220878;15681415903;19507608819;23333804218;27269880862;31096073242;34922267443;38748461776;77230165524;1,15602E+11;1,54084E+11;1,92456E+11;2,30937E+11;2,69309E+11;3,07791E+11;3,84644E+11;7,69023E+11;4208402553;8040778921;11873154475;15705530652;19537907231;23370278555;27312538148;31144904435;34977275507;38809653351;77353087618;1,15786E+11;1,5433E+11;1,92763E+11;2,31307E+11;2,6974E+11;3,08283E+11;3,46827E+11;3,8526E+11;7,70254E+11;4828784748;8654978355;12481172040;16307365690;20133559271;23959752943;27895830959;31722024627;35548218295;39374411964;77856117431;1,16228E+11;1,5471E+11;1,93081E+11;2,31563E+11;2,69935E+11;3,08417E+11;3,46898E+11;3,8527E+11;7,69085E+11
simOps;6002369992;11399072894;16795775957;22192478948;27589181799;32985884838;38547606338;43944309364;49341012390;54737715408;1,09035E+11;1,63167E+11;2,17464E+11;2,71596E+11;3,25893E+11;3,80025E+11;4,34322E+11;4,88619E+11;5,42751E+11;1,04779E+12;6003549025;11400253900;16796953331;22193658769;27590360435;32987066561;38548785605;43945486347;49342190318;54738894524;1,09036E+11;1,63168E+11;2,17465E+11;2,71597E+11;3,25894E+11;3,80026E+11;4,34323E+11;5,42752E+11;1,08506E+12;6014170406;11422667866;16831163880;22239661008;27648158829;33056647330;38630161279;44038640804;49447128870;54855628968;1,0927E+11;1,6352E+11;2,17935E+11;2,72184E+11;3,26599E+11;3,80849E+11;4,35263E+11;4,89678E+11;5,43927E+11;1,08741E+12;7196590670;12593293572;17989996635;23386699626;28783402477;34180105516;39741827016;45138530042;50535233068;55931936086;1,10229E+11;1,64361E+11;2,18658E+11;2,7279E+11;3,27087E+11;3,81219E+11;4,35516E+11;4,89813E+11;5,43945E+11;1,08518E+12
hostInstRate;2834476;2794440;2850054;2848825;2784617;2851641;2852578;2843991;2843591;2791355;2752562;2845045;2851513;2837965;2830717;2845117;2834012;2840592;2843887;2844363;2791224;2821975;2748574;2767524;2850026;2849013;2844454;2843466;2843204;2836932;2842537;2849951;2841833;2852776;2841176;2835953;2848950;2835273;2822147;2841775;2842632;2842034;2841813;2844488;2839883;2838845;2836924;2843989;2811958;2807324;2834044;2848348;2850055;2849985;2841942;2844124;2842348;2846171;2840849;2237827;2509045;2570414;2564394;2651833;2688428;2708206;2721907;2728522;2723993;2754469;2799587;2799561;2795310;2793631;2800481;2815487;2833706;2836406;2839374
hostOpRate;4048714;3967663;4037998;4031841;3938347;4031336;4032381;4019148;4017727;3943250;3886142;4015670;4024460;4004989;3994649;4014787;3999070;4008318;4012865;4018371;3987131;4006865;3894290;3916833;4030901;4027658;4020929;4018433;4017205;4007656;4013183;4022603;4010804;4025895;4009413;4001858;4020152;4000713;3981953;4061142;4038221;4028815;4024121;4025244;4016940;4015190;4011387;4020527;3974571;3965681;4002392;4022255;4024317;4024106;4012566;4015600;4013056;4018352;4010598;3335150;3650747;3704919;3677646;3791122;3835213;3858249;3873110;3878857;3869473;3899788;3958971;3956746;3949282;3946055;3955016;3975760;4001135;4004592;4006372
system.clk_domain.clock;1000;1000;1000;1000;1000;1000;1000;1000;1000;1000;1000;1000;1000;1000;1000;1000;1000;1000;1000;1000;1000;1000;1000;1000;1000;1000;1000;1000;1000;1000;1000;1000;1000;1000;1000;1000;1000;1000;1000;1000;1000;1000;1000;1000;1000;1000;1000;1000;1000;1000;1000;1000;1000;1000;1000;1000;1000;1000;1000;1000;1000;1000;1000;1000;1000;1000;1000;1000;1000;1000;1000;1000;1000;1000;1000;1000;1000;1000;1000
system.cpu.numCycles;8244627911;15735075781;23225523852;30715971830;38206419656;45696867700;53407673642;60898121666;68388569690;75879017694;1,51224E+11;2,26349E+11;3,01694E+11;3,76819E+11;4,52164E+11;5,27289E+11;6,02634E+11;6,7798E+11;7,53104E+11;1,45441E+12;8246025563;15736475794;23226919537;30717370438;38207816859;45698268498;53409071604;60899516844;68389966021;75880415401;1,51226E+11;2,2635E+11;3,01696E+11;3,7682E+11;4,52166E+11;5,27291E+11;6,02636E+11;7,53106E+11;1,50568E+12;8258616630;15763045977;23267473711;30771902722;38276332556;45780751210;53505536095;61009944064;68514362062;76018794573;1,51504E+11;2,26768E+11;3,02252E+11;3,77516E+11;4,53001E+11;5,28265E+11;6,0375E+11;6,79234E+11;7,54498E+11;1,50846E+12;9660896825;17151344695;24641792766;32132240744;39622688570;47113136614;54823942556;62314390580;69804838604;77295286608;1,5264E+11;2,27765E+11;3,03111E+11;3,78235E+11;4,53581E+11;5,28705E+11;6,04051E+11;6,79396E+11;7,54521E+11;1,50582E+12
system.cpu.numWorkItemsStarted;0;0;0;0;0;0;0;0;0;0;0;0;0;0;0;0;0;0;0;0;0;0;0;0;0;0;0;0;0;0;0;0;0;0;0;0;0;0;0;0;0;0;0;0;0;0;0;0;0;0;0;0;0;0;0;0;0;0;0;0;0;0;0;0;0;0;0;0;0;0;0;0;0;0;0;0;0;0;0
system.cpu.numWorkItemsCompleted;0;0;0;0;0;0;0;0;0;0;0;0;0;0;0;0;0;0;0;0;0;0;0;0;0;0;0;0;0;0;0;0;0;0;0;0;0;0;0;0;0;0;0;0;0;0;0;0;0;0;0;0;0;0;0;0;0;0;0;0;0;0;0;0;0;0;0;0;0;0;0;0;0;0;0;0;0;0;0
system.cpu.exec_context.thread_0.numInsts;4202216481;8028410088;11854603773;15680797423;19506991004;23333184676;27269262692;31095456360;34921650028;38747843697;77229549164;1,15601E+11;1,54083E+11;1,92455E+11;2,30937E+11;2,69308E+11;3,0779E+11;3,46272E+11;3,84644E+11;7,41667E+11;4202834517;8029029233;11855220878;15681415903;19507608819;23333804218;27269880862;31096073242;34922267443;38748461776;77230165524;1,15602E+11;1,54084E+11;1,92456E+11;2,30937E+11;2,69309E+11;3,07791E+11;3,84644E+11;7,69023E+11;4208402553;8040778921;11873154475;15705530652;19537907231;23370278555;27312538148;31144904435;34977275507;38809653351;77353087618;1,15786E+11;1,5433E+11;1,92763E+11;2,31307E+11;2,6974E+11;3,08283E+11;3,46827E+11;3,8526E+11;7,70254E+11;4828784748;8654978355;12481172040;16307365690;20133559271;23959752943;27895830959;31722024627;35548218295;39374411964;77856117431;1,16228E+11;1,5471E+11;1,93081E+11;2,31563E+11;2,69935E+11;3,08417E+11;3,46898E+11;3,8527E+11;7,69085E+11
system.cpu.exec_context.thread_0.numOps;6002369992;11399072894;16795775957;22192478948;27589181799;32985884838;38547606338;43944309364;49341012390;54737715408;1,09035E+11;1,63167E+11;2,17464E+11;2,71596E+11;3,25893E+11;3,80025E+11;4,34322E+11;4,88619E+11;5,42751E+11;1,04779E+12;6003549025;11400253900;16796953331;22193658769;27590360435;32987066561;38548785605;43945486347;49342190318;54738894524;1,09036E+11;1,63168E+11;2,17465E+11;2,71597E+11;3,25894E+11;3,80026E+11;4,34323E+11;5,42752E+11;1,08506E+12;6014170406;11422667866;16831163880;22239661008;27648158829;33056647330;38630161279;44038640804;49447128870;54855628968;1,0927E+11;1,6352E+11;2,17935E+11;2,72184E+11;3,26599E+11;3,80849E+11;4,35263E+11;4,89678E+11;5,43927E+11;1,08741E+12;7196590670;12593293572;17989996635;23386699626;28783402477;34180105516;39741827016;45138530042;50535233068;55931936086;1,10229E+11;1,64361E+11;2,18658E+11;2,7279E+11;3,27087E+11;3,81219E+11;4,35516E+11;4,89813E+11;5,43945E+11;1,08518E+12
system.cpu.exec_context.thread_0.numIntAluAccesses;2289075506;4162391468;6035707591;7909023640;9782339551;11655655650;13601628600;15474944686;17348260772;19221576850;38100051604;56905869061;75784343620;94590161169;1,13469E+11;1,32274E+11;1,51153E+11;1,70031E+11;1,88837E+11;3,68656E+11;2290204608;4163522498;6036835069;7910153510;9783468261;11656787392;13602757926;15476071788;17349388794;19222706040;38101177814;56906996822;75785471304;94591287920;1,1347E+11;1,32276E+11;1,51154E+11;1,88838E+11;3,77334E+11;2300376365;4184987500;6069597209;7954208010;9838819491;11723421872;13680687936;15565281536;17449883512;19334497225;38325752167;57244109057;76235183006;95153600448;1,14145E+11;1,33063E+11;1,52054E+11;1,71045E+11;1,89964E+11;3,79584E+11;3432944248;5306260210;7179576333;9052892382;10926208293;12799524392;14745497342;16618813428;18492129514;20365445592;39243920346;58049737803;76928212362;95734029911;1,14613E+11;1,33418E+11;1,52297E+11;1,71175E+11;1,89981E+11;3,77447E+11
system.cpu.exec_context.thread_0.numFpAluAccesses;5406794371;10481909331;15557024291;20632139251;25707254211;30782369171;35997857947;41072972907;46148087867;51223202827;1,02255E+11;1,53147E+11;2,04179E+11;2,5507E+11;3,06102E+11;3,56993E+11;4,08025E+11;4,59057E+11;5,09949E+11;9,82638E+11;5406834549;10481949509;15557064469;20632179429;25707294389;30782409349;35997898125;41073013085;46148128045;51223243005;1,02255E+11;1,53147E+11;2,04179E+11;2,5507E+11;3,06102E+11;3,56994E+11;4,08025E+11;5,09949E+11;1,01971E+12;5407196151;10482712891;15558229631;20633746371;25709263111;30784779851;36000670407;41076187147;46151703887;51227220627;1,02263E+11;1,53159E+11;2,04195E+11;2,5509E+11;3,06126E+11;3,57022E+11;4,08058E+11;4,59093E+11;5,09989E+11;1,01979E+12;5446972371;10522087331;15597202291;20672317251;25747432211;30822547171;36038035947;41113150907;46188265867;51263380827;1,02295E+11;1,53187E+11;2,04219E+11;2,5511E+11;3,06142E+11;3,57034E+11;4,08066E+11;4,59097E+11;5,09989E+11;1,01971E+12
system.cpu.exec_context.thread_0.numVecAluAccesses;0;0;0;0;0;0;0;0;0;0;0;0;0;0;0;0;0;0;0;0;0;0;0;0;0;0;0;0;0;0;0;0;0;0;0;0;0;0;0;0;0;0;0;0;0;0;0;0;0;0;0;0;0;0;0;0;0;0;0;0;0;0;0;0;0;0;0;0;0;0;0;0;0;0;0;0;0;0;0
system.cpu.exec_context.thread_0.numCallsReturns;5258182;5258242;5258302;5258362;5258422;5258482;5259112;5259172;5259232;5259292;5261032;5262202;5263942;5265112;5266852;5268022;5269762;5271502;5272672;5283856;5278404;5278518;5278482;5278608;5278638;5278764;5279346;5279334;5279424;5279508;5281170;5282334;5284080;5285220;5286960;5288106;5289870;5292816;5325328;5460688;5663050;5865388;6067750;6270130;6472246;6675118;6877000;7079080;7281514;9301594;11310670;13321270;15331264;17342134;19351444;21361750;23371912;25381870;45481922;25984504;25984564;25984624;25984684;25984744;25984804;25985434;25985494;25985554;25985614;25987354;25988524;25990264;25991434;25993174;25994344;25996084;25997824;25998994;7377456
system.cpu.exec_context.thread_0.numCondCtrlInsts;62216692;96432308;130647950;164863578;199079189;233294828;270914932;305130568;339346204;373561835;722527146;1068087928;1417053215;1762614012;2111579292;2457140093;2806105395;3155070700;3500631503;6897567636;62299870;96515614;130731016;164946804;199162335;233378198;270998118;305213618;339429310;373645029;722610140;1068171081;1417136363;1762697095;2111662366;2457223106;2806188465;3500714681;6976821210;63049112;98096827;133144437;168192123;203239850;238286993;276739061;311785605;346832749;381880641;739155516;1093014755;1450283384;1804147534;2161416948;2515279363;2872547163;3229814256;3583677289;7142712009;146288122;180503738;214719380;248935008;283150619;317366258;354986362;389201998;423417634;457633265;806598576;1152159358;1501124645;1846685442;2195650722;2541211523;2890176825;3239142130;3584702933;6985144523
system.cpu.exec_context.thread_0.numIntInsts;2289075506;4162391468;6035707591;7909023640;9782339551;11655655650;13601628600;15474944686;17348260772;19221576850;38100051604;56905869061;75784343620;94590161169;1,13469E+11;1,32274E+11;1,51153E+11;1,70031E+11;1,88837E+11;3,68656E+11;2290204608;4163522498;6036835069;7910153510;9783468261;11656787392;13602757926;15476071788;17349388794;19222706040;38101177814;56906996822;75785471304;94591287920;1,1347E+11;1,32276E+11;1,51154E+11;1,88838E+11;3,77334E+11;2300376365;4184987500;6069597209;7954208010;9838819491;11723421872;13680687936;15565281536;17449883512;19334497225;38325752167;57244109057;76235183006;95153600448;1,14145E+11;1,33063E+11;1,52054E+11;1,71045E+11;1,89964E+11;3,79584E+11;3432944248;5306260210;7179576333;9052892382;10926208293;12799524392;14745497342;16618813428;18492129514;20365445592;39243920346;58049737803;76928212362;95734029911;1,14613E+11;1,33418E+11;1,52297E+11;1,71175E+11;1,89981E+11;3,77447E+11
system.cpu.exec_context.thread_0.numFpInsts;5406794371;10481909331;15557024291;20632139251;25707254211;30782369171;35997857947;41072972907;46148087867;51223202827;1,02255E+11;1,53147E+11;2,04179E+11;2,5507E+11;3,06102E+11;3,56993E+11;4,08025E+11;4,59057E+11;5,09949E+11;9,82638E+11;5406834549;10481949509;15557064469;20632179429;25707294389;30782409349;35997898125;41073013085;46148128045;51223243005;1,02255E+11;1,53147E+11;2,04179E+11;2,5507E+11;3,06102E+11;3,56994E+11;4,08025E+11;5,09949E+11;1,01971E+12;5407196151;10482712891;15558229631;20633746371;25709263111;30784779851;36000670407;41076187147;46151703887;51227220627;1,02263E+11;1,53159E+11;2,04195E+11;2,5509E+11;3,06126E+11;3,57022E+11;4,08058E+11;4,59093E+11;5,09989E+11;1,01979E+12;5446972371;10522087331;15597202291;20672317251;25747432211;30822547171;36038035947;41113150907;46188265867;51263380827;1,02295E+11;1,53187E+11;2,04219E+11;2,5511E+11;3,06142E+11;3,57034E+11;4,08066E+11;4,59097E+11;5,09989E+11;1,01971E+12
system.cpu.exec_context.thread_0.numVecInsts;0;0;0;0;0;0;0;0;0;0;0;0;0;0;0;0;0;0;0;0;0;0;0;0;0;0;0;0;0;0;0;0;0;0;0;0;0;0;0;0;0;0;0;0;0;0;0;0;0;0;0;0;0;0;0;0;0;0;0;0;0;0;0;0;0;0;0;0;0;0;0;0;0;0;0;0;0;0;0
system.cpu.exec_context.thread_0.numIntRegReads;2238546698;4028122221;5817697899;7607273539;9396849015;11186424666;13047865070;14837440717;16627016364;18416592036;36456078214;54423699238;72463185168;90430806206;1,0847E+11;1,26438E+11;1,44477E+11;1,62517E+11;1,80485E+11;3,51799E+11;2240050730;4029628774;5819199796;7608778567;9398352518;11187932196;13049369376;14838942147;16628518983;18418096211;36457578436;54425201680;72464687396;90432307294;1,08472E+11;1,26439E+11;1,44479E+11;1,80486E+11;3,60595E+11;2253599805;4058221136;5862840489;7667461338;9472083128;11276692961;13153176498;14957774824;16762384223;18567008893;36756727457;54874274335;73063766613;91181395542;1,09371E+11;1,27488E+11;1,45678E+11;1,63867E+11;1,81985E+11;3,63593E+11;3761395908;5550971431;7340547109;9130122749;10919698225;12709273876;14570714280;16360289927;18149865574;19939441246;37978927424;55946548448;73986034378;91953655416;1,09993E+11;1,27961E+11;1,46E+11;1,6404E+11;1,82007E+11;3,60746E+11
system.cpu.exec_context.thread_0.numIntRegWrites;437148064;685320194;933492433;1181664639;1429836735;1678008957;1943212304;2191384518;2439556732;2687728947;5203513477;7702266608;10218050972;12716804117;15232588515;17731341727;20247126266;22762910777;25261664015;49972720514;437969862;686143372;934313055;1182486977;1430658233;1678832699;1944034240;2192204900;2440377756;2688550841;5204333210;7703087649;10218871911;12717624415;15233408685;17732161282;20247946403;25262485302;50353190987;445372974;701766117;958158155;1214551025;1470944393;1727331254;2000754151;2257134683;2513521353;2769916328;5367787547;7948468755;10546226888;13126954483;15724720804;18305429209;20903178661;23500921643;26081638227;51991071238;1269122310;1517294440;1765466679;2013638885;2261810981;2509983203;2775186550;3023358764;3271530978;3519703193;6035487723;8534240854;11050025218;13548778363;16064562761;18563315973;21079100512;23594885023;26093638261;50435540198
system.cpu.exec_context.thread_0.numFpRegReads;8583809381;16720725821;24857642261;32994558701;41131475141;49268391581;57603286644;65740203084;73877119524;82014035964;1,63779E+11;2,45346E+11;3,27111E+11;4,08679E+11;4,90444E+11;5,72011E+11;6,53776E+11;7,35541E+11;8,17108E+11;1,5612E+12;8583879969;16720796409;24857712849;32994629289;41131545729;49268462169;57603357232;65740273672;73877190112;82014106552;1,63779E+11;2,45346E+11;3,27111E+11;4,08679E+11;4,90444E+11;5,72011E+11;6,53776E+11;8,17108E+11;1,63397E+12;8584515261;16722137581;24859759901;32997382221;41135004541;49272626861;57608227804;65745850124;73883472444;82021094764;1,63793E+11;2,45367E+11;3,2714E+11;4,08714E+11;4,90486E+11;5,7206E+11;6,53832E+11;7,35605E+11;8,17179E+11;1,63411E+12;8654397381;16791313821;24928230261;33065146701;41202063141;49338979581;57673874644;65810791084;73947707524;82084623964;1,6385E+11;2,45417E+11;3,27182E+11;4,08749E+11;4,90514E+11;5,72081E+11;6,53847E+11;7,35612E+11;8,17179E+11;1,63397E+12
system.cpu.exec_context.thread_0.numFpRegWrites;4762939810;9266530770;13770121730;18273712690;22777303650;27280894610;31914156172;36417747132;40921338092;45424929052;90720179856;1,35886E+11;1,81181E+11;2,26347E+11;2,71642E+11;3,16807E+11;3,62103E+11;4,07398E+11;4,52564E+11;8,70505E+11;4762975116;9266566076;13770157036;18273747996;22777338956;27280929916;31914191478;36417782438;40921373398;45424964358;90720215162;1,35886E+11;1,81181E+11;2,26347E+11;2,71642E+11;3,16807E+11;3,62103E+11;4,52564E+11;9,04997E+11;4763292870;9267236890;13771180910;18275124930;22779068950;27283012970;31916627592;36420571612;40924515632;45428459652;90727241056;1,35896E+11;1,81195E+11;2,26364E+11;2,71663E+11;3,16832E+11;3,62131E+11;4,0743E+11;4,52599E+11;9,05068E+11;4798245810;9301836770;13805427730;18309018690;22812609650;27316200610;31949462172;36453053132;40956644092;45460235052;90755485856;1,35921E+11;1,81216E+11;2,26382E+11;2,71677E+11;3,16843E+11;3,62138E+11;4,07433E+11;4,52599E+11;9,05001E+11
system.cpu.exec_context.thread_0.numVecRegReads;0;0;0;0;0;0;0;0;0;0;0;0;0;0;0;0;0;0;0;0;0;0;0;0;0;0;0;0;0;0;0;0;0;0;0;0;0;0;0;0;0;0;0;0;0;0;0;0;0;0;0;0;0;0;0;0;0;0;0;0;0;0;0;0;0;0;0;0;0;0;0;0;0;0;0;0;0;0;0
system.cpu.exec_context.thread_0.numVecRegWrites;0;0;0;0;0;0;0;0;0;0;0;0;0;0;0;0;0;0;0;0;0;0;0;0;0;0;0;0;0;0;0;0;0;0;0;0;0;0;0;0;0;0;0;0;0;0;0;0;0;0;0;0;0;0;0;0;0;0;0;0;0;0;0;0;0;0;0;0;0;0;0;0;0;0;0;0;0;0;0
system.cpu.exec_context.thread_0.numVecPredRegReads;0;0;0;0;0;0;0;0;0;0;0;0;0;0;0;0;0;0;0;0;0;0;0;0;0;0;0;0;0;0;0;0;0;0;0;0;0;0;0;0;0;0;0;0;0;0;0;0;0;0;0;0;0;0;0;0;0;0;0;0;0;0;0;0;0;0;0;0;0;0;0;0;0;0;0;0;0;0;0
system.cpu.exec_context.thread_0.numVecPredRegWrites;0;0;0;0;0;0;0;0;0;0;0;0;0;0;0;0;0;0;0;0;0;0;0;0;0;0;0;0;0;0;0;0;0;0;0;0;0;0;0;0;0;0;0;0;0;0;0;0;0;0;0;0;0;0;0;0;0;0;0;0;0;0;0;0;0;0;0;0;0;0;0;0;0;0;0;0;0;0;0
system.cpu.exec_context.thread_0.numCCRegReads;343239589;535633284;728027118;920420877;1112814539;1305208357;1516729758;1709123561;1901517364;2093911137;4056104442;5999169808;7961362980;9904428436;11866621568;13809687042;15771880297;17734073567;19677139051;38728403080;343860877;536255384;728647706;921042477;1113435639;1305830821;1517351114;1709744025;1902138196;2094532501;4056724548;5999790778;7961983930;9905048972;11867242052;13810307144;15772500759;19677760181;39223636258;349456601;548065134;746673038;945281409;1143890039;1342494931;1560230308;1758831439;1957436266;2156045911;4180315342;6185374674;8209590572;10214678780;12238899534;14243976790;16268187535;18292394115;20297476027;40462957744;970444214;1162837909;1355231743;1547625502;1740019164;1932412982;2143934383;2336328186;2528721989;2721115762;4683309067;6626374433;8588567605;10531633061;12493826193;14436891667;16399084922;18361278192;20304343676;39285728742
system.cpu.exec_context.thread_0.numCCRegWrites;222732472;344963776;467195144;589426479;711657759;833889113;968134214;1090365570;1212596926;1334828280;2581169388;3815496548;5061837580;6296164807;7542505814;8776833047;10023174128;11269515209;12503842458;24401181640;223080508;345312357;467542697;589774715;712005650;834237991;968482274;1090713068;1212944655;1335176399;2581516623;3815844564;5062185509;6296512506;7542853439;8777180429;10023521734;12504190560;24919986978;226215475;351928489;477640979;603353823;729066879;854777410;992503656;1118211631;1243922225;1369635962;2650744719;3919796399;5200883848;6469958055;7751048926;9020115208;10301198965;11582279680;12851347673;25614123779;574294009;696525313;818756681;940988016;1063219296;1185450650;1319695751;1441927107;1564158463;1686389817;2932730925;4167058085;5413399117;6647726344;7894067351;9128394584;10374735665;11621076746;12855403995;24954782547
system.cpu.exec_context.thread_0.numMiscRegReads;1982096794;3705881270;5429665826;7153450342;8877234802;10601019348;12382536279;14106320817;15830105355;17553889875;34907200105;52202777744;69556087897;86851665583;1,04205E+11;1,21501E+11;1,38854E+11;1,56207E+11;1,73503E+11;3,38762E+11;1982591991;3706377386;5430160274;7153945923;8877729848;10601515703;12383031624;14106815032;15830600039;17554385053;34907693909;52203271926;69556582117;86852159318;1,04205E+11;1,21501E+11;1,38854E+11;1,73503E+11;3,46806E+11;1987053644;3715791937;5444529699;7173267918;8902006432;10630740577;12417210325;14145940366;15874674136;17603413672;35006181383;52351075893;69753726329;87098644044;1,04501E+11;1,21846E+11;1,39249E+11;1,56651E+11;1,73996E+11;3,47792E+11;2485031406;4208815882;5932600438;7656384954;9380169414;11103953960;12885470891;14609255429;16333039967;18056824487;35410134717;52705712356;70059022509;87354600195;1,04708E+11;1,22003E+11;1,39357E+11;1,5671E+11;1,74006E+11;3,46856E+11
system.cpu.exec_context.thread_0.numMiscRegWrites;18;18;18;18;18;18;18;18;18;18;18;18;18;18;18;18;18;18;18;18;18;18;18;18;18;18;18;18;18;18;18;18;18;18;18;18;18;18;18;18;18;18;18;18;18;18;18;18;18;18;18;18;18;18;18;18;18;18;18;18;18;18;18;18;18;18;18;18;18;18;18;18;18;18;18;18;18;18;18
system.cpu.exec_context.thread_0.numMemRefs;1750476109;3315004313;4879532545;6444060767;8008588967;9573117195;11186963969;12751492195;14316020421;15880548639;31624468027;47319068799;63062988156;78757588937;94501508288;1,10196E+11;1,2594E+11;1,41684E+11;1,57379E+11;3,06706E+11;1750720871;3315249550;4879776922;6444305729;8008833654;9573362547;11187208811;12751736447;14316264918;15880793386;31624712066;47319313004;63063232383;78757832913;94501752249;1,10196E+11;1,2594E+11;1,57379E+11;3,14621E+11;1752926260;3319903017;4886879499;6453856222;8020833102;9587807705;11204102514;12771075005;14338049401;15905026793;31673390052;47392359641;63160659463;78879640569;94647942950;1,10367E+11;1,26135E+11;1,41904E+11;1,57622E+11;3,15108E+11;1999287621;3563815825;5128344057;6692872279;8257400479;9821928707;11435775481;13000303707;14564831933;16129360151;31873279539;47567880311;63311799668;79006400449;94750319800;1,10445E+11;1,26189E+11;1,41933E+11;1,57627E+11;3,14646E+11
system.cpu.exec_context.thread_0.numLoadInsts;1092306173;2085310329;3078314510;4071318680;5064322834;6057327013;7088944408;8081948583;9074952758;10067956924;20075225138;30043880078;40051148271;50019803219;60027071404;69995726359;80002994563;90010262775;99978917727;1,943E+11;1092451331;2085455768;3078459437;4071463954;5064467943;6057472533;7089089608;8082093443;9075097759;10068102081;20075369874;30044024956;40051293161;50019947959;60027216135;69995870961;80003139290;99979062664;1,99897E+11;1093759233;2088215547;3082671687;4077127974;5071584354;6066039399;7099108647;8093562429;9088017372;10082474062;20104239170;30087350334;40109082339;50092201008;60113934562;70097049561;80118779900;90140509129;1,00124E+11;2,00186E+11;1239789184;2232793340;3225797521;4218801691;5211805845;6204810024;7236427419;8229431594;9222435769;10215439935;20222708149;30191363089;40198631282;50167286230;60174554415;70143209370;80150477574;90157745786;1,00126E+11;1,99912E+11
system.cpu.exec_context.thread_0.numStoreInsts;658169936;1229693984;1801218035;2372742087;2944266133;3515790182;4098019561;4669543612;5241067663;5812591715;11549242889;17275188721;23011839885;28737785718;34474436884;40200382721;45937033897;51673685073;57399630910;1,12405E+11;658269540;1229793782;1801317485;2372841775;2944365711;3515890014;4098119203;4669643004;5241167159;5812691305;11549342192;17275288048;23011939222;28737884954;34474536114;40200481866;45937133126;57399730277;1,14724E+11;659167027;1231687470;1804207812;2376728248;2949248748;3521768306;4104993867;4677512576;5250032029;5822552731;11569150882;17305009307;23051577124;28787439561;34534008388;40269868286;46016435013;51763001150;57498863089;1,14922E+11;759498437;1331022485;1902546536;2474070588;3045594634;3617118683;4199348062;4770872113;5342396164;5913920216;11650571390;17376517222;23113168386;28839114219;34575765385;40301711222;46038362398;51775013574;57500959411;1,14734E+11
system.cpu.exec_context.thread_0.numIdleCycles;0,002;0,002;0,002001;0,001998;0,002002;0,001999;0,001998;0,002001;0,001997;0,001997;0,001998;0,00201;0,00201;0,002008;0,002008;0,00199;0,002007;0,002032;0,002007;0,001938;0,002;0,002;0,002001;0,001998;0,001998;0,001999;0,001998;0,002001;0,001997;0,001997;0,001998;0,00201;0,00201;0,002008;0,002008;0,00199;0,002007;0,002007;0,002006;0,002;0,002;0,001999;0,001999;0,002002;0,001997;0,002002;0,001998;0,002001;0,002;0,002002;0,001989;0,002013;0,002012;0,002012;0,001994;0,002011;0,002036;0,00201;0,00201;0,002;0,001999;0,002;0,002001;0,002002;0,001998;0,002003;0,001999;0,001999;0,001999;0,002;0,001998;0,001985;0,002016;0,002014;0,001996;0,002012;0,002037;0,00201;0,002006
system.cpu.exec_context.thread_0.numBusyCycles;8244627911;15735075781;23225523852;30715971830;38206419656;45696867700;53407673642;60898121666;68388569690;75879017694;1,51224E+11;2,26349E+11;3,01694E+11;3,76819E+11;4,52164E+11;5,27289E+11;6,02634E+11;6,7798E+11;7,53104E+11;1,45441E+12;8246025563;15736475794;23226919537;30717370438;38207816859;45698268498;53409071604;60899516844;68389966021;75880415401;1,51226E+11;2,2635E+11;3,01696E+11;3,7682E+11;4,52166E+11;5,27291E+11;6,02636E+11;7,53106E+11;1,50568E+12;8258616630;15763045977;23267473711;30771902722;38276332556;45780751210;53505536095;61009944064;68514362062;76018794573;1,51504E+11;2,26768E+11;3,02252E+11;3,77516E+11;4,53001E+11;5,28265E+11;6,0375E+11;6,79234E+11;7,54498E+11;1,50846E+12;9660896825;17151344695;24641792766;32132240744;39622688570;47113136614;54823942556;62314390580;69804838604;77295286608;1,5264E+11;2,27765E+11;3,03111E+11;3,78235E+11;4,53581E+11;5,28705E+11;6,04051E+11;6,79396E+11;7,54521E+11;1,50582E+12
system.cpu.exec_context.thread_0.notIdleFraction;1;1;1;1;1;1;1;1;1;1;1;1;1;1;1;1;1;1;1;1;1;1;1;1;1;1;1;1;1;1;1;1;1;1;1;1;1;1;1;1;1;1;1;1;1;1;1;1;1;1;1;1;1;1;1;1;1;1;1;1;1;1;1;1;1;1;1;1;1;1;1;1;1;1;1;1;1;1;1
system.cpu.exec_context.thread_0.idleFraction;0;0;0;0;0;0;0;0;0;0;0;0;0;0;0;0;0;0;0;0;0;0;0;0;0;0;0;0;0;0;0;0;0;0;0;0;0;0;0;0;0;0;0;0;0;0;0;0;0;0;0;0;0;0;0;0;0;0;0;0;0;0;0;0;0;0;0;0;0;0;0;0;0;0;0;0;0;0;0
system.cpu.exec_context.thread_0.numBranches;76695944;115896040;155096162;194296270;233496360;272696479;316103603;355303719;394503835;433703946;834119138;1230327259;1630742426;2026950563;2427365723;2823573864;3223989046;3624404231;4020612374;8003021329;76821604;116021922;155221640;194422022;233621982;272822423;316229297;355429143;394629371;433829604;834244463;1230452690;1630867865;2027075885;2427491037;2823699077;3224114357;4020737851;8008163322;77953718;118410871;158867896;199325030;239782232;280238388;324902328;365357488;405813560;446271017;859237264;1267963662;1680902988;2089635227;2502575770;2911305094;3324243113;3737180273;4145911554;8258450186;204200493;243400589;282600711;321800819;361000909;400201028;443608152;482808268;522008384;561208495;961623687;1357831808;1758246975;2154455112;2554870272;2951078413;3351493595;3751908780;4148116923;8020786896
system.cpu.exec_context.thread_0.statExecutedInstType::No_OpClass;5283127;5283177;5283227;5283278;5283328;5283378;5283831;5283881;5283931;5283981;5285287;5286192;5287496;5288398;5289705;5290609;5291918;5293225;5294129;5300055;5301881;5301967;5301953;5302048;5302078;5302172;5302593;5302595;5302665;5302731;5303985;5304886;5306194;5307076;5308383;5309271;5310596;5312831;5331333;5470861;5658509;5846141;6033790;6221450;6408934;6596945;6784273;6971733;7159429;9033595;10900404;12768248;14635666;16503693;18370657;20238310;22105865;23973261;42643123;24373676;24373726;24373776;24373827;24373877;24373927;24374380;24374430;24374480;24374530;24375836;24376741;24378045;24378947;24380254;24381158;24382467;24383774;24384678;7221486
system.cpu.exec_context.thread_0.statExecutedInstType::IntAlu;1320871886;2393126044;3465380335;4537634556;5609888667;6682142938;7787138520;8859392780;9931647040;11003901298;21791926674;32547210352;43335235576;54090519355;64878544544;75633828348;86421853655;97209878975;1,07965E+11;2,07977E+11;1321757132;2394012765;3466264328;4538520382;5610773598;6683030246;7788023920;8860276508;9932531459;11004786637;21792809716;32548094731;43336119870;54091402948;64879428013;75634711155;86422737090;1,07966E+11;2,15716E+11;1329731800;2410841661;3491950379;4573059945;5654170042;6735273205;7849122922;8930219331;10011322259;11092434094;21968884870;32812420895;43688746531;54532331270;65408665538;76252229906;87128546230;98004855747;1,08848E+11;2,17481E+11;2217132906;3289387064;4361641355;5433895576;6506149687;7578403958;8683399540;9755653800;10827908060;11900162318;22688187694;33443471372;44231496596;54986780375;65774805564;76530089368;87318114675;98106139995;1,08861E+11;2,15805E+11
system.cpu.exec_context.thread_0.statExecutedInstType::IntMult;400151;800151;1200151;1600151;2000151;2400151;2800211;3200211;3600211;4000213;8000335;12000396;16000518;20000579;24000701;28000762;32000884;36001006;40001069;2225;401232;801219;1201239;1601224;2001229;2401230;2801284;3201310;3601299;4001303;8001437;12001545;16001654;20001729;24001845;28001913;32002027;40002212;80039075;410866;821670;1232462;1643255;2054049;2464910;2875791;3286698;3697590;4108375;8217504;12332185;16447330;20562503;24677621;28792873;32908043;37023175;41137986;82315215;1267748;1667748;2067748;2467748;2867748;3267748;3667808;4067808;4467808;4867810;8867932;12867993;16868115;20868176;24868298;28868359;32868481;36868603;40868666;80123183
system.cpu.exec_context.thread_0.statExecutedInstType::IntDiv;1823;1823;1823;1830;1830;1830;1914;1914;1914;1914;2082;2180;2334;2411;2586;2677;2866;3041;3132;4574;2222;2222;2222;2229;2229;2229;2313;2313;2313;2313;2481;2579;2733;2810;2985;3076;3265;3531;17671;5813;9803;13793;17790;21780;25770;29844;33834;37824;41814;81882;121880;161934;201911;241986;281977;322066;362141;402132;815272;400823;400823;400823;400830;400830;400830;400914;400914;400914;400914;401082;401180;401334;401411;401586;401677;401866;402041;402132;56745
system.cpu.exec_context.thread_0.statExecutedInstType::FloatAdd;800170908;1546738178;2293305448;3039872718;3786439988;4533007258;5306376116;6052943386;6799510656;7546077926;15065353802;22557828090;30077103966;37569578254;45088854130;52581328418;60100604294;67619880170;75112354458;1,47406E+11;800172504;1546739774;2293307044;3039874314;3786441584;4533008854;5306377712;6052944982;6799512252;7546079522;15065355398;22557829686;30077105562;37569579850;45088855726;52581330014;60100605890;75112356054;1,50198E+11;800186868;1546770098;2293353328;3039936558;3786519788;4533103018;5306487836;6053071066;6799654296;7546237526;15065673002;22558306890;30077742366;37570376254;45089811730;52582445618;60101881094;67621316570;75113950458;1,50201E+11;801766908;1548334178;2294901448;3041468718;3788035988;4534603258;5307972116;6054539386;6801106656;7547673926;15066949802;22559424090;30078699966;37571174254;45090450130;52582924418;60102200294;67621476170;75113950458;1,50198E+11
system.cpu.exec_context.thread_0.statExecutedInstType::FloatCmp;0;0;0;0;0;0;0;0;0;0;0;0;0;0;0;0;0;0;0;0;0;0;0;0;0;0;0;0;0;0;0;0;0;0;0;0;0;0;0;0;0;0;0;0;0;0;0;0;0;0;0;0;0;0;0;0;0;0;0;0;0;0;0;0;0;0;0;0;0;0;0;0;0;0;0;0;0;0;0
system.cpu.exec_context.thread_0.statExecutedInstType::FloatCvt;32;32;32;32;32;32;32;32;32;32;32;32;32;32;32;32;32;32;32;32;32;32;32;32;32;32;32;32;32;32;32;32;32;32;32;32;32;32;32;32;32;32;32;32;32;32;32;32;32;32;32;32;32;32;32;32;32;32;32;32;32;32;32;32;32;32;32;32;32;32;32;32;32;32;32;32;32;32;32
system.cpu.exec_context.thread_0.statExecutedInstType::FloatMult;0;0;0;0;0;0;0;0;0;0;0;0;0;0;0;0;0;0;0;0;0;0;0;0;0;0;0;0;0;0;0;0;0;0;0;0;0;0;0;0;0;0;0;0;0;0;0;0;0;0;0;0;0;0;0;0;0;0;0;0;0;0;0;0;0;0;0;0;0;0;0;0;0;0;0;0;0;0;0
system.cpu.exec_context.thread_0.statExecutedInstType::FloatMultAcc;0;0;0;0;0;0;0;0;0;0;0;0;0;0;0;0;0;0;0;0;0;0;0;0;0;0;0;0;0;0;0;0;0;0;0;0;0;0;0;0;0;0;0;0;0;0;0;0;0;0;0;0;0;0;0;0;0;0;0;0;0;0;0;0;0;0;0;0;0;0;0;0;0;0;0;0;0;0;0
system.cpu.exec_context.thread_0.statExecutedInstType::FloatDiv;0;0;0;0;0;0;0;0;0;0;0;0;0;0;0;0;0;0;0;0;0;0;0;0;0;0;0;0;0;0;0;0;0;0;0;0;0;0;0;0;0;0;0;0;0;0;0;0;0;0;0;0;0;0;0;0;0;0;0;0;0;0;0;0;0;0;0;0;0;0;0;0;0;0;0;0;0;0;0
system.cpu.exec_context.thread_0.statExecutedInstType::FloatMisc;0;0;0;0;0;0;0;0;0;0;0;0;0;0;0;0;0;0;0;0;0;0;0;0;0;0;0;0;0;0;0;0;0;0;0;0;0;0;0;0;0;0;0;0;0;0;0;0;0;0;0;0;0;0;0;0;0;0;0;0;0;0;0;0;0;0;0;0;0;0;0;0;0;0;0;0;0;0;0
system.cpu.exec_context.thread_0.statExecutedInstType::FloatSqrt;0;0;0;0;0;0;0;0;0;0;0;0;0;0;0;0;0;0;0;0;0;0;0;0;0;0;0;0;0;0;0;0;0;0;0;0;0;0;0;0;0;0;0;0;0;0;0;0;0;0;0;0;0;0;0;0;0;0;0;0;0;0;0;0;0;0;0;0;0;0;0;0;0;0;0;0;0;0;0
system.cpu.exec_context.thread_0.statExecutedInstType::SimdAdd;586;586;586;586;586;586;586;586;586;586;586;586;586;586;586;586;586;586;586;586;586;586;586;586;586;586;586;586;586;586;586;586;586;586;586;586;586;586;586;586;586;586;586;586;586;586;586;586;586;586;586;586;586;586;586;586;586;586;586;586;586;586;586;586;586;586;586;586;586;586;586;586;586;586;586;586;586;586;586
system.cpu.exec_context.thread_0.statExecutedInstType::SimdAddAcc;0;0;0;0;0;0;0;0;0;0;0;0;0;0;0;0;0;0;0;0;0;0;0;0;0;0;0;0;0;0;0;0;0;0;0;0;0;0;0;0;0;0;0;0;0;0;0;0;0;0;0;0;0;0;0;0;0;0;0;0;0;0;0;0;0;0;0;0;0;0;0;0;0;0;0;0;0;0;0
system.cpu.exec_context.thread_0.statExecutedInstType::SimdAlu;1001485;2001505;3001525;4001545;5001565;6001585;7001709;8001729;9001749;10001769;20002177;30002481;40002889;50003193;60003601;70003905;80004313;90004721;100005025;73732689;1007899;2007919;3007939;4007959;5007979;6007999;7008123;8008143;9008163;10008183;20008591;30008895;40009303;50009607;60010015;70010319;80010727;100011439;200015075;1065625;2129785;3193945;4258105;5322265;6386425;7450689;8514849;9579009;10643169;21284977;31926681;42568489;53210193;63852001;74493705;85135513;95777321;106419025;212836661;7415485;8415505;9415525;10415545;11415565;12415585;13415709;14415729;15415749;16415769;26416177;36416481;46416889;56417193;66417601;76417905;86418313;96418721;106419025;200650061
system.cpu.exec_context.thread_0.statExecutedInstType::SimdCmp;24;24;24;24;24;24;24;24;24;24;24;24;24;24;24;24;24;24;24;24;24;24;24;24;24;24;24;24;24;24;24;24;24;24;24;24;24;24;24;24;24;24;24;24;24;24;24;24;24;24;24;24;24;24;24;24;24;24;24;24;24;24;24;24;24;24;24;24;24;24;24;24;24;24;24;24;24;24;24
system.cpu.exec_context.thread_0.statExecutedInstType::SimdCvt;1568;1568;1568;1568;1568;1568;1634;1634;1634;1634;1766;1832;1964;2030;2162;2228;2360;2492;2558;3620;8012;8012;8012;8012;8012;8012;8078;8078;8078;8078;8210;8276;8408;8474;8606;8672;8804;9002;10052;66008;130448;194888;259328;323768;388208;452714;517154;581594;646034;1290566;1935032;2579564;3224030;3868562;4513028;5157560;5802092;6446558;12891608;6445568;6445568;6445568;6445568;6445568;6445568;6445634;6445634;6445634;6445634;6445766;6445832;6445964;6446030;6446162;6446228;6446360;6446492;6446558;648008
system.cpu.exec_context.thread_0.statExecutedInstType::SimdMisc;201638;401638;601638;801638;1001638;1201638;1401768;1601768;1801768;2001768;4002028;6002158;8002418;10002548;12002808;14002938;16003198;18003458;20003588;110597674;216032;416032;616032;816032;1016032;1216032;1416162;1616162;1816162;2016162;4016422;6016552;8016812;10016942;12017202;14017332;16017592;20017982;40020459;345578;689518;1033458;1377398;1721338;2065278;2409348;2753288;3097228;3441168;6880828;10320358;13760018;17199548;20639208;24078738;27518398;30958058;34397588;68794065;14595638;14795638;14995638;15195638;15395638;15595638;15795768;15995768;16195768;16395768;18396028;20396158;22396418;24396548;26396808;28396938;30397198;32397458;34397588;41445437
system.cpu.exec_context.thread_0.statExecutedInstType::SimdMult;0;0;0;0;0;0;0;0;0;0;0;0;0;0;0;0;0;0;0;0;0;0;0;0;0;0;0;0;0;0;0;0;0;0;0;0;0;0;0;0;0;0;0;0;0;0;0;0;0;0;0;0;0;0;0;0;0;0;0;0;0;0;0;0;0;0;0;0;0;0;0;0;0;0;0;0;0;0;0
system.cpu.exec_context.thread_0.statExecutedInstType::SimdMultAcc;0;0;0;0;0;0;0;0;0;0;0;0;0;0;0;0;0;0;0;0;0;0;0;0;0;0;0;0;0;0;0;0;0;0;0;0;0;0;0;0;0;0;0;0;0;0;0;0;0;0;0;0;0;0;0;0;0;0;0;0;0;0;0;0;0;0;0;0;0;0;0;0;0;0;0;0;0;0;0
system.cpu.exec_context.thread_0.statExecutedInstType::SimdShift;268;268;268;268;268;268;268;268;268;268;268;268;268;268;268;268;268;268;268;268;268;268;268;268;268;268;268;268;268;268;268;268;268;268;268;268;268;268;268;268;268;268;268;268;268;268;268;268;268;268;268;268;268;268;268;268;268;268;268;268;268;268;268;268;268;268;268;268;268;268;268;268;268;268;268;268;268;268;268
system.cpu.exec_context.thread_0.statExecutedInstType::SimdShiftAcc;0;0;0;0;0;0;0;0;0;0;0;0;0;0;0;0;0;0;0;0;0;0;0;0;0;0;0;0;0;0;0;0;0;0;0;0;0;0;0;0;0;0;0;0;0;0;0;0;0;0;0;0;0;0;0;0;0;0;0;0;0;0;0;0;0;0;0;0;0;0;0;0;0;0;0;0;0;0;0
system.cpu.exec_context.thread_0.statExecutedInstType::SimdDiv;0;0;0;0;0;0;0;0;0;0;0;0;0;0;0;0;0;0;0;0;0;0;0;0;0;0;0;0;0;0;0;0;0;0;0;0;0;0;0;0;0;0;0;0;0;0;0;0;0;0;0;0;0;0;0;0;0;0;0;0;0;0;0;0;0;0;0;0;0;0;0;0;0;0;0;0;0;0;0
system.cpu.exec_context.thread_0.statExecutedInstType::SimdSqrt;0;0;0;0;0;0;0;0;0;0;0;0;0;0;0;0;0;0;0;0;0;0;0;0;0;0;0;0;0;0;0;0;0;0;0;0;0;0;0;0;0;0;0;0;0;0;0;0;0;0;0;0;0;0;0;0;0;0;0;0;0;0;0;0;0;0;0;0;0;0;0;0;0;0;0;0;0;0;0
system.cpu.exec_context.thread_0.statExecutedInstType::SimdFloatAdd;1336861680;2577832880;3818804080;5059775280;6300746480;7541717680;8830634120;10071605320;11312576520;12553547720;25059150200;37516807440;50022409920;62480067160;74985669640;87443326880;99948929360;1,12455E+11;1,24912E+11;2,37519E+11;1336861680;2577832880;3818804080;5059775280;6300746480;7541717680;8830634120;10071605320;11312576520;12553547720;25059150200;37516807440;50022409920;62480067160;74985669640;87443326880;99948929360;1,24912E+11;2,49776E+11;1336861680;2577832880;3818804080;5059775280;6300746480;7541717680;8830634120;10071605320;11312576520;12553547720;25059150200;37516807440;50022409920;62480067160;74985669640;87443326880;99948929360;1,12455E+11;1,24912E+11;2,49776E+11;1336861680;2577832880;3818804080;5059775280;6300746480;7541717680;8830634120;10071605320;11312576520;12553547720;25059150200;37516807440;50022409920;62480067160;74985669640;87443326880;99948929360;1,12455E+11;1,24912E+11;2,49776E+11
system.cpu.exec_context.thread_0.statExecutedInstType::SimdFloatAlu;0;0;0;0;0;0;0;0;0;0;0;0;0;0;0;0;0;0;0;0;0;0;0;0;0;0;0;0;0;0;0;0;0;0;0;0;0;0;0;0;0;0;0;0;0;0;0;0;0;0;0;0;0;0;0;0;0;0;0;0;0;0;0;0;0;0;0;0;0;0;0;0;0;0;0;0;0;0;0
system.cpu.exec_context.thread_0.statExecutedInstType::SimdFloatCmp;8406240;8406240;8406240;8406240;8406240;8406240;12609360;12609360;12609360;12609360;21015600;25218720;33624960;37828080;46234320;50437440;58843680;67249920;71453040;137435232;8406240;8406240;8406240;8406240;8406240;8406240;12609360;12609360;12609360;12609360;21015600;25218720;33624960;37828080;46234320;50437440;58843680;71453040;138702960;8406240;8406240;8406240;8406240;8406240;8406240;12609360;12609360;12609360;12609360;21015600;25218720;33624960;37828080;46234320;50437440;58843680;67249920;71453040;138702960;8406240;8406240;8406240;8406240;8406240;8406240;12609360;12609360;12609360;12609360;21015600;25218720;33624960;37828080;46234320;50437440;58843680;67249920;71453040;138702960
system.cpu.exec_context.thread_0.statExecutedInstType::SimdFloatCvt;200026;400026;600026;800026;1000026;1200026;1400038;1600038;1800038;2000038;4000062;6000074;8000098;10000110;12000134;14000146;16000170;18000194;20000206;398;200026;400026;600026;800026;1000026;1200026;1400038;1600038;1800038;2000038;4000062;6000074;8000098;10000110;12000134;14000146;16000170;20000206;40000396;200026;400026;600026;800026;1000026;1200026;1400038;1600038;1800038;2000038;4000062;6000074;8000098;10000110;12000134;14000146;16000170;18000194;20000206;40000396;200026;400026;600026;800026;1000026;1200026;1400038;1600038;1800038;2000038;4000062;6000074;8000098;10000110;12000134;14000146;16000170;18000194;20000206;40000396
system.cpu.exec_context.thread_0.statExecutedInstType::SimdFloatDiv;26449920;51296720;76143520;100990320;125837120;150683920;176332280;201179080;226025880;250872680;500943800;750213360;1000284480;1249554040;1499625160;1748894720;1998965840;2249036960;2498306520;4609337616;26449920;51296720;76143520;100990320;125837120;150683920;176332280;201179080;226025880;250872680;500943800;750213360;1000284480;1249554040;1499625160;1748894720;1998965840;2498306520;4995811480;26449920;51296720;76143520;100990320;125837120;150683920;176332280;201179080;226025880;250872680;500943800;750213360;1000284480;1249554040;1499625160;1748894720;1998965840;2249036960;2498306520;4995811480;26449920;51296720;76143520;100990320;125837120;150683920;176332280;201179080;226025880;250872680;500943800;750213360;1000284480;1249554040;1499625160;1748894720;1998965840;2249036960;2498306520;4995811480
system.cpu.exec_context.thread_0.statExecutedInstType::SimdFloatMisc;0;0;0;0;0;0;0;0;0;0;0;0;0;0;0;0;0;0;0;0;0;0;0;0;0;0;0;0;0;0;0;0;0;0;0;0;0;0;0;0;0;0;0;0;0;0;0;0;0;0;0;0;0;0;0;0;0;0;0;0;0;0;0;0;0;0;0;0;0;0;0;0;0;0;0;0;0;0;0
system.cpu.exec_context.thread_0.statExecutedInstType::SimdFloatMult;752147680;1497882880;2243618080;2989353280;3735088480;4480823680;5229765120;5975500320;6721235520;7466970720;14930735200;22391293440;29855057920;37315616160;44779380640;52239938880;59703703360;67167467840;74628026080;1,43245E+11;752147680;1497882880;2243618080;2989353280;3735088480;4480823680;5229765120;5975500320;6721235520;7466970720;14930735200;22391293440;29855057920;37315616160;44779380640;52239938880;59703703360;74628026080;1,49253E+11;752147680;1497882880;2243618080;2989353280;3735088480;4480823680;5229765120;5975500320;6721235520;7466970720;14930735200;22391293440;29855057920;37315616160;44779380640;52239938880;59703703360;67167467840;74628026080;1,49253E+11;752147680;1497882880;2243618080;2989353280;3735088480;4480823680;5229765120;5975500320;6721235520;7466970720;14930735200;22391293440;29855057920;37315616160;44779380640;52239938880;59703703360;67167467840;74628026080;1,49253E+11
system.cpu.exec_context.thread_0.statExecutedInstType::SimdFloatMultAcc;0;0;0;0;0;0;0;0;0;0;0;0;0;0;0;0;0;0;0;0;0;0;0;0;0;0;0;0;0;0;0;0;0;0;0;0;0;0;0;0;0;0;0;0;0;0;0;0;0;0;0;0;0;0;0;0;0;0;0;0;0;0;0;0;0;0;0;0;0;0;0;0;0;0;0;0;0;0;0
system.cpu.exec_context.thread_0.statExecutedInstType::SimdFloatSqrt;4;4;4;4;4;4;6;6;6;6;10;12;16;18;22;24;28;32;34;66;4;4;4;4;4;4;6;6;6;6;10;12;16;18;22;24;28;34;66;4;4;4;4;4;4;6;6;6;6;10;12;16;18;22;24;28;32;34;66;4;4;4;4;4;4;6;6;6;6;10;12;16;18;22;24;28;32;34;66
system.cpu.exec_context.thread_0.statExecutedInstType::SimdReduceAdd;0;0;0;0;0;0;0;0;0;0;0;0;0;0;0;0;0;0;0;0;0;0;0;0;0;0;0;0;0;0;0;0;0;0;0;0;0;0;0;0;0;0;0;0;0;0;0;0;0;0;0;0;0;0;0;0;0;0;0;0;0;0;0;0;0;0;0;0;0;0;0;0;0;0;0;0;0;0;0
system.cpu.exec_context.thread_0.statExecutedInstType::SimdReduceAlu;0;0;0;0;0;0;0;0;0;0;0;0;0;0;0;0;0;0;0;0;0;0;0;0;0;0;0;0;0;0;0;0;0;0;0;0;0;0;0;0;0;0;0;0;0;0;0;0;0;0;0;0;0;0;0;0;0;0;0;0;0;0;0;0;0;0;0;0;0;0;0;0;0;0;0;0;0;0;0
system.cpu.exec_context.thread_0.statExecutedInstType::SimdReduceCmp;0;0;0;0;0;0;0;0;0;0;0;0;0;0;0;0;0;0;0;0;0;0;0;0;0;0;0;0;0;0;0;0;0;0;0;0;0;0;0;0;0;0;0;0;0;0;0;0;0;0;0;0;0;0;0;0;0;0;0;0;0;0;0;0;0;0;0;0;0;0;0;0;0;0;0;0;0;0;0
system.cpu.exec_context.thread_0.statExecutedInstType::SimdFloatReduceAdd;0;0;0;0;0;0;0;0;0;0;0;0;0;0;0;0;0;0;0;0;0;0;0;0;0;0;0;0;0;0;0;0;0;0;0;0;0;0;0;0;0;0;0;0;0;0;0;0;0;0;0;0;0;0;0;0;0;0;0;0;0;0;0;0;0;0;0;0;0;0;0;0;0;0;0;0;0;0;0
system.cpu.exec_context.thread_0.statExecutedInstType::SimdFloatReduceCmp;0;0;0;0;0;0;0;0;0;0;0;0;0;0;0;0;0;0;0;0;0;0;0;0;0;0;0;0;0;0;0;0;0;0;0;0;0;0;0;0;0;0;0;0;0;0;0;0;0;0;0;0;0;0;0;0;0;0;0;0;0;0;0;0;0;0;0;0;0;0;0;0;0;0;0;0;0;0;0
system.cpu.exec_context.thread_0.statExecutedInstType::SimdAes;0;0;0;0;0;0;0;0;0;0;0;0;0;0;0;0;0;0;0;0;0;0;0;0;0;0;0;0;0;0;0;0;0;0;0;0;0;0;0;0;0;0;0;0;0;0;0;0;0;0;0;0;0;0;0;0;0;0;0;0;0;0;0;0;0;0;0;0;0;0;0;0;0;0;0;0;0;0;0
system.cpu.exec_context.thread_0.statExecutedInstType::SimdAesMix;0;0;0;0;0;0;0;0;0;0;0;0;0;0;0;0;0;0;0;0;0;0;0;0;0;0;0;0;0;0;0;0;0;0;0;0;0;0;0;0;0;0;0;0;0;0;0;0;0;0;0;0;0;0;0;0;0;0;0;0;0;0;0;0;0;0;0;0;0;0;0;0;0;0;0;0;0;0;0
system.cpu.exec_context.thread_0.statExecutedInstType::SimdSha1Hash;0;0;0;0;0;0;0;0;0;0;0;0;0;0;0;0;0;0;0;0;0;0;0;0;0;0;0;0;0;0;0;0;0;0;0;0;0;0;0;0;0;0;0;0;0;0;0;0;0;0;0;0;0;0;0;0;0;0;0;0;0;0;0;0;0;0;0;0;0;0;0;0;0;0;0;0;0;0;0
system.cpu.exec_context.thread_0.statExecutedInstType::SimdSha1Hash2;0;0;0;0;0;0;0;0;0;0;0;0;0;0;0;0;0;0;0;0;0;0;0;0;0;0;0;0;0;0;0;0;0;0;0;0;0;0;0;0;0;0;0;0;0;0;0;0;0;0;0;0;0;0;0;0;0;0;0;0;0;0;0;0;0;0;0;0;0;0;0;0;0;0;0;0;0;0;0
system.cpu.exec_context.thread_0.statExecutedInstType::SimdSha256Hash;0;0;0;0;0;0;0;0;0;0;0;0;0;0;0;0;0;0;0;0;0;0;0;0;0;0;0;0;0;0;0;0;0;0;0;0;0;0;0;0;0;0;0;0;0;0;0;0;0;0;0;0;0;0;0;0;0;0;0;0;0;0;0;0;0;0;0;0;0;0;0;0;0;0;0;0;0;0;0
system.cpu.exec_context.thread_0.statExecutedInstType::SimdSha256Hash2;0;0;0;0;0;0;0;0;0;0;0;0;0;0;0;0;0;0;0;0;0;0;0;0;0;0;0;0;0;0;0;0;0;0;0;0;0;0;0;0;0;0;0;0;0;0;0;0;0;0;0;0;0;0;0;0;0;0;0;0;0;0;0;0;0;0;0;0;0;0;0;0;0;0;0;0;0;0;0
system.cpu.exec_context.thread_0.statExecutedInstType::SimdShaSigma2;0;0;0;0;0;0;0;0;0;0;0;0;0;0;0;0;0;0;0;0;0;0;0;0;0;0;0;0;0;0;0;0;0;0;0;0;0;0;0;0;0;0;0;0;0;0;0;0;0;0;0;0;0;0;0;0;0;0;0;0;0;0;0;0;0;0;0;0;0;0;0;0;0;0;0;0;0;0;0
system.cpu.exec_context.thread_0.statExecutedInstType::SimdShaSigma3;0;0;0;0;0;0;0;0;0;0;0;0;0;0;0;0;0;0;0;0;0;0;0;0;0;0;0;0;0;0;0;0;0;0;0;0;0;0;0;0;0;0;0;0;0;0;0;0;0;0;0;0;0;0;0;0;0;0;0;0;0;0;0;0;0;0;0;0;0;0;0;0;0;0;0;0;0;0;0
system.cpu.exec_context.thread_0.statExecutedInstType::SimdPredAlu;0;0;0;0;0;0;0;0;0;0;0;0;0;0;0;0;0;0;0;0;0;0;0;0;0;0;0;0;0;0;0;0;0;0;0;0;0;0;0;0;0;0;0;0;0;0;0;0;0;0;0;0;0;0;0;0;0;0;0;0;0;0;0;0;0;0;0;0;0;0;0;0;0;0;0;0;0;0;0
system.cpu.exec_context.thread_0.statExecutedInstType::MemRead;37680967;50681053;63681164;76681264;89681348;102681457;116985348;129985453;142985558;155985654;288594300;419899106;552507731;683812545;816421162;947725983;1080334619;1212943263;1344248081;3033831286;37821253;50821620;63821219;76821666;89821585;102822105;117125676;130125441;143125687;156125939;288734164;420039112;552647749;683952413;816561021;947865713;1080474474;1344388146;2665409374;39085307;53488831;67892181;82295678;96699268;111101523;126808547;141209539;155611692;170015592;316633932;461907762;608492999;753774334;900361120;1045638785;1192222356;1338804817;1484084931;2944707375;180291978;193292064;206292175;219292275;232292359;245292468;259596359;272596464;285596569;298596665;431205311;562510117;695118742;826423556;959032173;1090336994;1222945630;1355554274;1486859092;2679526107
system.cpu.exec_context.thread_0.statExecutedInstType::MemWrite;14316343;14316391;14316442;14316494;14316540;14316589;14318819;14318870;14318921;14318973;14323849;14326532;14331398;14334082;14338950;14341638;14346516;14351394;14354082;272515865;14414297;14414539;14414242;14414532;14414468;14414771;14416811;14416612;14416767;14416913;14421502;14424209;14429085;14431668;14436530;14439133;14444095;14451799;14599440;15296934;16276877;17256719;18236655;19216655;20195713;21177625;22155834;23134787;24114989;33901842;43652118;53408637;63162925;72920454;82672203;92427632;102182471;111936261;209509838;113994844;113994892;113994943;113994995;113995041;113995090;113997320;113997371;113997422;113997474;114002350;114005033;114009899;114012583;114017451;114020139;114025017;114029895;114032583;24466527
system.cpu.exec_context.thread_0.statExecutedInstType::FloatMemRead;1054625206;2034629276;3014633346;3994637416;4974641486;5954645556;6971959060;7951963130;8931967200;9911971270;19786630838;29623980972;39498640540;49335990674;59210650242;69048000376;78922659944;88797319512;98634669646;1,91266E+11;1054630078;2034634148;3014638218;3994642288;4974646358;5954650428;6971963932;7951968002;8931972072;9911976142;19786635710;29623985844;39498645412;49335995546;59210655114;69048005248;78922664816;98634674518;1,97232E+11;1054673926;2034726716;3014779506;3994832296;4974885086;5954937876;6972300100;7952352890;8932405680;9912458470;19787605238;29625442572;39500589340;49338426674;59213573442;69051410776;78926557544;88801704312;98639541646;1,97242E+11;1059497206;2039501276;3019505346;3999509416;4979513486;5959517556;6976831060;7956835130;8936839200;9916843270;19791502838;29628852972;39503512540;49340862674;59215522242;69052872376;78927531944;88802191512;98639541646;1,97233E+11
system.cpu.exec_context.thread_0.statExecutedInstType::FloatMemWrite;643853593;1215377593;1786901593;2358425593;2929949593;3501473593;4083700742;4655224742;5226748742;5798272742;11534919040;17260862189;22997508487;28723451636;34460097934;40186041083;45922687381;51659333679;57385276828;1,12133E+11;643855243;1215379243;1786903243;2358427243;2929951243;3501475243;4083702392;4655226392;5226750392;5798274392;11534920690;17260863839;22997510137;28723453286;34460099584;40186042733;45922689031;57385278478;1,14709E+11;643870093;1215410593;1786951093;2358491593;2930032093;3501572593;4083816242;4655356742;5226897242;5798437742;11535249040;17261357189;22998168487;28724276636;34461087934;40187196083;45924007381;51660818679;57386926828;1,14712E+11;645503593;1217027593;1788551593;2360075593;2931599593;3503123593;4085350742;4656874742;5228398742;5799922742;11536569040;17262512189;22999158487;28725101636;34461747934;40187691083;45924337381;51660983679;57386926828;1,14709E+11
system.cpu.exec_context.thread_0.statExecutedInstType::IprAccess;0;0;0;0;0;0;0;0;0;0;0;0;0;0;0;0;0;0;0;0;0;0;0;0;0;0;0;0;0;0;0;0;0;0;0;0;0;0;0;0;0;0;0;0;0;0;0;0;0;0;0;0;0;0;0;0;0;0;0;0;0;0;0;0;0;0;0;0;0;0;0;0;0;0;0;0;0;0;0
system.cpu.exec_context.thread_0.statExecutedInstType::InstPrefetch;0;0;0;0;0;0;0;0;0;0;0;0;0;0;0;0;0;0;0;0;0;0;0;0;0;0;0;0;0;0;0;0;0;0;0;0;0;0;0;0;0;0;0;0;0;0;0;0;0;0;0;0;0;0;0;0;0;0;0;0;0;0;0;0;0;0;0;0;0;0;0;0;0;0;0;0;0;0;0
system.cpu.exec_context.thread_0.statExecutedInstType::total;6002475155;11399178057;16795881120;22192584111;27589286962;32985990001;38547711506;43944414532;49341117558;54737820576;1,09035E+11;1,63167E+11;2,17464E+11;2,71596E+11;3,25893E+11;3,80025E+11;4,34322E+11;4,88619E+11;5,42751E+11;1,04779E+12;6003654245;11400359120;16797058551;22193763989;27590465655;32987171781;38548890830;43945591572;49342295543;54738999749;1,09036E+11;1,63168E+11;2,17465E+11;2,71597E+11;3,25894E+11;3,80026E+11;4,34323E+11;5,42753E+11;1,08506E+12;6014276139;11422774169;16831270753;22239768451;27648266842;33056755913;38630270437;44038750532;49447239168;54855739836;1,09271E+11;1,6352E+11;2,17935E+11;2,72184E+11;3,26599E+11;3,80849E+11;4,35263E+11;4,89678E+11;5,43928E+11;1,08741E+12;7196752833;12593455735;17990158798;23386861789;28783564640;34180267679;39741989184;45138692210;50535395236;55932098254;1,10229E+11;1,64361E+11;2,18658E+11;2,7279E+11;3,27087E+11;3,81219E+11;4,35517E+11;4,89814E+11;5,43946E+11;1,08518E+12
system.cpu.interrupts.clk_domain.clock;8000;8000;8000;8000;8000;8000;8000;8000;8000;8000;8000;8000;8000;8000;8000;8000;8000;8000;8000;8000;8000;8000;8000;8000;8000;8000;8000;8000;8000;8000;8000;8000;8000;8000;8000;8000;8000;8000;8000;8000;8000;8000;8000;8000;8000;8000;8000;8000;8000;8000;8000;8000;8000;8000;8000;8000;8000;8000;8000;8000;8000;8000;8000;8000;8000;8000;8000;8000;8000;8000;8000;8000;8000;8000;8000;8000;8000;8000;8000
system.cpu.mmu.dtb.rdAccesses;1092306203;2085310359;3078314540;4071318710;5064322864;6057327043;7088944446;8081948621;9074952796;10067956961;20075225191;30043880139;40051148348;50019803304;60027071505;69995726468;80002994688;90010262916;99978917877;1,943E+11;1092451368;2085455805;3078459474;4071463991;5064467980;6057472570;7089089654;8082093489;9075097805;10068102126;20075369937;30044025028;40051293251;50019948058;60027216252;69995871087;80003139434;99979062836;1,99897E+11;1093759333;2088215717;3082671927;4077128284;5071584734;6066039849;7099109176;8093563028;9088018041;10082474800;20104240626;30087352499;40109085222;50092204600;60113938872;70097054580;80118785637;90140515584;1,00124E+11;2,00186E+11;1239796214;2232800370;3225804551;4218808721;5211812875;6204817054;7236434458;8229438633;9222442808;10215446973;20222715205;30191370154;40198638365;50167293322;60174561525;70143216489;80150484711;90157752941;1,00126E+11;1,99912E+11
system.cpu.mmu.dtb.wrAccesses;658169941;1229693989;1801218040;2372742092;2944266138;3515790187;4098019567;4669543618;5241067669;5812591721;11549242897;17275188730;23011839896;28737785730;34474436898;40200382736;45937033914;51673685092;57399630930;1,12405E+11;658269545;1229793787;1801317490;2372841780;2944365716;3515890019;4098119209;4669643010;5241167165;5812691311;11549342200;17275288057;23011939233;28737884966;34474536128;40200481881;45937133143;57399730297;1,14724E+11;659167032;1231687475;1804207817;2376728253;2949248753;3521768311;4104993873;4677512582;5250032035;5822552737;11569150890;17305009316;23051577135;28787439573;34534008402;40269868301;46016435030;51763001169;57498863109;1,14922E+11;759498442;1331022490;1902546541;2474070593;3045594639;3617118688;4199348068;4770872119;5342396170;5913920222;11650571398;17376517231;23113168397;28839114231;34575765399;40301711237;46038362415;51775013593;57500959431;1,14734E+11
system.cpu.mmu.dtb.rdMisses;718009;1241519;1765029;2288539;2812049;3335559;3909879;4433389;4956899;5480409;10817129;16103039;21439759;26725669;32062389;37348299;42685019;48021739;53307649;103341871;718021;1241531;1765041;2288551;2812061;3335571;3909891;4433401;4956911;5480421;10817141;16103051;21439771;26725681;32062401;37348311;42685031;53307661;106471626;718129;1241759;1765389;2289019;2812649;3336279;3910708;4434338;4957968;5481598;10819496;16106595;21444493;26731592;32069490;37356589;42694487;48032385;53319484;106495273;718009;1241519;1765029;2288539;2812049;3335559;3909879;4433389;4956899;5480409;10817129;16103039;21439759;26725669;32062389;37348299;42685019;48021739;53307649;106471614
system.cpu.mmu.dtb.wrMisses;1740971;3272521;4804071;6335621;7867171;9398721;10930273;12461823;13993373;15524923;30840427;46155929;61471433;76786935;92102439;107417941;122733445;138048949;153364451;304953483;1740972;3272522;4804072;6335622;7867172;9398722;10930274;12461824;13993374;15524924;30840428;46155930;61471434;76786936;92102440;107417942;122733446;153364452;306519488;1740981;3272541;4804101;6335661;7867221;9398781;10930342;12461902;13993462;15525022;30840624;46156225;61471827;76787428;92103030;107418631;122734233;138049835;153365436;306521456;1740971;3272521;4804071;6335621;7867171;9398721;10930273;12461823;13993373;15524923;30840427;46155929;61471433;76786935;92102439;107417941;122733445;138048949;153364451;306519487
system.cpu.mmu.dtb.walker.power_state.pwrStateResidencyTicks::UNDEFINED;4,12231E+12;7,86754E+12;1,16128E+13;1,5358E+13;1,91032E+13;2,28484E+13;2,67038E+13;3,04491E+13;3,41943E+13;3,79395E+13;7,56121E+13;1,13175E+14;1,50847E+14;1,8841E+14;2,26082E+14;2,63645E+14;3,01317E+14;3,3899E+14;3,76552E+14;7,27204E+14;4,12301E+12;7,86824E+12;1,16135E+13;1,53587E+13;1,91039E+13;2,28491E+13;2,67045E+13;3,04498E+13;3,4195E+13;3,79402E+13;7,56128E+13;1,13175E+14;1,50848E+14;1,8841E+14;2,26083E+14;2,63645E+14;3,01318E+14;3,76553E+14;7,52839E+14;4,12931E+12;7,88152E+12;1,16337E+13;1,5386E+13;1,91382E+13;2,28904E+13;2,67528E+13;3,0505E+13;3,42572E+13;3,80094E+13;7,57518E+13;1,13384E+14;1,51126E+14;1,88758E+14;2,26501E+14;2,64133E+14;3,01875E+14;3,39617E+14;3,77249E+14;7,54231E+14;4,83045E+12;8,57567E+12;1,23209E+13;1,60661E+13;1,98113E+13;2,35566E+13;2,7412E+13;3,11572E+13;3,49024E+13;3,86476E+13;7,63202E+13;1,13883E+14;1,51555E+14;1,89118E+14;2,2679E+14;2,64353E+14;3,02025E+14;3,39698E+14;3,7726E+14;7,52909E+14
system.cpu.mmu.itb.rdAccesses;0;0;0;0;0;0;0;0;0;0;0;0;0;0;0;0;0;0;0;0;0;0;0;0;0;0;0;0;0;0;0;0;0;0;0;0;0;0;0;0;0;0;0;0;0;0;0;0;0;0;0;0;0;0;0;0;0;0;0;0;0;0;0;0;0;0;0;0;0;0;0;0;0;0;0;0;0;0;0
system.cpu.mmu.itb.wrAccesses;6444474400;12364412975;18284351668;24204290305;30124228861;36044167538;42129329996;48049268662;53969207328;59889145983;1,19419E+11;1,78784E+11;2,38313E+11;2,97678E+11;3,57208E+11;4,16572E+11;4,76102E+11;5,35632E+11;5,94997E+11;1,14828E+12;6445311055;12365251127;18285187084;24205127572;30125065243;36045006155;42130166861;48050103739;53970043146;59889982653;1,1942E+11;1,78784E+11;2,38314E+11;2,97679E+11;3,57209E+11;4,16573E+11;4,76103E+11;5,94998E+11;1,18964E+12;6452848777;12381157032;18309464306;24237772366;30166080958;36094382435;42187912964;48116207695;54044508699;59972818956;1,19586E+11;1,79034E+11;2,38647E+11;2,98095E+11;3,57709E+11;4,17157E+11;4,7677E+11;5,36383E+11;5,95831E+11;1,1913E+12;7293090903;13213029478;19132968171;25052906808;30972845364;36892784041;42977946499;48897885165;54817823831;60737762486;1,20268E+11;1,79632E+11;2,39162E+11;2,98527E+11;3,58056E+11;4,17421E+11;4,76951E+11;5,36481E+11;5,95845E+11;1,18972E+12
system.cpu.mmu.itb.rdMisses;0;0;0;0;0;0;0;0;0;0;0;0;0;0;0;0;0;0;0;0;0;0;0;0;0;0;0;0;0;0;0;0;0;0;0;0;0;0;0;0;0;0;0;0;0;0;0;0;0;0;0;0;0;0;0;0;0;0;0;0;0;0;0;0;0;0;0;0;0;0;0;0;0;0;0;0;0;0;0
system.cpu.mmu.itb.wrMisses;259;259;259;259;259;259;259;259;259;259;259;259;259;259;259;259;259;259;259;259;259;259;259;259;259;259;259;259;259;259;259;259;259;259;259;259;259;259;261;259;259;259;259;259;259;259;259;259;259;259;259;259;259;259;259;259;259;259;261;259;259;259;259;259;259;259;259;259;259;259;259;259;259;259;259;259;259;259;261
system.cpu.mmu.itb.walker.power_state.pwrStateResidencyTicks::UNDEFINED;4,12231E+12;7,86754E+12;1,16128E+13;1,5358E+13;1,91032E+13;2,28484E+13;2,67038E+13;3,04491E+13;3,41943E+13;3,79395E+13;7,56121E+13;1,13175E+14;1,50847E+14;1,8841E+14;2,26082E+14;2,63645E+14;3,01317E+14;3,3899E+14;3,76552E+14;7,27204E+14;4,12301E+12;7,86824E+12;1,16135E+13;1,53587E+13;1,91039E+13;2,28491E+13;2,67045E+13;3,04498E+13;3,4195E+13;3,79402E+13;7,56128E+13;1,13175E+14;1,50848E+14;1,8841E+14;2,26083E+14;2,63645E+14;3,01318E+14;3,76553E+14;7,52839E+14;4,12931E+12;7,88152E+12;1,16337E+13;1,5386E+13;1,91382E+13;2,28904E+13;2,67528E+13;3,0505E+13;3,42572E+13;3,80094E+13;7,57518E+13;1,13384E+14;1,51126E+14;1,88758E+14;2,26501E+14;2,64133E+14;3,01875E+14;3,39617E+14;3,77249E+14;7,54231E+14;4,83045E+12;8,57567E+12;1,23209E+13;1,60661E+13;1,98113E+13;2,35566E+13;2,7412E+13;3,11572E+13;3,49024E+13;3,86476E+13;7,63202E+13;1,13883E+14;1,51555E+14;1,89118E+14;2,2679E+14;2,64353E+14;3,02025E+14;3,39698E+14;3,7726E+14;7,52909E+14
system.cpu.power_state.pwrStateResidencyTicks::ON;4,12231E+12;7,86754E+12;1,16128E+13;1,5358E+13;1,91032E+13;2,28484E+13;2,67038E+13;3,04491E+13;3,41943E+13;3,79395E+13;7,56121E+13;1,13175E+14;1,50847E+14;1,8841E+14;2,26082E+14;2,63645E+14;3,01317E+14;3,3899E+14;3,76552E+14;7,27204E+14;4,12301E+12;7,86824E+12;1,16135E+13;1,53587E+13;1,91039E+13;2,28491E+13;2,67045E+13;3,04498E+13;3,4195E+13;3,79402E+13;7,56128E+13;1,13175E+14;1,50848E+14;1,8841E+14;2,26083E+14;2,63645E+14;3,01318E+14;3,76553E+14;7,52839E+14;4,12931E+12;7,88152E+12;1,16337E+13;1,5386E+13;1,91382E+13;2,28904E+13;2,67528E+13;3,0505E+13;3,42572E+13;3,80094E+13;7,57518E+13;1,13384E+14;1,51126E+14;1,88758E+14;2,26501E+14;2,64133E+14;3,01875E+14;3,39617E+14;3,77249E+14;7,54231E+14;4,83045E+12;8,57567E+12;1,23209E+13;1,60661E+13;1,98113E+13;2,35566E+13;2,7412E+13;3,11572E+13;3,49024E+13;3,86476E+13;7,63202E+13;1,13883E+14;1,51555E+14;1,89118E+14;2,2679E+14;2,64353E+14;3,02025E+14;3,39698E+14;3,7726E+14;7,52909E+14
system.cpu.thread_0.numInsts;0;0;0;0;0;0;0;0;0;0;0;0;0;0;0;0;0;0;0;0;0;0;0;0;0;0;0;0;0;0;0;0;0;0;0;0;0;0;0;0;0;0;0;0;0;0;0;0;0;0;0;0;0;0;0;0;0;0;0;0;0;0;0;0;0;0;0;0;0;0;0;0;0;0;0;0;0;0;0
system.cpu.thread_0.numOps;0;0;0;0;0;0;0;0;0;0;0;0;0;0;0;0;0;0;0;0;0;0;0;0;0;0;0;0;0;0;0;0;0;0;0;0;0;0;0;0;0;0;0;0;0;0;0;0;0;0;0;0;0;0;0;0;0;0;0;0;0;0;0;0;0;0;0;0;0;0;0;0;0;0;0;0;0;0;0
system.cpu.thread_0.numMemRefs;0;0;0;0;0;0;0;0;0;0;0;0;0;0;0;0;0;0;0;0;0;0;0;0;0;0;0;0;0;0;0;0;0;0;0;0;0;0;0;0;0;0;0;0;0;0;0;0;0;0;0;0;0;0;0;0;0;0;0;0;0;0;0;0;0;0;0;0;0;0;0;0;0;0;0;0;0;0;0
system.cpu.workload.numSyscalls;391;391;391;391;391;391;396;396;396;396;406;411;421;426;436;441;451;461;466;546;448;448;448;448;448;448;453;453;453;453;463;468;478;483;493;498;508;523;603;961;1531;2101;2671;3241;3811;4386;4956;5526;6096;11806;17511;23221;28926;34636;40341;46051;51761;57466;114546;57391;57391;57391;57391;57391;57391;57396;57396;57396;57396;57406;57411;57421;57426;57436;57441;57451;57461;57466;6246
system.cpu_clk_domain.clock;500;500;500;500;500;500;500;500;500;500;500;500;500;500;500;500;500;500;500;500;500;500;500;500;500;500;500;500;500;500;500;500;500;500;500;500;500;500;500;500;500;500;500;500;500;500;500;500;500;500;500;500;500;500;500;500;500;500;500;500;500;500;500;500;500;500;500;500;500;500;500;500;500;500;500;500;500;500;500
system.cpu_voltage_domain.voltage;1;1;1;1;1;1;1;1;1;1;1;1;1;1;1;1;1;1;1;1;1;1;1;1;1;1;1;1;1;1;1;1;1;1;1;1;1;1;1;1;1;1;1;1;1;1;1;1;1;1;1;1;1;1;1;1;1;1;1;1;1;1;1;1;1;1;1;1;1;1;1;1;1;1;1;1;1;1;1
system.mem_ctrls.priorityMinLatency;0;0;0;0;0;0;0;0;0;0;0;0;0;0;0;0;0;0;0;0;0;0;0;0;0;0;0;0;0;0;0;0;0;0;0;0;0;0;0;0;0;0;0;0;0;0;0;0;0;0;0;0;0;0;0;0;0;0;0;0;0;0;0;0;0;0;0;0;0;0;0;0;0;0;0;0;0;0;0
system.mem_ctrls.priorityMaxLatency;0;0;0;0;0;0;0;0;0;0;0;0;0;0;0;0;0;0;0;0;0;0;0;0;0;0;0;0;0;0;0;0;0;0;0;0;0;0;0;0;0;0;0;0;0;0;0;0;0;0;0;0;0;0;0;0;0;0;0;0;0;0;0;0;0;0;0;0;0;0;0;0;0;0;0;0;0;0;0
system.mem_ctrls.numReadWriteTurnArounds;0;0;0;0;0;0;0;0;0;0;0;0;0;0;0;0;0;0;0;0;0;0;0;0;0;0;0;0;0;0;0;0;0;0;0;0;0;0;0;0;0;0;0;0;0;0;0;0;0;0;0;0;0;0;0;0;0;0;0;0;0;0;0;0;0;0;0;0;0;0;0;0;0;0;0;0;0;0;0
system.mem_ctrls.numWriteReadTurnArounds;0;0;0;0;0;0;0;0;0;0;0;0;0;0;0;0;0;0;0;0;0;0;0;0;0;0;0;0;0;0;0;0;0;0;0;0;0;0;0;0;0;0;0;0;0;0;0;0;0;0;0;0;0;0;0;0;0;0;0;0;0;0;0;0;0;0;0;0;0;0;0;0;0;0;0;0;0;0;0
system.mem_ctrls.numStayReadState;0;0;0;0;0;0;0;0;0;0;0;0;0;0;0;0;0;0;0;0;0;0;0;0;0;0;0;0;0;0;0;0;0;0;0;0;0;0;0;0;0;0;0;0;0;0;0;0;0;0;0;0;0;0;0;0;0;0;0;0;0;0;0;0;0;0;0;0;0;0;0;0;0;0;0;0;0;0;0
system.mem_ctrls.numStayWriteState;0;0;0;0;0;0;0;0;0;0;0;0;0;0;0;0;0;0;0;0;0;0;0;0;0;0;0;0;0;0;0;0;0;0;0;0;0;0;0;0;0;0;0;0;0;0;0;0;0;0;0;0;0;0;0;0;0;0;0;0;0;0;0;0;0;0;0;0;0;0;0;0;0;0;0;0;0;0;0
system.mem_ctrls.readReqs;0;0;0;0;0;0;0;0;0;0;0;0;0;0;0;0;0;0;0;0;0;0;0;0;0;0;0;0;0;0;0;0;0;0;0;0;0;0;0;0;0;0;0;0;0;0;0;0;0;0;0;0;0;0;0;0;0;0;0;0;0;0;0;0;0;0;0;0;0;0;0;0;0;0;0;0;0;0;0
system.mem_ctrls.writeReqs;0;0;0;0;0;0;0;0;0;0;0;0;0;0;0;0;0;0;0;0;0;0;0;0;0;0;0;0;0;0;0;0;0;0;0;0;0;0;0;0;0;0;0;0;0;0;0;0;0;0;0;0;0;0;0;0;0;0;0;0;0;0;0;0;0;0;0;0;0;0;0;0;0;0;0;0;0;0;0
system.mem_ctrls.readBursts;0;0;0;0;0;0;0;0;0;0;0;0;0;0;0;0;0;0;0;0;0;0;0;0;0;0;0;0;0;0;0;0;0;0;0;0;0;0;0;0;0;0;0;0;0;0;0;0;0;0;0;0;0;0;0;0;0;0;0;0;0;0;0;0;0;0;0;0;0;0;0;0;0;0;0;0;0;0;0
system.mem_ctrls.writeBursts;0;0;0;0;0;0;0;0;0;0;0;0;0;0;0;0;0;0;0;0;0;0;0;0;0;0;0;0;0;0;0;0;0;0;0;0;0;0;0;0;0;0;0;0;0;0;0;0;0;0;0;0;0;0;0;0;0;0;0;0;0;0;0;0;0;0;0;0;0;0;0;0;0;0;0;0;0;0;0
system.mem_ctrls.servicedByWrQ;0;0;0;0;0;0;0;0;0;0;0;0;0;0;0;0;0;0;0;0;0;0;0;0;0;0;0;0;0;0;0;0;0;0;0;0;0;0;0;0;0;0;0;0;0;0;0;0;0;0;0;0;0;0;0;0;0;0;0;0;0;0;0;0;0;0;0;0;0;0;0;0;0;0;0;0;0;0;0
system.mem_ctrls.mergedWrBursts;0;0;0;0;0;0;0;0;0;0;0;0;0;0;0;0;0;0;0;0;0;0;0;0;0;0;0;0;0;0;0;0;0;0;0;0;0;0;0;0;0;0;0;0;0;0;0;0;0;0;0;0;0;0;0;0;0;0;0;0;0;0;0;0;0;0;0;0;0;0;0;0;0;0;0;0;0;0;0
system.mem_ctrls.neitherReadNorWriteReqs;0;0;0;0;0;0;0;0;0;0;0;0;0;0;0;0;0;0;0;0;0;0;0;0;0;0;0;0;0;0;0;0;0;0;0;0;0;0;0;0;0;0;0;0;0;0;0;0;0;0;0;0;0;0;0;0;0;0;0;0;0;0;0;0;0;0;0;0;0;0;0;0;0;0;0;0;0;0;0
system.mem_ctrls.avgRdQLen;0;0;0;0;0;0;0;0;0;0;0;0;0;0;0;0;0;0;0;0;0;0;0;0;0;0;0;0;0;0;0;0;0;0;0;0;0;0;0;0;0;0;0;0;0;0;0;0;0;0;0;0;0;0;0;0;0;0;0;0;0;0;0;0;0;0;0;0;0;0;0;0;0;0;0;0;0;0;0
system.mem_ctrls.avgWrQLen;0;0;0;0;0;0;0;0;0;0;0;0;0;0;0;0;0;0;0;0;0;0;0;0;0;0;0;0;0;0;0;0;0;0;0;0;0;0;0;0;0;0;0;0;0;0;0;0;0;0;0;0;0;0;0;0;0;0;0;0;0;0;0;0;0;0;0;0;0;0;0;0;0;0;0;0;0;0;0
system.mem_ctrls.numRdRetry;0;0;0;0;0;0;0;0;0;0;0;0;0;0;0;0;0;0;0;0;0;0;0;0;0;0;0;0;0;0;0;0;0;0;0;0;0;0;0;0;0;0;0;0;0;0;0;0;0;0;0;0;0;0;0;0;0;0;0;0;0;0;0;0;0;0;0;0;0;0;0;0;0;0;0;0;0;0;0
system.mem_ctrls.numWrRetry;0;0;0;0;0;0;0;0;0;0;0;0;0;0;0;0;0;0;0;0;0;0;0;0;0;0;0;0;0;0;0;0;0;0;0;0;0;0;0;0;0;0;0;0;0;0;0;0;0;0;0;0;0;0;0;0;0;0;0;0;0;0;0;0;0;0;0;0;0;0;0;0;0;0;0;0;0;0;0
system.mem_ctrls.readPktSize::0;0;0;0;0;0;0;0;0;0;0;0;0;0;0;0;0;0;0;0;0;0;0;0;0;0;0;0;0;0;0;0;0;0;0;0;0;0;0;0;0;0;0;0;0;0;0;0;0;0;0;0;0;0;0;0;0;0;0;0;0;0;0;0;0;0;0;0;0;0;0;0;0;0;0;0;0;0;0;0
system.mem_ctrls.readPktSize::1;0;0;0;0;0;0;0;0;0;0;0;0;0;0;0;0;0;0;0;0;0;0;0;0;0;0;0;0;0;0;0;0;0;0;0;0;0;0;0;0;0;0;0;0;0;0;0;0;0;0;0;0;0;0;0;0;0;0;0;0;0;0;0;0;0;0;0;0;0;0;0;0;0;0;0;0;0;0;0
system.mem_ctrls.readPktSize::2;0;0;0;0;0;0;0;0;0;0;0;0;0;0;0;0;0;0;0;0;0;0;0;0;0;0;0;0;0;0;0;0;0;0;0;0;0;0;0;0;0;0;0;0;0;0;0;0;0;0;0;0;0;0;0;0;0;0;0;0;0;0;0;0;0;0;0;0;0;0;0;0;0;0;0;0;0;0;0
system.mem_ctrls.readPktSize::3;0;0;0;0;0;0;0;0;0;0;0;0;0;0;0;0;0;0;0;0;0;0;0;0;0;0;0;0;0;0;0;0;0;0;0;0;0;0;0;0;0;0;0;0;0;0;0;0;0;0;0;0;0;0;0;0;0;0;0;0;0;0;0;0;0;0;0;0;0;0;0;0;0;0;0;0;0;0;0
system.mem_ctrls.readPktSize::4;0;0;0;0;0;0;0;0;0;0;0;0;0;0;0;0;0;0;0;0;0;0;0;0;0;0;0;0;0;0;0;0;0;0;0;0;0;0;0;0;0;0;0;0;0;0;0;0;0;0;0;0;0;0;0;0;0;0;0;0;0;0;0;0;0;0;0;0;0;0;0;0;0;0;0;0;0;0;0
system.mem_ctrls.readPktSize::5;0;0;0;0;0;0;0;0;0;0;0;0;0;0;0;0;0;0;0;0;0;0;0;0;0;0;0;0;0;0;0;0;0;0;0;0;0;0;0;0;0;0;0;0;0;0;0;0;0;0;0;0;0;0;0;0;0;0;0;0;0;0;0;0;0;0;0;0;0;0;0;0;0;0;0;0;0;0;0
system.mem_ctrls.readPktSize::6;0;0;0;0;0;0;0;0;0;0;0;0;0;0;0;0;0;0;0;0;0;0;0;0;0;0;0;0;0;0;0;0;0;0;0;0;0;0;0;0;0;0;0;0;0;0;0;0;0;0;0;0;0;0;0;0;0;0;0;0;0;0;0;0;0;0;0;0;0;0;0;0;0;0;0;0;0;0;0
system.mem_ctrls.writePktSize::0;0;0;0;0;0;0;0;0;0;0;0;0;0;0;0;0;0;0;0;0;0;0;0;0;0;0;0;0;0;0;0;0;0;0;0;0;0;0;0;0;0;0;0;0;0;0;0;0;0;0;0;0;0;0;0;0;0;0;0;0;0;0;0;0;0;0;0;0;0;0;0;0;0;0;0;0;0;0;0
system.mem_ctrls.writePktSize::1;0;0;0;0;0;0;0;0;0;0;0;0;0;0;0;0;0;0;0;0;0;0;0;0;0;0;0;0;0;0;0;0;0;0;0;0;0;0;0;0;0;0;0;0;0;0;0;0;0;0;0;0;0;0;0;0;0;0;0;0;0;0;0;0;0;0;0;0;0;0;0;0;0;0;0;0;0;0;0
system.mem_ctrls.writePktSize::2;0;0;0;0;0;0;0;0;0;0;0;0;0;0;0;0;0;0;0;0;0;0;0;0;0;0;0;0;0;0;0;0;0;0;0;0;0;0;0;0;0;0;0;0;0;0;0;0;0;0;0;0;0;0;0;0;0;0;0;0;0;0;0;0;0;0;0;0;0;0;0;0;0;0;0;0;0;0;0
system.mem_ctrls.writePktSize::3;0;0;0;0;0;0;0;0;0;0;0;0;0;0;0;0;0;0;0;0;0;0;0;0;0;0;0;0;0;0;0;0;0;0;0;0;0;0;0;0;0;0;0;0;0;0;0;0;0;0;0;0;0;0;0;0;0;0;0;0;0;0;0;0;0;0;0;0;0;0;0;0;0;0;0;0;0;0;0
system.mem_ctrls.writePktSize::4;0;0;0;0;0;0;0;0;0;0;0;0;0;0;0;0;0;0;0;0;0;0;0;0;0;0;0;0;0;0;0;0;0;0;0;0;0;0;0;0;0;0;0;0;0;0;0;0;0;0;0;0;0;0;0;0;0;0;0;0;0;0;0;0;0;0;0;0;0;0;0;0;0;0;0;0;0;0;0
system.mem_ctrls.writePktSize::5;0;0;0;0;0;0;0;0;0;0;0;0;0;0;0;0;0;0;0;0;0;0;0;0;0;0;0;0;0;0;0;0;0;0;0;0;0;0;0;0;0;0;0;0;0;0;0;0;0;0;0;0;0;0;0;0;0;0;0;0;0;0;0;0;0;0;0;0;0;0;0;0;0;0;0;0;0;0;0
system.mem_ctrls.writePktSize::6;0;0;0;0;0;0;0;0;0;0;0;0;0;0;0;0;0;0;0;0;0;0;0;0;0;0;0;0;0;0;0;0;0;0;0;0;0;0;0;0;0;0;0;0;0;0;0;0;0;0;0;0;0;0;0;0;0;0;0;0;0;0;0;0;0;0;0;0;0;0;0;0;0;0;0;0;0;0;0
system.mem_ctrls.rdQLenPdf::0;0;0;0;0;0;0;0;0;0;0;0;0;0;0;0;0;0;0;0;0;0;0;0;0;0;0;0;0;0;0;0;0;0;0;0;0;0;0;0;0;0;0;0;0;0;0;0;0;0;0;0;0;0;0;0;0;0;0;0;0;0;0;0;0;0;0;0;0;0;0;0;0;0;0;0;0;0;0;0
system.mem_ctrls.rdQLenPdf::1;0;0;0;0;0;0;0;0;0;0;0;0;0;0;0;0;0;0;0;0;0;0;0;0;0;0;0;0;0;0;0;0;0;0;0;0;0;0;0;0;0;0;0;0;0;0;0;0;0;0;0;0;0;0;0;0;0;0;0;0;0;0;0;0;0;0;0;0;0;0;0;0;0;0;0;0;0;0;0
system.mem_ctrls.rdQLenPdf::2;0;0;0;0;0;0;0;0;0;0;0;0;0;0;0;0;0;0;0;0;0;0;0;0;0;0;0;0;0;0;0;0;0;0;0;0;0;0;0;0;0;0;0;0;0;0;0;0;0;0;0;0;0;0;0;0;0;0;0;0;0;0;0;0;0;0;0;0;0;0;0;0;0;0;0;0;0;0;0
system.mem_ctrls.rdQLenPdf::3;0;0;0;0;0;0;0;0;0;0;0;0;0;0;0;0;0;0;0;0;0;0;0;0;0;0;0;0;0;0;0;0;0;0;0;0;0;0;0;0;0;0;0;0;0;0;0;0;0;0;0;0;0;0;0;0;0;0;0;0;0;0;0;0;0;0;0;0;0;0;0;0;0;0;0;0;0;0;0
system.mem_ctrls.rdQLenPdf::4;0;0;0;0;0;0;0;0;0;0;0;0;0;0;0;0;0;0;0;0;0;0;0;0;0;0;0;0;0;0;0;0;0;0;0;0;0;0;0;0;0;0;0;0;0;0;0;0;0;0;0;0;0;0;0;0;0;0;0;0;0;0;0;0;0;0;0;0;0;0;0;0;0;0;0;0;0;0;0
system.mem_ctrls.rdQLenPdf::5;0;0;0;0;0;0;0;0;0;0;0;0;0;0;0;0;0;0;0;0;0;0;0;0;0;0;0;0;0;0;0;0;0;0;0;0;0;0;0;0;0;0;0;0;0;0;0;0;0;0;0;0;0;0;0;0;0;0;0;0;0;0;0;0;0;0;0;0;0;0;0;0;0;0;0;0;0;0;0
system.mem_ctrls.rdQLenPdf::6;0;0;0;0;0;0;0;0;0;0;0;0;0;0;0;0;0;0;0;0;0;0;0;0;0;0;0;0;0;0;0;0;0;0;0;0;0;0;0;0;0;0;0;0;0;0;0;0;0;0;0;0;0;0;0;0;0;0;0;0;0;0;0;0;0;0;0;0;0;0;0;0;0;0;0;0;0;0;0
system.mem_ctrls.rdQLenPdf::7;0;0;0;0;0;0;0;0;0;0;0;0;0;0;0;0;0;0;0;0;0;0;0;0;0;0;0;0;0;0;0;0;0;0;0;0;0;0;0;0;0;0;0;0;0;0;0;0;0;0;0;0;0;0;0;0;0;0;0;0;0;0;0;0;0;0;0;0;0;0;0;0;0;0;0;0;0;0;0
system.mem_ctrls.rdQLenPdf::8;0;0;0;0;0;0;0;0;0;0;0;0;0;0;0;0;0;0;0;0;0;0;0;0;0;0;0;0;0;0;0;0;0;0;0;0;0;0;0;0;0;0;0;0;0;0;0;0;0;0;0;0;0;0;0;0;0;0;0;0;0;0;0;0;0;0;0;0;0;0;0;0;0;0;0;0;0;0;0
system.mem_ctrls.rdQLenPdf::9;0;0;0;0;0;0;0;0;0;0;0;0;0;0;0;0;0;0;0;0;0;0;0;0;0;0;0;0;0;0;0;0;0;0;0;0;0;0;0;0;0;0;0;0;0;0;0;0;0;0;0;0;0;0;0;0;0;0;0;0;0;0;0;0;0;0;0;0;0;0;0;0;0;0;0;0;0;0;0
system.mem_ctrls.rdQLenPdf::10;0;0;0;0;0;0;0;0;0;0;0;0;0;0;0;0;0;0;0;0;0;0;0;0;0;0;0;0;0;0;0;0;0;0;0;0;0;0;0;0;0;0;0;0;0;0;0;0;0;0;0;0;0;0;0;0;0;0;0;0;0;0;0;0;0;0;0;0;0;0;0;0;0;0;0;0;0;0;0
system.mem_ctrls.rdQLenPdf::11;0;0;0;0;0;0;0;0;0;0;0;0;0;0;0;0;0;0;0;0;0;0;0;0;0;0;0;0;0;0;0;0;0;0;0;0;0;0;0;0;0;0;0;0;0;0;0;0;0;0;0;0;0;0;0;0;0;0;0;0;0;0;0;0;0;0;0;0;0;0;0;0;0;0;0;0;0;0;0
system.mem_ctrls.rdQLenPdf::12;0;0;0;0;0;0;0;0;0;0;0;0;0;0;0;0;0;0;0;0;0;0;0;0;0;0;0;0;0;0;0;0;0;0;0;0;0;0;0;0;0;0;0;0;0;0;0;0;0;0;0;0;0;0;0;0;0;0;0;0;0;0;0;0;0;0;0;0;0;0;0;0;0;0;0;0;0;0;0
system.mem_ctrls.rdQLenPdf::13;0;0;0;0;0;0;0;0;0;0;0;0;0;0;0;0;0;0;0;0;0;0;0;0;0;0;0;0;0;0;0;0;0;0;0;0;0;0;0;0;0;0;0;0;0;0;0;0;0;0;0;0;0;0;0;0;0;0;0;0;0;0;0;0;0;0;0;0;0;0;0;0;0;0;0;0;0;0;0
system.mem_ctrls.rdQLenPdf::14;0;0;0;0;0;0;0;0;0;0;0;0;0;0;0;0;0;0;0;0;0;0;0;0;0;0;0;0;0;0;0;0;0;0;0;0;0;0;0;0;0;0;0;0;0;0;0;0;0;0;0;0;0;0;0;0;0;0;0;0;0;0;0;0;0;0;0;0;0;0;0;0;0;0;0;0;0;0;0
system.mem_ctrls.rdQLenPdf::15;0;0;0;0;0;0;0;0;0;0;0;0;0;0;0;0;0;0;0;0;0;0;0;0;0;0;0;0;0;0;0;0;0;0;0;0;0;0;0;0;0;0;0;0;0;0;0;0;0;0;0;0;0;0;0;0;0;0;0;0;0;0;0;0;0;0;0;0;0;0;0;0;0;0;0;0;0;0;0
system.mem_ctrls.rdQLenPdf::16;0;0;0;0;0;0;0;0;0;0;0;0;0;0;0;0;0;0;0;0;0;0;0;0;0;0;0;0;0;0;0;0;0;0;0;0;0;0;0;0;0;0;0;0;0;0;0;0;0;0;0;0;0;0;0;0;0;0;0;0;0;0;0;0;0;0;0;0;0;0;0;0;0;0;0;0;0;0;0
system.mem_ctrls.rdQLenPdf::17;0;0;0;0;0;0;0;0;0;0;0;0;0;0;0;0;0;0;0;0;0;0;0;0;0;0;0;0;0;0;0;0;0;0;0;0;0;0;0;0;0;0;0;0;0;0;0;0;0;0;0;0;0;0;0;0;0;0;0;0;0;0;0;0;0;0;0;0;0;0;0;0;0;0;0;0;0;0;0
system.mem_ctrls.rdQLenPdf::18;0;0;0;0;0;0;0;0;0;0;0;0;0;0;0;0;0;0;0;0;0;0;0;0;0;0;0;0;0;0;0;0;0;0;0;0;0;0;0;0;0;0;0;0;0;0;0;0;0;0;0;0;0;0;0;0;0;0;0;0;0;0;0;0;0;0;0;0;0;0;0;0;0;0;0;0;0;0;0
system.mem_ctrls.rdQLenPdf::19;0;0;0;0;0;0;0;0;0;0;0;0;0;0;0;0;0;0;0;0;0;0;0;0;0;0;0;0;0;0;0;0;0;0;0;0;0;0;0;0;0;0;0;0;0;0;0;0;0;0;0;0;0;0;0;0;0;0;0;0;0;0;0;0;0;0;0;0;0;0;0;0;0;0;0;0;0;0;0
system.mem_ctrls.rdQLenPdf::20;0;0;0;0;0;0;0;0;0;0;0;0;0;0;0;0;0;0;0;0;0;0;0;0;0;0;0;0;0;0;0;0;0;0;0;0;0;0;0;0;0;0;0;0;0;0;0;0;0;0;0;0;0;0;0;0;0;0;0;0;0;0;0;0;0;0;0;0;0;0;0;0;0;0;0;0;0;0;0
system.mem_ctrls.rdQLenPdf::21;0;0;0;0;0;0;0;0;0;0;0;0;0;0;0;0;0;0;0;0;0;0;0;0;0;0;0;0;0;0;0;0;0;0;0;0;0;0;0;0;0;0;0;0;0;0;0;0;0;0;0;0;0;0;0;0;0;0;0;0;0;0;0;0;0;0;0;0;0;0;0;0;0;0;0;0;0;0;0
system.mem_ctrls.rdQLenPdf::22;0;0;0;0;0;0;0;0;0;0;0;0;0;0;0;0;0;0;0;0;0;0;0;0;0;0;0;0;0;0;0;0;0;0;0;0;0;0;0;0;0;0;0;0;0;0;0;0;0;0;0;0;0;0;0;0;0;0;0;0;0;0;0;0;0;0;0;0;0;0;0;0;0;0;0;0;0;0;0
system.mem_ctrls.rdQLenPdf::23;0;0;0;0;0;0;0;0;0;0;0;0;0;0;0;0;0;0;0;0;0;0;0;0;0;0;0;0;0;0;0;0;0;0;0;0;0;0;0;0;0;0;0;0;0;0;0;0;0;0;0;0;0;0;0;0;0;0;0;0;0;0;0;0;0;0;0;0;0;0;0;0;0;0;0;0;0;0;0
system.mem_ctrls.rdQLenPdf::24;0;0;0;0;0;0;0;0;0;0;0;0;0;0;0;0;0;0;0;0;0;0;0;0;0;0;0;0;0;0;0;0;0;0;0;0;0;0;0;0;0;0;0;0;0;0;0;0;0;0;0;0;0;0;0;0;0;0;0;0;0;0;0;0;0;0;0;0;0;0;0;0;0;0;0;0;0;0;0
system.mem_ctrls.rdQLenPdf::25;0;0;0;0;0;0;0;0;0;0;0;0;0;0;0;0;0;0;0;0;0;0;0;0;0;0;0;0;0;0;0;0;0;0;0;0;0;0;0;0;0;0;0;0;0;0;0;0;0;0;0;0;0;0;0;0;0;0;0;0;0;0;0;0;0;0;0;0;0;0;0;0;0;0;0;0;0;0;0
system.mem_ctrls.rdQLenPdf::26;0;0;0;0;0;0;0;0;0;0;0;0;0;0;0;0;0;0;0;0;0;0;0;0;0;0;0;0;0;0;0;0;0;0;0;0;0;0;0;0;0;0;0;0;0;0;0;0;0;0;0;0;0;0;0;0;0;0;0;0;0;0;0;0;0;0;0;0;0;0;0;0;0;0;0;0;0;0;0
system.mem_ctrls.rdQLenPdf::27;0;0;0;0;0;0;0;0;0;0;0;0;0;0;0;0;0;0;0;0;0;0;0;0;0;0;0;0;0;0;0;0;0;0;0;0;0;0;0;0;0;0;0;0;0;0;0;0;0;0;0;0;0;0;0;0;0;0;0;0;0;0;0;0;0;0;0;0;0;0;0;0;0;0;0;0;0;0;0
system.mem_ctrls.rdQLenPdf::28;0;0;0;0;0;0;0;0;0;0;0;0;0;0;0;0;0;0;0;0;0;0;0;0;0;0;0;0;0;0;0;0;0;0;0;0;0;0;0;0;0;0;0;0;0;0;0;0;0;0;0;0;0;0;0;0;0;0;0;0;0;0;0;0;0;0;0;0;0;0;0;0;0;0;0;0;0;0;0
system.mem_ctrls.rdQLenPdf::29;0;0;0;0;0;0;0;0;0;0;0;0;0;0;0;0;0;0;0;0;0;0;0;0;0;0;0;0;0;0;0;0;0;0;0;0;0;0;0;0;0;0;0;0;0;0;0;0;0;0;0;0;0;0;0;0;0;0;0;0;0;0;0;0;0;0;0;0;0;0;0;0;0;0;0;0;0;0;0
system.mem_ctrls.rdQLenPdf::30;0;0;0;0;0;0;0;0;0;0;0;0;0;0;0;0;0;0;0;0;0;0;0;0;0;0;0;0;0;0;0;0;0;0;0;0;0;0;0;0;0;0;0;0;0;0;0;0;0;0;0;0;0;0;0;0;0;0;0;0;0;0;0;0;0;0;0;0;0;0;0;0;0;0;0;0;0;0;0
system.mem_ctrls.rdQLenPdf::31;0;0;0;0;0;0;0;0;0;0;0;0;0;0;0;0;0;0;0;0;0;0;0;0;0;0;0;0;0;0;0;0;0;0;0;0;0;0;0;0;0;0;0;0;0;0;0;0;0;0;0;0;0;0;0;0;0;0;0;0;0;0;0;0;0;0;0;0;0;0;0;0;0;0;0;0;0;0;0
system.mem_ctrls.wrQLenPdf::0;0;0;0;0;0;0;0;0;0;0;0;0;0;0;0;0;0;0;0;0;0;0;0;0;0;0;0;0;0;0;0;0;0;0;0;0;0;0;0;0;0;0;0;0;0;0;0;0;0;0;0;0;0;0;0;0;0;0;0;0;0;0;0;0;0;0;0;0;0;0;0;0;0;0;0;0;0;0;0
system.mem_ctrls.wrQLenPdf::1;0;0;0;0;0;0;0;0;0;0;0;0;0;0;0;0;0;0;0;0;0;0;0;0;0;0;0;0;0;0;0;0;0;0;0;0;0;0;0;0;0;0;0;0;0;0;0;0;0;0;0;0;0;0;0;0;0;0;0;0;0;0;0;0;0;0;0;0;0;0;0;0;0;0;0;0;0;0;0
system.mem_ctrls.wrQLenPdf::2;0;0;0;0;0;0;0;0;0;0;0;0;0;0;0;0;0;0;0;0;0;0;0;0;0;0;0;0;0;0;0;0;0;0;0;0;0;0;0;0;0;0;0;0;0;0;0;0;0;0;0;0;0;0;0;0;0;0;0;0;0;0;0;0;0;0;0;0;0;0;0;0;0;0;0;0;0;0;0
system.mem_ctrls.wrQLenPdf::3;0;0;0;0;0;0;0;0;0;0;0;0;0;0;0;0;0;0;0;0;0;0;0;0;0;0;0;0;0;0;0;0;0;0;0;0;0;0;0;0;0;0;0;0;0;0;0;0;0;0;0;0;0;0;0;0;0;0;0;0;0;0;0;0;0;0;0;0;0;0;0;0;0;0;0;0;0;0;0
system.mem_ctrls.wrQLenPdf::4;0;0;0;0;0;0;0;0;0;0;0;0;0;0;0;0;0;0;0;0;0;0;0;0;0;0;0;0;0;0;0;0;0;0;0;0;0;0;0;0;0;0;0;0;0;0;0;0;0;0;0;0;0;0;0;0;0;0;0;0;0;0;0;0;0;0;0;0;0;0;0;0;0;0;0;0;0;0;0
system.mem_ctrls.wrQLenPdf::5;0;0;0;0;0;0;0;0;0;0;0;0;0;0;0;0;0;0;0;0;0;0;0;0;0;0;0;0;0;0;0;0;0;0;0;0;0;0;0;0;0;0;0;0;0;0;0;0;0;0;0;0;0;0;0;0;0;0;0;0;0;0;0;0;0;0;0;0;0;0;0;0;0;0;0;0;0;0;0
system.mem_ctrls.wrQLenPdf::6;0;0;0;0;0;0;0;0;0;0;0;0;0;0;0;0;0;0;0;0;0;0;0;0;0;0;0;0;0;0;0;0;0;0;0;0;0;0;0;0;0;0;0;0;0;0;0;0;0;0;0;0;0;0;0;0;0;0;0;0;0;0;0;0;0;0;0;0;0;0;0;0;0;0;0;0;0;0;0
system.mem_ctrls.wrQLenPdf::7;0;0;0;0;0;0;0;0;0;0;0;0;0;0;0;0;0;0;0;0;0;0;0;0;0;0;0;0;0;0;0;0;0;0;0;0;0;0;0;0;0;0;0;0;0;0;0;0;0;0;0;0;0;0;0;0;0;0;0;0;0;0;0;0;0;0;0;0;0;0;0;0;0;0;0;0;0;0;0
system.mem_ctrls.wrQLenPdf::8;0;0;0;0;0;0;0;0;0;0;0;0;0;0;0;0;0;0;0;0;0;0;0;0;0;0;0;0;0;0;0;0;0;0;0;0;0;0;0;0;0;0;0;0;0;0;0;0;0;0;0;0;0;0;0;0;0;0;0;0;0;0;0;0;0;0;0;0;0;0;0;0;0;0;0;0;0;0;0
system.mem_ctrls.wrQLenPdf::9;0;0;0;0;0;0;0;0;0;0;0;0;0;0;0;0;0;0;0;0;0;0;0;0;0;0;0;0;0;0;0;0;0;0;0;0;0;0;0;0;0;0;0;0;0;0;0;0;0;0;0;0;0;0;0;0;0;0;0;0;0;0;0;0;0;0;0;0;0;0;0;0;0;0;0;0;0;0;0
system.mem_ctrls.wrQLenPdf::10;0;0;0;0;0;0;0;0;0;0;0;0;0;0;0;0;0;0;0;0;0;0;0;0;0;0;0;0;0;0;0;0;0;0;0;0;0;0;0;0;0;0;0;0;0;0;0;0;0;0;0;0;0;0;0;0;0;0;0;0;0;0;0;0;0;0;0;0;0;0;0;0;0;0;0;0;0;0;0
system.mem_ctrls.wrQLenPdf::11;0;0;0;0;0;0;0;0;0;0;0;0;0;0;0;0;0;0;0;0;0;0;0;0;0;0;0;0;0;0;0;0;0;0;0;0;0;0;0;0;0;0;0;0;0;0;0;0;0;0;0;0;0;0;0;0;0;0;0;0;0;0;0;0;0;0;0;0;0;0;0;0;0;0;0;0;0;0;0
system.mem_ctrls.wrQLenPdf::12;0;0;0;0;0;0;0;0;0;0;0;0;0;0;0;0;0;0;0;0;0;0;0;0;0;0;0;0;0;0;0;0;0;0;0;0;0;0;0;0;0;0;0;0;0;0;0;0;0;0;0;0;0;0;0;0;0;0;0;0;0;0;0;0;0;0;0;0;0;0;0;0;0;0;0;0;0;0;0
system.mem_ctrls.wrQLenPdf::13;0;0;0;0;0;0;0;0;0;0;0;0;0;0;0;0;0;0;0;0;0;0;0;0;0;0;0;0;0;0;0;0;0;0;0;0;0;0;0;0;0;0;0;0;0;0;0;0;0;0;0;0;0;0;0;0;0;0;0;0;0;0;0;0;0;0;0;0;0;0;0;0;0;0;0;0;0;0;0
system.mem_ctrls.wrQLenPdf::14;0;0;0;0;0;0;0;0;0;0;0;0;0;0;0;0;0;0;0;0;0;0;0;0;0;0;0;0;0;0;0;0;0;0;0;0;0;0;0;0;0;0;0;0;0;0;0;0;0;0;0;0;0;0;0;0;0;0;0;0;0;0;0;0;0;0;0;0;0;0;0;0;0;0;0;0;0;0;0
system.mem_ctrls.wrQLenPdf::15;0;0;0;0;0;0;0;0;0;0;0;0;0;0;0;0;0;0;0;0;0;0;0;0;0;0;0;0;0;0;0;0;0;0;0;0;0;0;0;0;0;0;0;0;0;0;0;0;0;0;0;0;0;0;0;0;0;0;0;0;0;0;0;0;0;0;0;0;0;0;0;0;0;0;0;0;0;0;0
system.mem_ctrls.wrQLenPdf::16;0;0;0;0;0;0;0;0;0;0;0;0;0;0;0;0;0;0;0;0;0;0;0;0;0;0;0;0;0;0;0;0;0;0;0;0;0;0;0;0;0;0;0;0;0;0;0;0;0;0;0;0;0;0;0;0;0;0;0;0;0;0;0;0;0;0;0;0;0;0;0;0;0;0;0;0;0;0;0
system.mem_ctrls.wrQLenPdf::17;0;0;0;0;0;0;0;0;0;0;0;0;0;0;0;0;0;0;0;0;0;0;0;0;0;0;0;0;0;0;0;0;0;0;0;0;0;0;0;0;0;0;0;0;0;0;0;0;0;0;0;0;0;0;0;0;0;0;0;0;0;0;0;0;0;0;0;0;0;0;0;0;0;0;0;0;0;0;0
system.mem_ctrls.wrQLenPdf::18;0;0;0;0;0;0;0;0;0;0;0;0;0;0;0;0;0;0;0;0;0;0;0;0;0;0;0;0;0;0;0;0;0;0;0;0;0;0;0;0;0;0;0;0;0;0;0;0;0;0;0;0;0;0;0;0;0;0;0;0;0;0;0;0;0;0;0;0;0;0;0;0;0;0;0;0;0;0;0
system.mem_ctrls.wrQLenPdf::19;0;0;0;0;0;0;0;0;0;0;0;0;0;0;0;0;0;0;0;0;0;0;0;0;0;0;0;0;0;0;0;0;0;0;0;0;0;0;0;0;0;0;0;0;0;0;0;0;0;0;0;0;0;0;0;0;0;0;0;0;0;0;0;0;0;0;0;0;0;0;0;0;0;0;0;0;0;0;0
system.mem_ctrls.wrQLenPdf::20;0;0;0;0;0;0;0;0;0;0;0;0;0;0;0;0;0;0;0;0;0;0;0;0;0;0;0;0;0;0;0;0;0;0;0;0;0;0;0;0;0;0;0;0;0;0;0;0;0;0;0;0;0;0;0;0;0;0;0;0;0;0;0;0;0;0;0;0;0;0;0;0;0;0;0;0;0;0;0
system.mem_ctrls.wrQLenPdf::21;0;0;0;0;0;0;0;0;0;0;0;0;0;0;0;0;0;0;0;0;0;0;0;0;0;0;0;0;0;0;0;0;0;0;0;0;0;0;0;0;0;0;0;0;0;0;0;0;0;0;0;0;0;0;0;0;0;0;0;0;0;0;0;0;0;0;0;0;0;0;0;0;0;0;0;0;0;0;0
system.mem_ctrls.wrQLenPdf::22;0;0;0;0;0;0;0;0;0;0;0;0;0;0;0;0;0;0;0;0;0;0;0;0;0;0;0;0;0;0;0;0;0;0;0;0;0;0;0;0;0;0;0;0;0;0;0;0;0;0;0;0;0;0;0;0;0;0;0;0;0;0;0;0;0;0;0;0;0;0;0;0;0;0;0;0;0;0;0
system.mem_ctrls.wrQLenPdf::23;0;0;0;0;0;0;0;0;0;0;0;0;0;0;0;0;0;0;0;0;0;0;0;0;0;0;0;0;0;0;0;0;0;0;0;0;0;0;0;0;0;0;0;0;0;0;0;0;0;0;0;0;0;0;0;0;0;0;0;0;0;0;0;0;0;0;0;0;0;0;0;0;0;0;0;0;0;0;0
system.mem_ctrls.wrQLenPdf::24;0;0;0;0;0;0;0;0;0;0;0;0;0;0;0;0;0;0;0;0;0;0;0;0;0;0;0;0;0;0;0;0;0;0;0;0;0;0;0;0;0;0;0;0;0;0;0;0;0;0;0;0;0;0;0;0;0;0;0;0;0;0;0;0;0;0;0;0;0;0;0;0;0;0;0;0;0;0;0
system.mem_ctrls.wrQLenPdf::25;0;0;0;0;0;0;0;0;0;0;0;0;0;0;0;0;0;0;0;0;0;0;0;0;0;0;0;0;0;0;0;0;0;0;0;0;0;0;0;0;0;0;0;0;0;0;0;0;0;0;0;0;0;0;0;0;0;0;0;0;0;0;0;0;0;0;0;0;0;0;0;0;0;0;0;0;0;0;0
system.mem_ctrls.wrQLenPdf::26;0;0;0;0;0;0;0;0;0;0;0;0;0;0;0;0;0;0;0;0;0;0;0;0;0;0;0;0;0;0;0;0;0;0;0;0;0;0;0;0;0;0;0;0;0;0;0;0;0;0;0;0;0;0;0;0;0;0;0;0;0;0;0;0;0;0;0;0;0;0;0;0;0;0;0;0;0;0;0
system.mem_ctrls.wrQLenPdf::27;0;0;0;0;0;0;0;0;0;0;0;0;0;0;0;0;0;0;0;0;0;0;0;0;0;0;0;0;0;0;0;0;0;0;0;0;0;0;0;0;0;0;0;0;0;0;0;0;0;0;0;0;0;0;0;0;0;0;0;0;0;0;0;0;0;0;0;0;0;0;0;0;0;0;0;0;0;0;0
system.mem_ctrls.wrQLenPdf::28;0;0;0;0;0;0;0;0;0;0;0;0;0;0;0;0;0;0;0;0;0;0;0;0;0;0;0;0;0;0;0;0;0;0;0;0;0;0;0;0;0;0;0;0;0;0;0;0;0;0;0;0;0;0;0;0;0;0;0;0;0;0;0;0;0;0;0;0;0;0;0;0;0;0;0;0;0;0;0
system.mem_ctrls.wrQLenPdf::29;0;0;0;0;0;0;0;0;0;0;0;0;0;0;0;0;0;0;0;0;0;0;0;0;0;0;0;0;0;0;0;0;0;0;0;0;0;0;0;0;0;0;0;0;0;0;0;0;0;0;0;0;0;0;0;0;0;0;0;0;0;0;0;0;0;0;0;0;0;0;0;0;0;0;0;0;0;0;0
system.mem_ctrls.wrQLenPdf::30;0;0;0;0;0;0;0;0;0;0;0;0;0;0;0;0;0;0;0;0;0;0;0;0;0;0;0;0;0;0;0;0;0;0;0;0;0;0;0;0;0;0;0;0;0;0;0;0;0;0;0;0;0;0;0;0;0;0;0;0;0;0;0;0;0;0;0;0;0;0;0;0;0;0;0;0;0;0;0
system.mem_ctrls.wrQLenPdf::31;0;0;0;0;0;0;0;0;0;0;0;0;0;0;0;0;0;0;0;0;0;0;0;0;0;0;0;0;0;0;0;0;0;0;0;0;0;0;0;0;0;0;0;0;0;0;0;0;0;0;0;0;0;0;0;0;0;0;0;0;0;0;0;0;0;0;0;0;0;0;0;0;0;0;0;0;0;0;0
system.mem_ctrls.wrQLenPdf::32;0;0;0;0;0;0;0;0;0;0;0;0;0;0;0;0;0;0;0;0;0;0;0;0;0;0;0;0;0;0;0;0;0;0;0;0;0;0;0;0;0;0;0;0;0;0;0;0;0;0;0;0;0;0;0;0;0;0;0;0;0;0;0;0;0;0;0;0;0;0;0;0;0;0;0;0;0;0;0
system.mem_ctrls.wrQLenPdf::33;0;0;0;0;0;0;0;0;0;0;0;0;0;0;0;0;0;0;0;0;0;0;0;0;0;0;0;0;0;0;0;0;0;0;0;0;0;0;0;0;0;0;0;0;0;0;0;0;0;0;0;0;0;0;0;0;0;0;0;0;0;0;0;0;0;0;0;0;0;0;0;0;0;0;0;0;0;0;0
system.mem_ctrls.wrQLenPdf::34;0;0;0;0;0;0;0;0;0;0;0;0;0;0;0;0;0;0;0;0;0;0;0;0;0;0;0;0;0;0;0;0;0;0;0;0;0;0;0;0;0;0;0;0;0;0;0;0;0;0;0;0;0;0;0;0;0;0;0;0;0;0;0;0;0;0;0;0;0;0;0;0;0;0;0;0;0;0;0
system.mem_ctrls.wrQLenPdf::35;0;0;0;0;0;0;0;0;0;0;0;0;0;0;0;0;0;0;0;0;0;0;0;0;0;0;0;0;0;0;0;0;0;0;0;0;0;0;0;0;0;0;0;0;0;0;0;0;0;0;0;0;0;0;0;0;0;0;0;0;0;0;0;0;0;0;0;0;0;0;0;0;0;0;0;0;0;0;0
system.mem_ctrls.wrQLenPdf::36;0;0;0;0;0;0;0;0;0;0;0;0;0;0;0;0;0;0;0;0;0;0;0;0;0;0;0;0;0;0;0;0;0;0;0;0;0;0;0;0;0;0;0;0;0;0;0;0;0;0;0;0;0;0;0;0;0;0;0;0;0;0;0;0;0;0;0;0;0;0;0;0;0;0;0;0;0;0;0
system.mem_ctrls.wrQLenPdf::37;0;0;0;0;0;0;0;0;0;0;0;0;0;0;0;0;0;0;0;0;0;0;0;0;0;0;0;0;0;0;0;0;0;0;0;0;0;0;0;0;0;0;0;0;0;0;0;0;0;0;0;0;0;0;0;0;0;0;0;0;0;0;0;0;0;0;0;0;0;0;0;0;0;0;0;0;0;0;0
system.mem_ctrls.wrQLenPdf::38;0;0;0;0;0;0;0;0;0;0;0;0;0;0;0;0;0;0;0;0;0;0;0;0;0;0;0;0;0;0;0;0;0;0;0;0;0;0;0;0;0;0;0;0;0;0;0;0;0;0;0;0;0;0;0;0;0;0;0;0;0;0;0;0;0;0;0;0;0;0;0;0;0;0;0;0;0;0;0
system.mem_ctrls.wrQLenPdf::39;0;0;0;0;0;0;0;0;0;0;0;0;0;0;0;0;0;0;0;0;0;0;0;0;0;0;0;0;0;0;0;0;0;0;0;0;0;0;0;0;0;0;0;0;0;0;0;0;0;0;0;0;0;0;0;0;0;0;0;0;0;0;0;0;0;0;0;0;0;0;0;0;0;0;0;0;0;0;0
system.mem_ctrls.wrQLenPdf::40;0;0;0;0;0;0;0;0;0;0;0;0;0;0;0;0;0;0;0;0;0;0;0;0;0;0;0;0;0;0;0;0;0;0;0;0;0;0;0;0;0;0;0;0;0;0;0;0;0;0;0;0;0;0;0;0;0;0;0;0;0;0;0;0;0;0;0;0;0;0;0;0;0;0;0;0;0;0;0
system.mem_ctrls.wrQLenPdf::41;0;0;0;0;0;0;0;0;0;0;0;0;0;0;0;0;0;0;0;0;0;0;0;0;0;0;0;0;0;0;0;0;0;0;0;0;0;0;0;0;0;0;0;0;0;0;0;0;0;0;0;0;0;0;0;0;0;0;0;0;0;0;0;0;0;0;0;0;0;0;0;0;0;0;0;0;0;0;0
system.mem_ctrls.wrQLenPdf::42;0;0;0;0;0;0;0;0;0;0;0;0;0;0;0;0;0;0;0;0;0;0;0;0;0;0;0;0;0;0;0;0;0;0;0;0;0;0;0;0;0;0;0;0;0;0;0;0;0;0;0;0;0;0;0;0;0;0;0;0;0;0;0;0;0;0;0;0;0;0;0;0;0;0;0;0;0;0;0
system.mem_ctrls.wrQLenPdf::43;0;0;0;0;0;0;0;0;0;0;0;0;0;0;0;0;0;0;0;0;0;0;0;0;0;0;0;0;0;0;0;0;0;0;0;0;0;0;0;0;0;0;0;0;0;0;0;0;0;0;0;0;0;0;0;0;0;0;0;0;0;0;0;0;0;0;0;0;0;0;0;0;0;0;0;0;0;0;0
system.mem_ctrls.wrQLenPdf::44;0;0;0;0;0;0;0;0;0;0;0;0;0;0;0;0;0;0;0;0;0;0;0;0;0;0;0;0;0;0;0;0;0;0;0;0;0;0;0;0;0;0;0;0;0;0;0;0;0;0;0;0;0;0;0;0;0;0;0;0;0;0;0;0;0;0;0;0;0;0;0;0;0;0;0;0;0;0;0
system.mem_ctrls.wrQLenPdf::45;0;0;0;0;0;0;0;0;0;0;0;0;0;0;0;0;0;0;0;0;0;0;0;0;0;0;0;0;0;0;0;0;0;0;0;0;0;0;0;0;0;0;0;0;0;0;0;0;0;0;0;0;0;0;0;0;0;0;0;0;0;0;0;0;0;0;0;0;0;0;0;0;0;0;0;0;0;0;0
system.mem_ctrls.wrQLenPdf::46;0;0;0;0;0;0;0;0;0;0;0;0;0;0;0;0;0;0;0;0;0;0;0;0;0;0;0;0;0;0;0;0;0;0;0;0;0;0;0;0;0;0;0;0;0;0;0;0;0;0;0;0;0;0;0;0;0;0;0;0;0;0;0;0;0;0;0;0;0;0;0;0;0;0;0;0;0;0;0
system.mem_ctrls.wrQLenPdf::47;0;0;0;0;0;0;0;0;0;0;0;0;0;0;0;0;0;0;0;0;0;0;0;0;0;0;0;0;0;0;0;0;0;0;0;0;0;0;0;0;0;0;0;0;0;0;0;0;0;0;0;0;0;0;0;0;0;0;0;0;0;0;0;0;0;0;0;0;0;0;0;0;0;0;0;0;0;0;0
system.mem_ctrls.wrQLenPdf::48;0;0;0;0;0;0;0;0;0;0;0;0;0;0;0;0;0;0;0;0;0;0;0;0;0;0;0;0;0;0;0;0;0;0;0;0;0;0;0;0;0;0;0;0;0;0;0;0;0;0;0;0;0;0;0;0;0;0;0;0;0;0;0;0;0;0;0;0;0;0;0;0;0;0;0;0;0;0;0
system.mem_ctrls.wrQLenPdf::49;0;0;0;0;0;0;0;0;0;0;0;0;0;0;0;0;0;0;0;0;0;0;0;0;0;0;0;0;0;0;0;0;0;0;0;0;0;0;0;0;0;0;0;0;0;0;0;0;0;0;0;0;0;0;0;0;0;0;0;0;0;0;0;0;0;0;0;0;0;0;0;0;0;0;0;0;0;0;0
system.mem_ctrls.wrQLenPdf::50;0;0;0;0;0;0;0;0;0;0;0;0;0;0;0;0;0;0;0;0;0;0;0;0;0;0;0;0;0;0;0;0;0;0;0;0;0;0;0;0;0;0;0;0;0;0;0;0;0;0;0;0;0;0;0;0;0;0;0;0;0;0;0;0;0;0;0;0;0;0;0;0;0;0;0;0;0;0;0
system.mem_ctrls.wrQLenPdf::51;0;0;0;0;0;0;0;0;0;0;0;0;0;0;0;0;0;0;0;0;0;0;0;0;0;0;0;0;0;0;0;0;0;0;0;0;0;0;0;0;0;0;0;0;0;0;0;0;0;0;0;0;0;0;0;0;0;0;0;0;0;0;0;0;0;0;0;0;0;0;0;0;0;0;0;0;0;0;0
system.mem_ctrls.wrQLenPdf::52;0;0;0;0;0;0;0;0;0;0;0;0;0;0;0;0;0;0;0;0;0;0;0;0;0;0;0;0;0;0;0;0;0;0;0;0;0;0;0;0;0;0;0;0;0;0;0;0;0;0;0;0;0;0;0;0;0;0;0;0;0;0;0;0;0;0;0;0;0;0;0;0;0;0;0;0;0;0;0
system.mem_ctrls.wrQLenPdf::53;0;0;0;0;0;0;0;0;0;0;0;0;0;0;0;0;0;0;0;0;0;0;0;0;0;0;0;0;0;0;0;0;0;0;0;0;0;0;0;0;0;0;0;0;0;0;0;0;0;0;0;0;0;0;0;0;0;0;0;0;0;0;0;0;0;0;0;0;0;0;0;0;0;0;0;0;0;0;0
system.mem_ctrls.wrQLenPdf::54;0;0;0;0;0;0;0;0;0;0;0;0;0;0;0;0;0;0;0;0;0;0;0;0;0;0;0;0;0;0;0;0;0;0;0;0;0;0;0;0;0;0;0;0;0;0;0;0;0;0;0;0;0;0;0;0;0;0;0;0;0;0;0;0;0;0;0;0;0;0;0;0;0;0;0;0;0;0;0
system.mem_ctrls.wrQLenPdf::55;0;0;0;0;0;0;0;0;0;0;0;0;0;0;0;0;0;0;0;0;0;0;0;0;0;0;0;0;0;0;0;0;0;0;0;0;0;0;0;0;0;0;0;0;0;0;0;0;0;0;0;0;0;0;0;0;0;0;0;0;0;0;0;0;0;0;0;0;0;0;0;0;0;0;0;0;0;0;0
system.mem_ctrls.wrQLenPdf::56;0;0;0;0;0;0;0;0;0;0;0;0;0;0;0;0;0;0;0;0;0;0;0;0;0;0;0;0;0;0;0;0;0;0;0;0;0;0;0;0;0;0;0;0;0;0;0;0;0;0;0;0;0;0;0;0;0;0;0;0;0;0;0;0;0;0;0;0;0;0;0;0;0;0;0;0;0;0;0
system.mem_ctrls.wrQLenPdf::57;0;0;0;0;0;0;0;0;0;0;0;0;0;0;0;0;0;0;0;0;0;0;0;0;0;0;0;0;0;0;0;0;0;0;0;0;0;0;0;0;0;0;0;0;0;0;0;0;0;0;0;0;0;0;0;0;0;0;0;0;0;0;0;0;0;0;0;0;0;0;0;0;0;0;0;0;0;0;0
system.mem_ctrls.wrQLenPdf::58;0;0;0;0;0;0;0;0;0;0;0;0;0;0;0;0;0;0;0;0;0;0;0;0;0;0;0;0;0;0;0;0;0;0;0;0;0;0;0;0;0;0;0;0;0;0;0;0;0;0;0;0;0;0;0;0;0;0;0;0;0;0;0;0;0;0;0;0;0;0;0;0;0;0;0;0;0;0;0
system.mem_ctrls.wrQLenPdf::59;0;0;0;0;0;0;0;0;0;0;0;0;0;0;0;0;0;0;0;0;0;0;0;0;0;0;0;0;0;0;0;0;0;0;0;0;0;0;0;0;0;0;0;0;0;0;0;0;0;0;0;0;0;0;0;0;0;0;0;0;0;0;0;0;0;0;0;0;0;0;0;0;0;0;0;0;0;0;0
system.mem_ctrls.wrQLenPdf::60;0;0;0;0;0;0;0;0;0;0;0;0;0;0;0;0;0;0;0;0;0;0;0;0;0;0;0;0;0;0;0;0;0;0;0;0;0;0;0;0;0;0;0;0;0;0;0;0;0;0;0;0;0;0;0;0;0;0;0;0;0;0;0;0;0;0;0;0;0;0;0;0;0;0;0;0;0;0;0
system.mem_ctrls.wrQLenPdf::61;0;0;0;0;0;0;0;0;0;0;0;0;0;0;0;0;0;0;0;0;0;0;0;0;0;0;0;0;0;0;0;0;0;0;0;0;0;0;0;0;0;0;0;0;0;0;0;0;0;0;0;0;0;0;0;0;0;0;0;0;0;0;0;0;0;0;0;0;0;0;0;0;0;0;0;0;0;0;0
system.mem_ctrls.wrQLenPdf::62;0;0;0;0;0;0;0;0;0;0;0;0;0;0;0;0;0;0;0;0;0;0;0;0;0;0;0;0;0;0;0;0;0;0;0;0;0;0;0;0;0;0;0;0;0;0;0;0;0;0;0;0;0;0;0;0;0;0;0;0;0;0;0;0;0;0;0;0;0;0;0;0;0;0;0;0;0;0;0
system.mem_ctrls.wrQLenPdf::63;0;0;0;0;0;0;0;0;0;0;0;0;0;0;0;0;0;0;0;0;0;0;0;0;0;0;0;0;0;0;0;0;0;0;0;0;0;0;0;0;0;0;0;0;0;0;0;0;0;0;0;0;0;0;0;0;0;0;0;0;0;0;0;0;0;0;0;0;0;0;0;0;0;0;0;0;0;0;0
system.mem_ctrls.bytesReadWrQ;0;0;0;0;0;0;0;0;0;0;0;0;0;0;0;0;0;0;0;0;0;0;0;0;0;0;0;0;0;0;0;0;0;0;0;0;0;0;0;0;0;0;0;0;0;0;0;0;0;0;0;0;0;0;0;0;0;0;0;0;0;0;0;0;0;0;0;0;0;0;0;0;0;0;0;0;0;0;0
system.mem_ctrls.bytesReadSys;0;0;0;0;0;0;0;0;0;0;0;0;0;0;0;0;0;0;0;0;0;0;0;0;0;0;0;0;0;0;0;0;0;0;0;0;0;0;0;0;0;0;0;0;0;0;0;0;0;0;0;0;0;0;0;0;0;0;0;0;0;0;0;0;0;0;0;0;0;0;0;0;0;0;0;0;0;0;0
system.mem_ctrls.bytesWrittenSys;0;0;0;0;0;0;0;0;0;0;0;0;0;0;0;0;0;0;0;0;0;0;0;0;0;0;0;0;0;0;0;0;0;0;0;0;0;0;0;0;0;0;0;0;0;0;0;0;0;0;0;0;0;0;0;0;0;0;0;0;0;0;0;0;0;0;0;0;0;0;0;0;0;0;0;0;0;0;0
system.mem_ctrls.avgRdBWSys;0;0;0;0;0;0;0;0;0;0;0;0;0;0;0;0;0;0;0;0;0;0;0;0;0;0;0;0;0;0;0;0;0;0;0;0;0;0;0;0;0;0;0;0;0;0;0;0;0;0;0;0;0;0;0;0;0;0;0;0;0;0;0;0;0;0;0;0;0;0;0;0;0;0;0;0;0;0;0
system.mem_ctrls.avgWrBWSys;0;0;0;0;0;0;0;0;0;0;0;0;0;0;0;0;0;0;0;0;0;0;0;0;0;0;0;0;0;0;0;0;0;0;0;0;0;0;0;0;0;0;0;0;0;0;0;0;0;0;0;0;0;0;0;0;0;0;0;0;0;0;0;0;0;0;0;0;0;0;0;0;0;0;0;0;0;0;0
system.mem_ctrls.totGap;0;0;0;0;0;0;0;0;0;0;0;0;0;0;0;0;0;0;0;0;0;0;0;0;0;0;0;0;0;0;0;0;0;0;0;0;0;0;0;0;0;0;0;0;0;0;0;0;0;0;0;0;0;0;0;0;0;0;0;0;0;0;0;0;0;0;0;0;0;0;0;0;0;0;0;0;0;0;0
system.mem_ctrls.dram.bytesRead::cpu.inst;51555794640;98915303240;1,46275E+11;1,93634E+11;2,40994E+11;2,88353E+11;3,37035E+11;3,84394E+11;4,31754E+11;4,79113E+11;9,55352E+11;1,43027E+12;1,90651E+12;2,38142E+12;2,85766E+12;3,33258E+12;3,80882E+12;4,28506E+12;4,75997E+12;9,18628E+12;51562487880;98922008456;1,46281E+11;1,93641E+11;2,41001E+11;2,8836E+11;3,37041E+11;3,84401E+11;4,3176E+11;4,7912E+11;9,55359E+11;1,43028E+12;1,90651E+12;2,38143E+12;2,85767E+12;3,33259E+12;3,80883E+12;4,75998E+12;9,51709E+12;51622789656;99049255696;1,46476E+11;1,93902E+11;2,41329E+11;2,88755E+11;3,37503E+11;3,8493E+11;4,32356E+11;4,79783E+11;9,5669E+11;1,43227E+12;1,90918E+12;2,38476E+12;2,86167E+12;3,33725E+12;3,81416E+12;4,29106E+12;4,76665E+12;9,53042E+12;58344726664;1,05704E+11;1,53064E+11;2,00423E+11;2,47783E+11;2,95142E+11;3,43824E+11;3,91183E+11;4,38543E+11;4,85902E+11;9,62141E+11;1,43706E+12;1,9133E+12;2,38821E+12;2,86445E+12;3,33937E+12;3,81561E+12;4,29185E+12;4,76676E+12;9,51776E+12
system.mem_ctrls.dram.bytesRead::cpu.data;8635137708;16527170916;24419204264;32311237564;40203270751;48095304107;56291036890;64183070190;72075103490;79967136727;1,59495E+11;2,38719E+11;3,18247E+11;3,97471E+11;4,76998E+11;5,56222E+11;6,3575E+11;7,15278E+11;7,94502E+11;1,54379E+12;8636047968;16528083330;24420112830;32312148768;40204180745;48096216835;56291947598;64183978078;72076012552;79968046793;1,59496E+11;2,3872E+11;3,18248E+11;3,97472E+11;4,76999E+11;5,56223E+11;6,35751E+11;7,94503E+11;1,58857E+12;8644252170;16545391923;24446530747;32347670531;40248810942;48149941012;56354777957;64255898575;72157027287;80058169929;1,59677E+11;2,38991E+11;3,1861E+11;3,97924E+11;4,77542E+11;5,56857E+11;6,36475E+11;7,16093E+11;7,95408E+11;1,59038E+12;9565120125;17457153333;25349186681;33241219981;41133253168;49025286524;57221019307;65113052607;73005085907;80897119144;1,60425E+11;2,39649E+11;3,19177E+11;3,98401E+11;4,77928E+11;5,57152E+11;6,3668E+11;7,16208E+11;7,95432E+11;1,58866E+12
system.mem_ctrls.dram.bytesRead::total;60190932348;1,15442E+11;1,70694E+11;2,25946E+11;2,81197E+11;3,36449E+11;3,93326E+11;4,48577E+11;5,03829E+11;5,5908E+11;1,11485E+12;1,66899E+12;2,22475E+12;2,77889E+12;3,33466E+12;3,8888E+12;4,44457E+12;5,00034E+12;5,55448E+12;1,07301E+13;60198535848;1,1545E+11;1,70702E+11;2,25953E+11;2,81205E+11;3,36456E+11;3,93333E+11;4,48585E+11;5,03836E+11;5,59088E+11;1,11485E+12;1,669E+12;2,22476E+12;2,7789E+12;3,33467E+12;3,88881E+12;4,44458E+12;5,55448E+12;1,11057E+13;60267041826;1,15595E+11;1,70922E+11;2,2625E+11;2,81577E+11;3,36905E+11;3,93858E+11;4,49186E+11;5,04513E+11;5,59841E+11;1,11637E+12;1,67126E+12;2,22779E+12;2,78269E+12;3,33921E+12;3,89411E+12;4,45063E+12;5,00716E+12;5,56206E+12;1,11208E+13;67909846789;1,23161E+11;1,78413E+11;2,33664E+11;2,88916E+11;3,44168E+11;4,01045E+11;4,56296E+11;5,11548E+11;5,66799E+11;1,12257E+12;1,67671E+12;2,23247E+12;2,78661E+12;3,34238E+12;3,89652E+12;4,45229E+12;5,00805E+12;5,56219E+12;1,11064E+13
system.mem_ctrls.dram.bytesInstRead::cpu.inst;51555794640;98915303240;1,46275E+11;1,93634E+11;2,40994E+11;2,88353E+11;3,37035E+11;3,84394E+11;4,31754E+11;4,79113E+11;9,55352E+11;1,43027E+12;1,90651E+12;2,38142E+12;2,85766E+12;3,33258E+12;3,80882E+12;4,28506E+12;4,75997E+12;9,18628E+12;51562487880;98922008456;1,46281E+11;1,93641E+11;2,41001E+11;2,8836E+11;3,37041E+11;3,84401E+11;4,3176E+11;4,7912E+11;9,55359E+11;1,43028E+12;1,90651E+12;2,38143E+12;2,85767E+12;3,33259E+12;3,80883E+12;4,75998E+12;9,51709E+12;51622789656;99049255696;1,46476E+11;1,93902E+11;2,41329E+11;2,88755E+11;3,37503E+11;3,8493E+11;4,32356E+11;4,79783E+11;9,5669E+11;1,43227E+12;1,90918E+12;2,38476E+12;2,86167E+12;3,33725E+12;3,81416E+12;4,29106E+12;4,76665E+12;9,53042E+12;58344726664;1,05704E+11;1,53064E+11;2,00423E+11;2,47783E+11;2,95142E+11;3,43824E+11;3,91183E+11;4,38543E+11;4,85902E+11;9,62141E+11;1,43706E+12;1,9133E+12;2,38821E+12;2,86445E+12;3,33937E+12;3,81561E+12;4,29185E+12;4,76676E+12;9,51776E+12
system.mem_ctrls.dram.bytesInstRead::total;51555794640;98915303240;1,46275E+11;1,93634E+11;2,40994E+11;2,88353E+11;3,37035E+11;3,84394E+11;4,31754E+11;4,79113E+11;9,55352E+11;1,43027E+12;1,90651E+12;2,38142E+12;2,85766E+12;3,33258E+12;3,80882E+12;4,28506E+12;4,75997E+12;9,18628E+12;51562487880;98922008456;1,46281E+11;1,93641E+11;2,41001E+11;2,8836E+11;3,37041E+11;3,84401E+11;4,3176E+11;4,7912E+11;9,55359E+11;1,43028E+12;1,90651E+12;2,38143E+12;2,85767E+12;3,33259E+12;3,80883E+12;4,75998E+12;9,51709E+12;51622789656;99049255696;1,46476E+11;1,93902E+11;2,41329E+11;2,88755E+11;3,37503E+11;3,8493E+11;4,32356E+11;4,79783E+11;9,5669E+11;1,43227E+12;1,90918E+12;2,38476E+12;2,86167E+12;3,33725E+12;3,81416E+12;4,29106E+12;4,76665E+12;9,53042E+12;58344726664;1,05704E+11;1,53064E+11;2,00423E+11;2,47783E+11;2,95142E+11;3,43824E+11;3,91183E+11;4,38543E+11;4,85902E+11;9,62141E+11;1,43706E+12;1,9133E+12;2,38821E+12;2,86445E+12;3,33937E+12;3,81561E+12;4,29185E+12;4,76676E+12;9,51776E+12
system.mem_ctrls.dram.bytesWritten::cpu.data;5249785267;9821977659;14394170063;18966362483;23538554867;28110747263;32768579339;37340771743;41912964147;46485156550;92378359972;1,38186E+11;1,84079E+11;2,29887E+11;2,7578E+11;3,21587E+11;3,67481E+11;4,13374E+11;4,59181E+11;8,99228E+11;5250430938;9822624892;14394814516;18967008846;23539200360;28111394682;32769225352;37341415682;41913608950;46485802055;92379003214;1,38187E+11;1,8408E+11;2,29887E+11;2,75781E+11;3,21588E+11;3,67481E+11;4,59182E+11;9,17772E+11;5256250591;9834902422;14413553553;18992205401;23570857739;28149502456;32813792238;37392430184;41971073890;46549727811;92507390090;1,38379E+11;1,84337E+11;2,30208E+11;2,76166E+11;3,22037E+11;3,67995E+11;4,13952E+11;4,59824E+11;9,19055E+11;5909986613;10482179005;15054371409;19626563829;24198756213;28770948609;33428780685;38000973089;42573165493;47145357896;93038561318;1,38846E+11;1,84739E+11;2,30547E+11;2,7644E+11;3,22248E+11;3,68141E+11;4,14034E+11;4,59842E+11;9,17838E+11
system.mem_ctrls.dram.bytesWritten::total;5249785267;9821977659;14394170063;18966362483;23538554867;28110747263;32768579339;37340771743;41912964147;46485156550;92378359972;1,38186E+11;1,84079E+11;2,29887E+11;2,7578E+11;3,21587E+11;3,67481E+11;4,13374E+11;4,59181E+11;8,99228E+11;5250430938;9822624892;14394814516;18967008846;23539200360;28111394682;32769225352;37341415682;41913608950;46485802055;92379003214;1,38187E+11;1,8408E+11;2,29887E+11;2,75781E+11;3,21588E+11;3,67481E+11;4,59182E+11;9,17772E+11;5256250591;9834902422;14413553553;18992205401;23570857739;28149502456;32813792238;37392430184;41971073890;46549727811;92507390090;1,38379E+11;1,84337E+11;2,30208E+11;2,76166E+11;3,22037E+11;3,67995E+11;4,13952E+11;4,59824E+11;9,19055E+11;5909986613;10482179005;15054371409;19626563829;24198756213;28770948609;33428780685;38000973089;42573165493;47145357896;93038561318;1,38846E+11;1,84739E+11;2,30547E+11;2,7644E+11;3,22248E+11;3,68141E+11;4,14034E+11;4,59842E+11;9,17838E+11
system.mem_ctrls.dram.numReads::cpu.inst;6444474330;12364412905;18284351598;24204290235;30124228791;36044167468;42129329926;48049268592;53969207258;59889145913;1,19419E+11;1,78784E+11;2,38313E+11;2,97678E+11;3,57208E+11;4,16572E+11;4,76102E+11;5,35632E+11;5,94997E+11;1,14828E+12;6445310985;12365251057;18285187014;24205127502;30125065173;36045006085;42130166791;48050103669;53970043076;59889982583;1,1942E+11;1,78784E+11;2,38314E+11;2,97679E+11;3,57209E+11;4,16573E+11;4,76103E+11;5,94998E+11;1,18964E+12;6452848707;12381156962;18309464236;24237772296;30166080888;36094382365;42187912894;48116207625;54044508629;59972818886;1,19586E+11;1,79034E+11;2,38647E+11;2,98095E+11;3,57709E+11;4,17157E+11;4,7677E+11;5,36383E+11;5,95831E+11;1,1913E+12;7293090833;13213029408;19132968101;25052906738;30972845294;36892783971;42977946429;48897885095;54817823761;60737762416;1,20268E+11;1,79632E+11;2,39162E+11;2,98527E+11;3,58056E+11;4,17421E+11;4,76951E+11;5,36481E+11;5,95845E+11;1,18972E+12
system.mem_ctrls.dram.numReads::cpu.data;1092306134;2085310290;3078314471;4071318641;5064322795;6057326974;7088944377;8081948552;9074952727;10067956892;20075225122;30043880070;40051148279;50019803235;60027071436;69995726399;80002994619;90010262847;99978917808;1,943E+11;1092451299;2085455736;3078459405;4071463922;5064467911;6057472501;7089089585;8082093420;9075097736;10068102057;20075369868;30044024959;40051293182;50019947989;60027216183;69995871018;80003139365;99979062767;1,99897E+11;1093759264;2088215648;3082671858;4077128215;5071584665;6066039780;7099109107;8093562959;9088017972;10082474731;20104240557;30087352430;40109085153;50092204531;60113938803;70097054511;80118785568;90140515515;1,00124E+11;2,00186E+11;1239796145;2232800301;3225804482;4218808652;5211812806;6204816985;7236434389;8229438564;9222442739;10215446904;20222715136;30191370085;40198638296;50167293253;60174561456;70143216420;80150484642;90157752872;1,00126E+11;1,99912E+11
system.mem_ctrls.dram.numReads::total;7536780464;14449723195;21362666069;28275608876;35188551586;42101494442;49218274303;56131217144;63044159985;69957102805;1,39494E+11;2,08827E+11;2,78365E+11;3,47698E+11;4,17235E+11;4,86568E+11;5,56105E+11;6,25642E+11;6,94976E+11;1,34259E+12;7537762284;14450706793;21363646419;28276591424;35189533084;42102478586;49219256376;56132197089;63045140812;69958084640;1,39495E+11;2,08828E+11;2,78366E+11;3,47699E+11;4,17236E+11;4,86569E+11;5,56106E+11;6,94977E+11;1,38953E+12;7546607971;14469372610;21392136094;28314900511;35237665553;42160422145;49287022001;56209770584;63132526601;70055293617;1,3969E+11;2,09122E+11;2,78756E+11;3,48188E+11;4,17823E+11;4,87254E+11;5,56889E+11;6,26524E+11;6,95955E+11;1,39149E+12;8532886978;15445829709;22358772583;29271715390;36184658100;43097600956;50214380818;57127323659;64040266500;70953209320;1,4049E+11;2,09824E+11;2,79361E+11;3,48694E+11;4,18231E+11;4,87564E+11;5,57101E+11;6,26639E+11;6,95972E+11;1,38963E+12
system.mem_ctrls.dram.numWrites::cpu.data;658065238;1229589286;1801113337;2372637389;2944161435;3515685484;4097914864;4669438915;5240962966;5812487018;11549138194;17275084027;23011735193;28737681027;34474332195;40200278033;45936929211;51673580389;57399526227;1,12405E+11;658164842;1229689084;1801212787;2372737077;2944261013;3515785316;4098014506;4669538307;5241062462;5812586608;11549237497;17275183354;23011834530;28737780263;34474431425;40200377178;45937028440;57399625594;1,14723E+11;659062329;1231582772;1804103114;2376623550;2949144050;3521663608;4104889170;4677407879;5249927332;5822448034;11569046187;17304904613;23051472432;28787334870;34533903699;40269763598;46016330327;51762896466;57498758406;1,14922E+11;759393739;1330917787;1902441838;2473965890;3045489936;3617013985;4199243365;4770767416;5342291467;5913815519;11650466695;17376412528;23113063694;28839009528;34575660696;40301606534;46038257712;51774908890;57500854728;1,14733E+11
system.mem_ctrls.dram.numWrites::total;658065238;1229589286;1801113337;2372637389;2944161435;3515685484;4097914864;4669438915;5240962966;5812487018;11549138194;17275084027;23011735193;28737681027;34474332195;40200278033;45936929211;51673580389;57399526227;1,12405E+11;658164842;1229689084;1801212787;2372737077;2944261013;3515785316;4098014506;4669538307;5241062462;5812586608;11549237497;17275183354;23011834530;28737780263;34474431425;40200377178;45937028440;57399625594;1,14723E+11;659062329;1231582772;1804103114;2376623550;2949144050;3521663608;4104889170;4677407879;5249927332;5822448034;11569046187;17304904613;23051472432;28787334870;34533903699;40269763598;46016330327;51762896466;57498758406;1,14922E+11;759393739;1330917787;1902441838;2473965890;3045489936;3617013985;4199243365;4770767416;5342291467;5913815519;11650466695;17376412528;23113063694;28839009528;34575660696;40301606534;46038257712;51774908890;57500854728;1,14733E+11
system.mem_ctrls.dram.bwRead::cpu.inst;12506518275;12572586850;12596039934;12608054411;12615357978;12620267184;12621206527;12624170940;12626485982;12628343962;12634905712;12637726671;12638672510;12639616043;12639932298;12640427092;12640562978;12640668662;12640941639;12632334977;12506021881;12572320503;12595858531;12607916461;12615246899;12620173951;12621126876;12624101124;12626423726;12628287769;12634877514;12637707790;12638658340;12639604703;12639922847;12640418991;12640555886;12640935957;12641600525;12501558590;12567273612;12590598867;12602547220;12609810354;12614692921;12615640473;12618587579;12620888707;12622735048;12629267716;12632075073;12633018414;12633956454;12634272296;12634764153;12634900268;12635006173;12635277293;12635939256;12078532231;12326058081;12423101391;12474900564;12507115063;12529086075;12542825473;12555144239;12564819260;12572619129;12606626450;12618757342;12624414031;12628186040;12630399969;12632247906;12633403690;12634303121;12635209379;12641316108
system.mem_ctrls.dram.bwRead::cpu.data;2094730734;2100678913;2102790400;2103872068;2104529613;2104971590;2107975618;2107883411;2107811403;2107753611;2109382681;2109298886;2109729540;2109610053;2109845545;2109743628;2109903620;2110028051;2109938488;2122912088;2094596465;2100607986;2102742279;2103835604;2104500287;2104947012;2107954545;2107864937;2107794952;2107738773;2109375230;2109293893;2109725794;2109607055;2109843046;2109741486;2109901745;2109936986;2110101723;2093389871;2099263299;2101348095;2102416016;2103065173;2103501571;2106502695;2106407393;2106332896;2106273071;2107894262;2107807011;2108235946;2108115243;2108350063;2108247570;2108407235;2108531425;2108441588;2108605374;1980172302;2035660022;2057414162;2069025953;2076247457;2081172687;2087446348;2089823941;2091691275;2093196693;2101996119;2104349187;2106008193;2106628284;2107358349;2107610115;2108035852;2108367160;2108443134;2110027532
system.mem_ctrls.dram.bwRead::total;14601249010;14673265763;14698830334;14711926480;14719887591;14725238774;14729182145;14732054351;14734297385;14736097573;14744288392;14747025557;14748402050;14749226096;14749777843;14750170720;14750466598;14750696713;14750880127;14755247066;14600618346;14672928489;14698600810;14711752066;14719747186;14725120964;14729081421;14731966061;14734218678;14736026542;14744252744;14747001683;14748384135;14749211757;14749765893;14750160477;14750457631;14750872943;14751702248;14594948461;14666536912;14691946962;14704963236;14712875527;14718194492;14722143168;14724994972;14727221603;14729008119;14737161978;14739882084;14741254360;14742071697;14742622359;14743011723;14743307504;14743537598;14743718881;14744544630;14058704533;14361718104;14480515553;14543926517;14583362521;14610258762;14630271821;14644968179;14656510535;14665815823;14708622569;14723106529;14730422224;14734814324;14737758317;14739858021;14741439542;14742670281;14743652513;14751343640
system.mem_ctrls.dram.bwInstRead::cpu.inst;12506518275;12572586850;12596039934;12608054411;12615357978;12620267184;12621206527;12624170940;12626485982;12628343962;12634905712;12637726671;12638672510;12639616043;12639932298;12640427092;12640562978;12640668662;12640941639;12632334977;12506021881;12572320503;12595858531;12607916461;12615246899;12620173951;12621126876;12624101124;12626423726;12628287769;12634877514;12637707790;12638658340;12639604703;12639922847;12640418991;12640555886;12640935957;12641600525;12501558590;12567273612;12590598867;12602547220;12609810354;12614692921;12615640473;12618587579;12620888707;12622735048;12629267716;12632075073;12633018414;12633956454;12634272296;12634764153;12634900268;12635006173;12635277293;12635939256;12078532231;12326058081;12423101391;12474900564;12507115063;12529086075;12542825473;12555144239;12564819260;12572619129;12606626450;12618757342;12624414031;12628186040;12630399969;12632247906;12633403690;12634303121;12635209379;12641316108
system.mem_ctrls.dram.bwInstRead::total;12506518275;12572586850;12596039934;12608054411;12615357978;12620267184;12621206527;12624170940;12626485982;12628343962;12634905712;12637726671;12638672510;12639616043;12639932298;12640427092;12640562978;12640668662;12640941639;12632334977;12506021881;12572320503;12595858531;12607916461;12615246899;12620173951;12621126876;12624101124;12626423726;12628287769;12634877514;12637707790;12638658340;12639604703;12639922847;12640418991;12640555886;12640935957;12641600525;12501558590;12567273612;12590598867;12602547220;12609810354;12614692921;12615640473;12618587579;12620888707;12622735048;12629267716;12632075073;12633018414;12633956454;12634272296;12634764153;12634900268;12635006173;12635277293;12635939256;12078532231;12326058081;12423101391;12474900564;12507115063;12529086075;12542825473;12555144239;12564819260;12572619129;12606626450;12618757342;12624414031;12628186040;12630399969;12632247906;12633403690;12634303121;12635209379;12641316108
system.mem_ctrls.dram.bwWrite::cpu.data;1273504479;1248418224;1239513061;1234951159;1232178000;1230313967;1227111279;1226335747;1225730099;1225244026;1221740323;1220998476;1220302531;1220143562;1219821668;1219776573;1219580935;1219428780;1219436399;1236556009;1273445229;1248389416;1239494072;1234937014;1232166730;1230304588;1227103351;1226328800;1225723930;1225238471;1221737567;1220996630;1220301150;1220142456;1219820748;1219775784;1219580245;1219435847;1219082157;1272913091;1247842892;1238944438;1234386160;1231615266;1229752755;1226556900;1225781494;1225175938;1224689975;1221190684;1220448074;1219752655;1219593197;1219271646;1219226222;1219030842;1218878894;1218886289;1218532834;1223486129;1222315709;1221856832;1221611901;1221459578;1221355685;1219495685;1219653205;1219776920;1219876657;1219054861;1219203385;1218956903;1219065797;1218923938;1219006525;1218907396;1218830254;1218897451;1219055455
system.mem_ctrls.dram.bwWrite::total;1273504479;1248418224;1239513061;1234951159;1232178000;1230313967;1227111279;1226335747;1225730099;1225244026;1221740323;1220998476;1220302531;1220143562;1219821668;1219776573;1219580935;1219428780;1219436399;1236556009;1273445229;1248389416;1239494072;1234937014;1232166730;1230304588;1227103351;1226328800;1225723930;1225238471;1221737567;1220996630;1220301150;1220142456;1219820748;1219775784;1219580245;1219435847;1219082157;1272913091;1247842892;1238944438;1234386160;1231615266;1229752755;1226556900;1225781494;1225175938;1224689975;1221190684;1220448074;1219752655;1219593197;1219271646;1219226222;1219030842;1218878894;1218886289;1218532834;1223486129;1222315709;1221856832;1221611901;1221459578;1221355685;1219495685;1219653205;1219776920;1219876657;1219054861;1219203385;1218956903;1219065797;1218923938;1219006525;1218907396;1218830254;1218897451;1219055455
system.mem_ctrls.dram.bwTotal::cpu.inst;12506518275;12572586850;12596039934;12608054411;12615357978;12620267184;12621206527;12624170940;12626485982;12628343962;12634905712;12637726671;12638672510;12639616043;12639932298;12640427092;12640562978;12640668662;12640941639;12632334977;12506021881;12572320503;12595858531;12607916461;12615246899;12620173951;12621126876;12624101124;12626423726;12628287769;12634877514;12637707790;12638658340;12639604703;12639922847;12640418991;12640555886;12640935957;12641600525;12501558590;12567273612;12590598867;12602547220;12609810354;12614692921;12615640473;12618587579;12620888707;12622735048;12629267716;12632075073;12633018414;12633956454;12634272296;12634764153;12634900268;12635006173;12635277293;12635939256;12078532231;12326058081;12423101391;12474900564;12507115063;12529086075;12542825473;12555144239;12564819260;12572619129;12606626450;12618757342;12624414031;12628186040;12630399969;12632247906;12633403690;12634303121;12635209379;12641316108
system.mem_ctrls.dram.bwTotal::cpu.data;3368235213;3349097137;3342303461;3338823227;3336707613;3335285557;3335086897;3334219158;3333541503;3332997637;3331123003;3330297362;3330032071;3329753615;3329667213;3329520201;3329484555;3329456831;3329374887;3359468097;3368041694;3348997401;3342236351;3338772618;3336667017;3335251600;3335057896;3334193736;3333518882;3332977244;3331112797;3330290524;3330026944;3329749511;3329663794;3329517270;3329481990;3329372833;3329183880;3366302962;3347106192;3340292533;3336802176;3334680439;3333254326;3333059595;3332188887;3331508834;3330963047;3329084946;3328255085;3327988601;3327708439;3327621709;3327473793;3327438078;3327410318;3327327877;3327138209;3203658431;3257975731;3279270995;3290637854;3297707035;3302528372;3306942033;3309477146;3311468195;3313073350;3321050981;3323552573;3324965096;3325694081;3326282287;3326616640;3326943248;3327197414;3327340585;3329082987
system.mem_ctrls.dram.bwTotal::total;15874753488;15921683987;15938343395;15946877638;15952065591;15955552741;15956293424;15958390098;15960027484;15961341599;15966028715;15968024033;15968704581;15969369658;15969599510;15969947293;15970047533;15970125493;15970316526;15991803074;15874063576;15921317905;15938094881;15946689080;15951913916;15955425552;15956184772;15958294861;15959942608;15961265013;15965990311;15967998314;15968685285;15969354213;15969586641;15969936262;15970037876;15970308790;15970784405;15867861552;15914379804;15930891400;15939349396;15944490793;15947947247;15948700068;15950776466;15952397541;15953698094;15958352662;15960330158;15961007015;15961664893;15961894005;15962237946;15962338346;15962416492;15962605170;15963077465;15282190662;15584033812;15702372385;15765538417;15804822099;15831614447;15849767507;15864621385;15876287455;15885692480;15927677431;15942309915;15949379127;15953880122;15956682255;15958864546;15960346938;15961500535;15962549964;15970399095
system.mem_ctrls.dram.readBursts;0;0;0;0;0;0;0;0;0;0;0;0;0;0;0;0;0;0;0;0;0;0;0;0;0;0;0;0;0;0;0;0;0;0;0;0;0;0;0;0;0;0;0;0;0;0;0;0;0;0;0;0;0;0;0;0;0;0;0;0;0;0;0;0;0;0;0;0;0;0;0;0;0;0;0;0;0;0;0
system.mem_ctrls.dram.writeBursts;0;0;0;0;0;0;0;0;0;0;0;0;0;0;0;0;0;0;0;0;0;0;0;0;0;0;0;0;0;0;0;0;0;0;0;0;0;0;0;0;0;0;0;0;0;0;0;0;0;0;0;0;0;0;0;0;0;0;0;0;0;0;0;0;0;0;0;0;0;0;0;0;0;0;0;0;0;0;0
system.mem_ctrls.dram.perBankRdBursts::0;0;0;0;0;0;0;0;0;0;0;0;0;0;0;0;0;0;0;0;0;0;0;0;0;0;0;0;0;0;0;0;0;0;0;0;0;0;0;0;0;0;0;0;0;0;0;0;0;0;0;0;0;0;0;0;0;0;0;0;0;0;0;0;0;0;0;0;0;0;0;0;0;0;0;0;0;0;0;0
system.mem_ctrls.dram.perBankRdBursts::1;0;0;0;0;0;0;0;0;0;0;0;0;0;0;0;0;0;0;0;0;0;0;0;0;0;0;0;0;0;0;0;0;0;0;0;0;0;0;0;0;0;0;0;0;0;0;0;0;0;0;0;0;0;0;0;0;0;0;0;0;0;0;0;0;0;0;0;0;0;0;0;0;0;0;0;0;0;0;0
system.mem_ctrls.dram.perBankRdBursts::2;0;0;0;0;0;0;0;0;0;0;0;0;0;0;0;0;0;0;0;0;0;0;0;0;0;0;0;0;0;0;0;0;0;0;0;0;0;0;0;0;0;0;0;0;0;0;0;0;0;0;0;0;0;0;0;0;0;0;0;0;0;0;0;0;0;0;0;0;0;0;0;0;0;0;0;0;0;0;0
system.mem_ctrls.dram.perBankRdBursts::3;0;0;0;0;0;0;0;0;0;0;0;0;0;0;0;0;0;0;0;0;0;0;0;0;0;0;0;0;0;0;0;0;0;0;0;0;0;0;0;0;0;0;0;0;0;0;0;0;0;0;0;0;0;0;0;0;0;0;0;0;0;0;0;0;0;0;0;0;0;0;0;0;0;0;0;0;0;0;0
system.mem_ctrls.dram.perBankRdBursts::4;0;0;0;0;0;0;0;0;0;0;0;0;0;0;0;0;0;0;0;0;0;0;0;0;0;0;0;0;0;0;0;0;0;0;0;0;0;0;0;0;0;0;0;0;0;0;0;0;0;0;0;0;0;0;0;0;0;0;0;0;0;0;0;0;0;0;0;0;0;0;0;0;0;0;0;0;0;0;0
system.mem_ctrls.dram.perBankRdBursts::5;0;0;0;0;0;0;0;0;0;0;0;0;0;0;0;0;0;0;0;0;0;0;0;0;0;0;0;0;0;0;0;0;0;0;0;0;0;0;0;0;0;0;0;0;0;0;0;0;0;0;0;0;0;0;0;0;0;0;0;0;0;0;0;0;0;0;0;0;0;0;0;0;0;0;0;0;0;0;0
system.mem_ctrls.dram.perBankRdBursts::6;0;0;0;0;0;0;0;0;0;0;0;0;0;0;0;0;0;0;0;0;0;0;0;0;0;0;0;0;0;0;0;0;0;0;0;0;0;0;0;0;0;0;0;0;0;0;0;0;0;0;0;0;0;0;0;0;0;0;0;0;0;0;0;0;0;0;0;0;0;0;0;0;0;0;0;0;0;0;0
system.mem_ctrls.dram.perBankRdBursts::7;0;0;0;0;0;0;0;0;0;0;0;0;0;0;0;0;0;0;0;0;0;0;0;0;0;0;0;0;0;0;0;0;0;0;0;0;0;0;0;0;0;0;0;0;0;0;0;0;0;0;0;0;0;0;0;0;0;0;0;0;0;0;0;0;0;0;0;0;0;0;0;0;0;0;0;0;0;0;0
system.mem_ctrls.dram.perBankRdBursts::8;0;0;0;0;0;0;0;0;0;0;0;0;0;0;0;0;0;0;0;0;0;0;0;0;0;0;0;0;0;0;0;0;0;0;0;0;0;0;0;0;0;0;0;0;0;0;0;0;0;0;0;0;0;0;0;0;0;0;0;0;0;0;0;0;0;0;0;0;0;0;0;0;0;0;0;0;0;0;0
system.mem_ctrls.dram.perBankRdBursts::9;0;0;0;0;0;0;0;0;0;0;0;0;0;0;0;0;0;0;0;0;0;0;0;0;0;0;0;0;0;0;0;0;0;0;0;0;0;0;0;0;0;0;0;0;0;0;0;0;0;0;0;0;0;0;0;0;0;0;0;0;0;0;0;0;0;0;0;0;0;0;0;0;0;0;0;0;0;0;0
system.mem_ctrls.dram.perBankRdBursts::10;0;0;0;0;0;0;0;0;0;0;0;0;0;0;0;0;0;0;0;0;0;0;0;0;0;0;0;0;0;0;0;0;0;0;0;0;0;0;0;0;0;0;0;0;0;0;0;0;0;0;0;0;0;0;0;0;0;0;0;0;0;0;0;0;0;0;0;0;0;0;0;0;0;0;0;0;0;0;0
system.mem_ctrls.dram.perBankRdBursts::11;0;0;0;0;0;0;0;0;0;0;0;0;0;0;0;0;0;0;0;0;0;0;0;0;0;0;0;0;0;0;0;0;0;0;0;0;0;0;0;0;0;0;0;0;0;0;0;0;0;0;0;0;0;0;0;0;0;0;0;0;0;0;0;0;0;0;0;0;0;0;0;0;0;0;0;0;0;0;0
system.mem_ctrls.dram.perBankRdBursts::12;0;0;0;0;0;0;0;0;0;0;0;0;0;0;0;0;0;0;0;0;0;0;0;0;0;0;0;0;0;0;0;0;0;0;0;0;0;0;0;0;0;0;0;0;0;0;0;0;0;0;0;0;0;0;0;0;0;0;0;0;0;0;0;0;0;0;0;0;0;0;0;0;0;0;0;0;0;0;0
system.mem_ctrls.dram.perBankRdBursts::13;0;0;0;0;0;0;0;0;0;0;0;0;0;0;0;0;0;0;0;0;0;0;0;0;0;0;0;0;0;0;0;0;0;0;0;0;0;0;0;0;0;0;0;0;0;0;0;0;0;0;0;0;0;0;0;0;0;0;0;0;0;0;0;0;0;0;0;0;0;0;0;0;0;0;0;0;0;0;0
system.mem_ctrls.dram.perBankRdBursts::14;0;0;0;0;0;0;0;0;0;0;0;0;0;0;0;0;0;0;0;0;0;0;0;0;0;0;0;0;0;0;0;0;0;0;0;0;0;0;0;0;0;0;0;0;0;0;0;0;0;0;0;0;0;0;0;0;0;0;0;0;0;0;0;0;0;0;0;0;0;0;0;0;0;0;0;0;0;0;0
system.mem_ctrls.dram.perBankRdBursts::15;0;0;0;0;0;0;0;0;0;0;0;0;0;0;0;0;0;0;0;0;0;0;0;0;0;0;0;0;0;0;0;0;0;0;0;0;0;0;0;0;0;0;0;0;0;0;0;0;0;0;0;0;0;0;0;0;0;0;0;0;0;0;0;0;0;0;0;0;0;0;0;0;0;0;0;0;0;0;0
system.mem_ctrls.dram.perBankWrBursts::0;0;0;0;0;0;0;0;0;0;0;0;0;0;0;0;0;0;0;0;0;0;0;0;0;0;0;0;0;0;0;0;0;0;0;0;0;0;0;0;0;0;0;0;0;0;0;0;0;0;0;0;0;0;0;0;0;0;0;0;0;0;0;0;0;0;0;0;0;0;0;0;0;0;0;0;0;0;0;0
system.mem_ctrls.dram.perBankWrBursts::1;0;0;0;0;0;0;0;0;0;0;0;0;0;0;0;0;0;0;0;0;0;0;0;0;0;0;0;0;0;0;0;0;0;0;0;0;0;0;0;0;0;0;0;0;0;0;0;0;0;0;0;0;0;0;0;0;0;0;0;0;0;0;0;0;0;0;0;0;0;0;0;0;0;0;0;0;0;0;0
system.mem_ctrls.dram.perBankWrBursts::2;0;0;0;0;0;0;0;0;0;0;0;0;0;0;0;0;0;0;0;0;0;0;0;0;0;0;0;0;0;0;0;0;0;0;0;0;0;0;0;0;0;0;0;0;0;0;0;0;0;0;0;0;0;0;0;0;0;0;0;0;0;0;0;0;0;0;0;0;0;0;0;0;0;0;0;0;0;0;0
system.mem_ctrls.dram.perBankWrBursts::3;0;0;0;0;0;0;0;0;0;0;0;0;0;0;0;0;0;0;0;0;0;0;0;0;0;0;0;0;0;0;0;0;0;0;0;0;0;0;0;0;0;0;0;0;0;0;0;0;0;0;0;0;0;0;0;0;0;0;0;0;0;0;0;0;0;0;0;0;0;0;0;0;0;0;0;0;0;0;0
system.mem_ctrls.dram.perBankWrBursts::4;0;0;0;0;0;0;0;0;0;0;0;0;0;0;0;0;0;0;0;0;0;0;0;0;0;0;0;0;0;0;0;0;0;0;0;0;0;0;0;0;0;0;0;0;0;0;0;0;0;0;0;0;0;0;0;0;0;0;0;0;0;0;0;0;0;0;0;0;0;0;0;0;0;0;0;0;0;0;0
system.mem_ctrls.dram.perBankWrBursts::5;0;0;0;0;0;0;0;0;0;0;0;0;0;0;0;0;0;0;0;0;0;0;0;0;0;0;0;0;0;0;0;0;0;0;0;0;0;0;0;0;0;0;0;0;0;0;0;0;0;0;0;0;0;0;0;0;0;0;0;0;0;0;0;0;0;0;0;0;0;0;0;0;0;0;0;0;0;0;0
system.mem_ctrls.dram.perBankWrBursts::6;0;0;0;0;0;0;0;0;0;0;0;0;0;0;0;0;0;0;0;0;0;0;0;0;0;0;0;0;0;0;0;0;0;0;0;0;0;0;0;0;0;0;0;0;0;0;0;0;0;0;0;0;0;0;0;0;0;0;0;0;0;0;0;0;0;0;0;0;0;0;0;0;0;0;0;0;0;0;0
system.mem_ctrls.dram.perBankWrBursts::7;0;0;0;0;0;0;0;0;0;0;0;0;0;0;0;0;0;0;0;0;0;0;0;0;0;0;0;0;0;0;0;0;0;0;0;0;0;0;0;0;0;0;0;0;0;0;0;0;0;0;0;0;0;0;0;0;0;0;0;0;0;0;0;0;0;0;0;0;0;0;0;0;0;0;0;0;0;0;0
system.mem_ctrls.dram.perBankWrBursts::8;0;0;0;0;0;0;0;0;0;0;0;0;0;0;0;0;0;0;0;0;0;0;0;0;0;0;0;0;0;0;0;0;0;0;0;0;0;0;0;0;0;0;0;0;0;0;0;0;0;0;0;0;0;0;0;0;0;0;0;0;0;0;0;0;0;0;0;0;0;0;0;0;0;0;0;0;0;0;0
system.mem_ctrls.dram.perBankWrBursts::9;0;0;0;0;0;0;0;0;0;0;0;0;0;0;0;0;0;0;0;0;0;0;0;0;0;0;0;0;0;0;0;0;0;0;0;0;0;0;0;0;0;0;0;0;0;0;0;0;0;0;0;0;0;0;0;0;0;0;0;0;0;0;0;0;0;0;0;0;0;0;0;0;0;0;0;0;0;0;0
system.mem_ctrls.dram.perBankWrBursts::10;0;0;0;0;0;0;0;0;0;0;0;0;0;0;0;0;0;0;0;0;0;0;0;0;0;0;0;0;0;0;0;0;0;0;0;0;0;0;0;0;0;0;0;0;0;0;0;0;0;0;0;0;0;0;0;0;0;0;0;0;0;0;0;0;0;0;0;0;0;0;0;0;0;0;0;0;0;0;0
system.mem_ctrls.dram.perBankWrBursts::11;0;0;0;0;0;0;0;0;0;0;0;0;0;0;0;0;0;0;0;0;0;0;0;0;0;0;0;0;0;0;0;0;0;0;0;0;0;0;0;0;0;0;0;0;0;0;0;0;0;0;0;0;0;0;0;0;0;0;0;0;0;0;0;0;0;0;0;0;0;0;0;0;0;0;0;0;0;0;0
system.mem_ctrls.dram.perBankWrBursts::12;0;0;0;0;0;0;0;0;0;0;0;0;0;0;0;0;0;0;0;0;0;0;0;0;0;0;0;0;0;0;0;0;0;0;0;0;0;0;0;0;0;0;0;0;0;0;0;0;0;0;0;0;0;0;0;0;0;0;0;0;0;0;0;0;0;0;0;0;0;0;0;0;0;0;0;0;0;0;0
system.mem_ctrls.dram.perBankWrBursts::13;0;0;0;0;0;0;0;0;0;0;0;0;0;0;0;0;0;0;0;0;0;0;0;0;0;0;0;0;0;0;0;0;0;0;0;0;0;0;0;0;0;0;0;0;0;0;0;0;0;0;0;0;0;0;0;0;0;0;0;0;0;0;0;0;0;0;0;0;0;0;0;0;0;0;0;0;0;0;0
system.mem_ctrls.dram.perBankWrBursts::14;0;0;0;0;0;0;0;0;0;0;0;0;0;0;0;0;0;0;0;0;0;0;0;0;0;0;0;0;0;0;0;0;0;0;0;0;0;0;0;0;0;0;0;0;0;0;0;0;0;0;0;0;0;0;0;0;0;0;0;0;0;0;0;0;0;0;0;0;0;0;0;0;0;0;0;0;0;0;0
system.mem_ctrls.dram.perBankWrBursts::15;0;0;0;0;0;0;0;0;0;0;0;0;0;0;0;0;0;0;0;0;0;0;0;0;0;0;0;0;0;0;0;0;0;0;0;0;0;0;0;0;0;0;0;0;0;0;0;0;0;0;0;0;0;0;0;0;0;0;0;0;0;0;0;0;0;0;0;0;0;0;0;0;0;0;0;0;0;0;0
system.mem_ctrls.dram.totQLat;0;0;0;0;0;0;0;0;0;0;0;0;0;0;0;0;0;0;0;0;0;0;0;0;0;0;0;0;0;0;0;0;0;0;0;0;0;0;0;0;0;0;0;0;0;0;0;0;0;0;0;0;0;0;0;0;0;0;0;0;0;0;0;0;0;0;0;0;0;0;0;0;0;0;0;0;0;0;0
system.mem_ctrls.dram.totBusLat;0;0;0;0;0;0;0;0;0;0;0;0;0;0;0;0;0;0;0;0;0;0;0;0;0;0;0;0;0;0;0;0;0;0;0;0;0;0;0;0;0;0;0;0;0;0;0;0;0;0;0;0;0;0;0;0;0;0;0;0;0;0;0;0;0;0;0;0;0;0;0;0;0;0;0;0;0;0;0
system.mem_ctrls.dram.totMemAccLat;0;0;0;0;0;0;0;0;0;0;0;0;0;0;0;0;0;0;0;0;0;0;0;0;0;0;0;0;0;0;0;0;0;0;0;0;0;0;0;0;0;0;0;0;0;0;0;0;0;0;0;0;0;0;0;0;0;0;0;0;0;0;0;0;0;0;0;0;0;0;0;0;0;0;0;0;0;0;0
system.mem_ctrls.dram.readRowHits;0;0;0;0;0;0;0;0;0;0;0;0;0;0;0;0;0;0;0;0;0;0;0;0;0;0;0;0;0;0;0;0;0;0;0;0;0;0;0;0;0;0;0;0;0;0;0;0;0;0;0;0;0;0;0;0;0;0;0;0;0;0;0;0;0;0;0;0;0;0;0;0;0;0;0;0;0;0;0
system.mem_ctrls.dram.writeRowHits;0;0;0;0;0;0;0;0;0;0;0;0;0;0;0;0;0;0;0;0;0;0;0;0;0;0;0;0;0;0;0;0;0;0;0;0;0;0;0;0;0;0;0;0;0;0;0;0;0;0;0;0;0;0;0;0;0;0;0;0;0;0;0;0;0;0;0;0;0;0;0;0;0;0;0;0;0;0;0
system.mem_ctrls.dram.bytesRead;0;0;0;0;0;0;0;0;0;0;0;0;0;0;0;0;0;0;0;0;0;0;0;0;0;0;0;0;0;0;0;0;0;0;0;0;0;0;0;0;0;0;0;0;0;0;0;0;0;0;0;0;0;0;0;0;0;0;0;0;0;0;0;0;0;0;0;0;0;0;0;0;0;0;0;0;0;0;0
system.mem_ctrls.dram.bytesWritten;0;0;0;0;0;0;0;0;0;0;0;0;0;0;0;0;0;0;0;0;0;0;0;0;0;0;0;0;0;0;0;0;0;0;0;0;0;0;0;0;0;0;0;0;0;0;0;0;0;0;0;0;0;0;0;0;0;0;0;0;0;0;0;0;0;0;0;0;0;0;0;0;0;0;0;0;0;0;0
system.mem_ctrls.dram.avgRdBW;0;0;0;0;0;0;0;0;0;0;0;0;0;0;0;0;0;0;0;0;0;0;0;0;0;0;0;0;0;0;0;0;0;0;0;0;0;0;0;0;0;0;0;0;0;0;0;0;0;0;0;0;0;0;0;0;0;0;0;0;0;0;0;0;0;0;0;0;0;0;0;0;0;0;0;0;0;0;0
system.mem_ctrls.dram.avgWrBW;0;0;0;0;0;0;0;0;0;0;0;0;0;0;0;0;0;0;0;0;0;0;0;0;0;0;0;0;0;0;0;0;0;0;0;0;0;0;0;0;0;0;0;0;0;0;0;0;0;0;0;0;0;0;0;0;0;0;0;0;0;0;0;0;0;0;0;0;0;0;0;0;0;0;0;0;0;0;0
system.mem_ctrls.dram.peakBW;12800;12800;12800;12800;12800;12800;12800;12800;12800;12800;12800;12800;12800;12800;12800;12800;12800;12800;12800;12800;12800;12800;12800;12800;12800;12800;12800;12800;12800;12800;12800;12800;12800;12800;12800;12800;12800;12800;12800;12800;12800;12800;12800;12800;12800;12800;12800;12800;12800;12800;12800;12800;12800;12800;12800;12800;12800;12800;12800;12800;12800;12800;12800;12800;12800;12800;12800;12800;12800;12800;12800;12800;12800;12800;12800;12800;12800;12800;12800
system.mem_ctrls.dram.busUtil;0;0;0;0;0;0;0;0;0;0;0;0;0;0;0;0;0;0;0;0;0;0;0;0;0;0;0;0;0;0;0;0;0;0;0;0;0;0;0;0;0;0;0;0;0;0;0;0;0;0;0;0;0;0;0;0;0;0;0;0;0;0;0;0;0;0;0;0;0;0;0;0;0;0;0;0;0;0;0
system.mem_ctrls.dram.busUtilRead;0;0;0;0;0;0;0;0;0;0;0;0;0;0;0;0;0;0;0;0;0;0;0;0;0;0;0;0;0;0;0;0;0;0;0;0;0;0;0;0;0;0;0;0;0;0;0;0;0;0;0;0;0;0;0;0;0;0;0;0;0;0;0;0;0;0;0;0;0;0;0;0;0;0;0;0;0;0;0
system.mem_ctrls.dram.busUtilWrite;0;0;0;0;0;0;0;0;0;0;0;0;0;0;0;0;0;0;0;0;0;0;0;0;0;0;0;0;0;0;0;0;0;0;0;0;0;0;0;0;0;0;0;0;0;0;0;0;0;0;0;0;0;0;0;0;0;0;0;0;0;0;0;0;0;0;0;0;0;0;0;0;0;0;0;0;0;0;0
system.mem_ctrls.dram.power_state.pwrStateResidencyTicks::UNDEFINED;4,12231E+12;7,86754E+12;1,16128E+13;1,5358E+13;1,91032E+13;2,28484E+13;2,67038E+13;3,04491E+13;3,41943E+13;3,79395E+13;7,56121E+13;1,13175E+14;1,50847E+14;1,8841E+14;2,26082E+14;2,63645E+14;3,01317E+14;3,3899E+14;3,76552E+14;7,27204E+14;4,12301E+12;7,86824E+12;1,16135E+13;1,53587E+13;1,91039E+13;2,28491E+13;2,67045E+13;3,04498E+13;3,4195E+13;3,79402E+13;7,56128E+13;1,13175E+14;1,50848E+14;1,8841E+14;2,26083E+14;2,63645E+14;3,01318E+14;3,76553E+14;7,52839E+14;4,12931E+12;7,88152E+12;1,16337E+13;1,5386E+13;1,91382E+13;2,28904E+13;2,67528E+13;3,0505E+13;3,42572E+13;3,80094E+13;7,57518E+13;1,13384E+14;1,51126E+14;1,88758E+14;2,26501E+14;2,64133E+14;3,01875E+14;3,39617E+14;3,77249E+14;7,54231E+14;4,83045E+12;8,57567E+12;1,23209E+13;1,60661E+13;1,98113E+13;2,35566E+13;2,7412E+13;3,11572E+13;3,49024E+13;3,86476E+13;7,63202E+13;1,13883E+14;1,51555E+14;1,89118E+14;2,2679E+14;2,64353E+14;3,02025E+14;3,39698E+14;3,7726E+14;7,52909E+14
system.mem_ctrls.dram.rank0.actEnergy;0;0;0;0;0;0;0;0;0;0;0;0;0;0;0;0;0;0;0;0;0;0;0;0;0;0;0;0;0;0;0;0;0;0;0;0;0;0;0;0;0;0;0;0;0;0;0;0;0;0;0;0;0;0;0;0;0;0;0;0;0;0;0;0;0;0;0;0;0;0;0;0;0;0;0;0;0;0;0
system.mem_ctrls.dram.rank0.preEnergy;0;0;0;0;0;0;0;0;0;0;0;0;0;0;0;0;0;0;0;0;0;0;0;0;0;0;0;0;0;0;0;0;0;0;0;0;0;0;0;0;0;0;0;0;0;0;0;0;0;0;0;0;0;0;0;0;0;0;0;0;0;0;0;0;0;0;0;0;0;0;0;0;0;0;0;0;0;0;0
system.mem_ctrls.dram.rank0.readEnergy;0;0;0;0;0;0;0;0;0;0;0;0;0;0;0;0;0;0;0;0;0;0;0;0;0;0;0;0;0;0;0;0;0;0;0;0;0;0;0;0;0;0;0;0;0;0;0;0;0;0;0;0;0;0;0;0;0;0;0;0;0;0;0;0;0;0;0;0;0;0;0;0;0;0;0;0;0;0;0
system.mem_ctrls.dram.rank0.writeEnergy;0;0;0;0;0;0;0;0;0;0;0;0;0;0;0;0;0;0;0;0;0;0;0;0;0;0;0;0;0;0;0;0;0;0;0;0;0;0;0;0;0;0;0;0;0;0;0;0;0;0;0;0;0;0;0;0;0;0;0;0;0;0;0;0;0;0;0;0;0;0;0;0;0;0;0;0;0;0;0
system.mem_ctrls.dram.rank0.refreshEnergy;0;0;0;0;0;0;0;0;0;0;0;0;0;0;0;0;0;0;0;0;0;0;0;0;0;0;0;0;0;0;0;0;0;0;0;0;0;0;0;0;0;0;0;0;0;0;0;0;0;0;0;0;0;0;0;0;0;0;0;0;0;0;0;0;0;0;0;0;0;0;0;0;0;0;0;0;0;0;0
system.mem_ctrls.dram.rank0.actBackEnergy;0;0;0;0;0;0;0;0;0;0;0;0;0;0;0;0;0;0;0;0;0;0;0;0;0;0;0;0;0;0;0;0;0;0;0;0;0;0;0;0;0;0;0;0;0;0;0;0;0;0;0;0;0;0;0;0;0;0;0;0;0;0;0;0;0;0;0;0;0;0;0;0;0;0;0;0;0;0;0
system.mem_ctrls.dram.rank0.preBackEnergy;1,58297E+12;3,02113E+12;4,4593E+12;5,89747E+12;7,33563E+12;8,7738E+12;1,02543E+13;1,16924E+13;1,31306E+13;1,45688E+13;2,9035E+13;4,3459E+13;5,79253E+13;7,23493E+13;8,68155E+13;1,0124E+14;1,15706E+14;1,30172E+14;1,44596E+14;2,79246E+14;1,58324E+12;3,0214E+12;4,45957E+12;5,89774E+12;7,3359E+12;8,77407E+12;1,02545E+13;1,16927E+13;1,31309E+13;1,4569E+13;2,90353E+13;4,34593E+13;5,79256E+13;7,23495E+13;8,68158E+13;1,0124E+14;1,15706E+14;1,44596E+14;2,8909E+14;1,58565E+12;3,0265E+12;4,46735E+12;5,90821E+12;7,34906E+12;8,7899E+12;1,02731E+13;1,17139E+13;1,31548E+13;1,45956E+13;2,90887E+13;4,35394E+13;5,80324E+13;7,24832E+13;8,69762E+13;1,01427E+14;1,1592E+14;1,30413E+14;1,44864E+14;2,89625E+14;1,85489E+12;3,29306E+12;4,73122E+12;6,16939E+12;7,60756E+12;9,04572E+12;1,05262E+13;1,19644E+13;1,34025E+13;1,48407E+13;2,9307E+13;4,37309E+13;5,81972E+13;7,26212E+13;8,70875E+13;1,01511E+14;1,15978E+14;1,30444E+14;1,44868E+14;2,89117E+14
system.mem_ctrls.dram.rank0.actPowerDownEnergy;0;0;0;0;0;0;0;0;0;0;0;0;0;0;0;0;0;0;0;0;0;0;0;0;0;0;0;0;0;0;0;0;0;0;0;0;0;0;0;0;0;0;0;0;0;0;0;0;0;0;0;0;0;0;0;0;0;0;0;0;0;0;0;0;0;0;0;0;0;0;0;0;0;0;0;0;0;0;0
system.mem_ctrls.dram.rank0.prePowerDownEnergy;0;0;0;0;0;0;0;0;0;0;0;0;0;0;0;0;0;0;0;0;0;0;0;0;0;0;0;0;0;0;0;0;0;0;0;0;0;0;0;0;0;0;0;0;0;0;0;0;0;0;0;0;0;0;0;0;0;0;0;0;0;0;0;0;0;0;0;0;0;0;0;0;0;0;0;0;0;0;0
system.mem_ctrls.dram.rank0.selfRefreshEnergy;0;0;0;0;0;0;0;0;0;0;0;0;0;0;0;0;0;0;0;0;0;0;0;0;0;0;0;0;0;0;0;0;0;0;0;0;0;0;0;0;0;0;0;0;0;0;0;0;0;0;0;0;0;0;0;0;0;0;0;0;0;0;0;0;0;0;0;0;0;0;0;0;0;0;0;0;0;0;0
system.mem_ctrls.dram.rank0.totalEnergy;1,58297E+12;3,02113E+12;4,4593E+12;5,89747E+12;7,33563E+12;8,7738E+12;1,02543E+13;1,16924E+13;1,31306E+13;1,45688E+13;2,9035E+13;4,3459E+13;5,79253E+13;7,23493E+13;8,68155E+13;1,0124E+14;1,15706E+14;1,30172E+14;1,44596E+14;2,79246E+14;1,58324E+12;3,0214E+12;4,45957E+12;5,89774E+12;7,3359E+12;8,77407E+12;1,02545E+13;1,16927E+13;1,31309E+13;1,4569E+13;2,90353E+13;4,34593E+13;5,79256E+13;7,23495E+13;8,68158E+13;1,0124E+14;1,15706E+14;1,44596E+14;2,8909E+14;1,58565E+12;3,0265E+12;4,46735E+12;5,90821E+12;7,34906E+12;8,7899E+12;1,02731E+13;1,17139E+13;1,31548E+13;1,45956E+13;2,90887E+13;4,35394E+13;5,80324E+13;7,24832E+13;8,69762E+13;1,01427E+14;1,1592E+14;1,30413E+14;1,44864E+14;2,89625E+14;1,85489E+12;3,29306E+12;4,73122E+12;6,16939E+12;7,60756E+12;9,04572E+12;1,05262E+13;1,19644E+13;1,34025E+13;1,48407E+13;2,9307E+13;4,37309E+13;5,81972E+13;7,26212E+13;8,70875E+13;1,01511E+14;1,15978E+14;1,30444E+14;1,44868E+14;2,89117E+14
system.mem_ctrls.dram.rank0.averagePower;384;384;384;384;384;384;384;384;384;384;384;384;384;384;384;384;384;384;384;384;384;384;384;384;384;384;384;384;384;384;384;384;384;384;384;384;384;384;384;384;384;384;384;384;384;384;384;384;384;384;384;384;384;384;384;384;384;384;384;384;384;384;384;384;384;384;384;384;384;384;384;384;384;384;384;384;384;384;384
system.mem_ctrls.dram.rank0.totalIdleTime;0;0;0;0;0;0;0;0;0;0;0;0;0;0;0;0;0;0;0;0;0;0;0;0;0;0;0;0;0;0;0;0;0;0;0;0;0;0;0;0;0;0;0;0;0;0;0;0;0;0;0;0;0;0;0;0;0;0;0;0;0;0;0;0;0;0;0;0;0;0;0;0;0;0;0;0;0;0;0
system.mem_ctrls.dram.rank0.pwrStateTime::IDLE;4,12231E+12;7,86754E+12;1,16128E+13;1,5358E+13;1,91032E+13;2,28484E+13;2,67038E+13;3,04491E+13;3,41943E+13;3,79395E+13;7,56121E+13;1,13175E+14;1,50847E+14;1,8841E+14;2,26082E+14;2,63645E+14;3,01317E+14;3,3899E+14;3,76552E+14;7,27204E+14;4,12301E+12;7,86824E+12;1,16135E+13;1,53587E+13;1,91039E+13;2,28491E+13;2,67045E+13;3,04498E+13;3,4195E+13;3,79402E+13;7,56128E+13;1,13175E+14;1,50848E+14;1,8841E+14;2,26083E+14;2,63645E+14;3,01318E+14;3,76553E+14;7,52839E+14;4,12931E+12;7,88152E+12;1,16337E+13;1,5386E+13;1,91382E+13;2,28904E+13;2,67528E+13;3,0505E+13;3,42572E+13;3,80094E+13;7,57518E+13;1,13384E+14;1,51126E+14;1,88758E+14;2,26501E+14;2,64133E+14;3,01875E+14;3,39617E+14;3,77249E+14;7,54231E+14;4,83045E+12;8,57567E+12;1,23209E+13;1,60661E+13;1,98113E+13;2,35566E+13;2,7412E+13;3,11572E+13;3,49024E+13;3,86476E+13;7,63202E+13;1,13883E+14;1,51555E+14;1,89118E+14;2,2679E+14;2,64353E+14;3,02025E+14;3,39698E+14;3,7726E+14;7,52909E+14
system.mem_ctrls.dram.rank0.pwrStateTime::REF;0;0;0;0;0;0;0;0;0;0;0;0;0;0;0;0;0;0;0;0;0;0;0;0;0;0;0;0;0;0;0;0;0;0;0;0;0;0;0;0;0;0;0;0;0;0;0;0;0;0;0;0;0;0;0;0;0;0;0;0;0;0;0;0;0;0;0;0;0;0;0;0;0;0;0;0;0;0;0
system.mem_ctrls.dram.rank0.pwrStateTime::SREF;0;0;0;0;0;0;0;0;0;0;0;0;0;0;0;0;0;0;0;0;0;0;0;0;0;0;0;0;0;0;0;0;0;0;0;0;0;0;0;0;0;0;0;0;0;0;0;0;0;0;0;0;0;0;0;0;0;0;0;0;0;0;0;0;0;0;0;0;0;0;0;0;0;0;0;0;0;0;0
system.mem_ctrls.dram.rank0.pwrStateTime::PRE_PDN;0;0;0;0;0;0;0;0;0;0;0;0;0;0;0;0;0;0;0;0;0;0;0;0;0;0;0;0;0;0;0;0;0;0;0;0;0;0;0;0;0;0;0;0;0;0;0;0;0;0;0;0;0;0;0;0;0;0;0;0;0;0;0;0;0;0;0;0;0;0;0;0;0;0;0;0;0;0;0
system.mem_ctrls.dram.rank0.pwrStateTime::ACT;0;0;0;0;0;0;0;0;0;0;0;0;0;0;0;0;0;0;0;0;0;0;0;0;0;0;0;0;0;0;0;0;0;0;0;0;0;0;0;0;0;0;0;0;0;0;0;0;0;0;0;0;0;0;0;0;0;0;0;0;0;0;0;0;0;0;0;0;0;0;0;0;0;0;0;0;0;0;0
system.mem_ctrls.dram.rank0.pwrStateTime::ACT_PDN;0;0;0;0;0;0;0;0;0;0;0;0;0;0;0;0;0;0;0;0;0;0;0;0;0;0;0;0;0;0;0;0;0;0;0;0;0;0;0;0;0;0;0;0;0;0;0;0;0;0;0;0;0;0;0;0;0;0;0;0;0;0;0;0;0;0;0;0;0;0;0;0;0;0;0;0;0;0;0
system.mem_ctrls.dram.rank1.actEnergy;0;0;0;0;0;0;0;0;0;0;0;0;0;0;0;0;0;0;0;0;0;0;0;0;0;0;0;0;0;0;0;0;0;0;0;0;0;0;0;0;0;0;0;0;0;0;0;0;0;0;0;0;0;0;0;0;0;0;0;0;0;0;0;0;0;0;0;0;0;0;0;0;0;0;0;0;0;0;0
system.mem_ctrls.dram.rank1.preEnergy;0;0;0;0;0;0;0;0;0;0;0;0;0;0;0;0;0;0;0;0;0;0;0;0;0;0;0;0;0;0;0;0;0;0;0;0;0;0;0;0;0;0;0;0;0;0;0;0;0;0;0;0;0;0;0;0;0;0;0;0;0;0;0;0;0;0;0;0;0;0;0;0;0;0;0;0;0;0;0
system.mem_ctrls.dram.rank1.readEnergy;0;0;0;0;0;0;0;0;0;0;0;0;0;0;0;0;0;0;0;0;0;0;0;0;0;0;0;0;0;0;0;0;0;0;0;0;0;0;0;0;0;0;0;0;0;0;0;0;0;0;0;0;0;0;0;0;0;0;0;0;0;0;0;0;0;0;0;0;0;0;0;0;0;0;0;0;0;0;0
system.mem_ctrls.dram.rank1.writeEnergy;0;0;0;0;0;0;0;0;0;0;0;0;0;0;0;0;0;0;0;0;0;0;0;0;0;0;0;0;0;0;0;0;0;0;0;0;0;0;0;0;0;0;0;0;0;0;0;0;0;0;0;0;0;0;0;0;0;0;0;0;0;0;0;0;0;0;0;0;0;0;0;0;0;0;0;0;0;0;0
system.mem_ctrls.dram.rank1.refreshEnergy;0;0;0;0;0;0;0;0;0;0;0;0;0;0;0;0;0;0;0;0;0;0;0;0;0;0;0;0;0;0;0;0;0;0;0;0;0;0;0;0;0;0;0;0;0;0;0;0;0;0;0;0;0;0;0;0;0;0;0;0;0;0;0;0;0;0;0;0;0;0;0;0;0;0;0;0;0;0;0
system.mem_ctrls.dram.rank1.actBackEnergy;0;0;0;0;0;0;0;0;0;0;0;0;0;0;0;0;0;0;0;0;0;0;0;0;0;0;0;0;0;0;0;0;0;0;0;0;0;0;0;0;0;0;0;0;0;0;0;0;0;0;0;0;0;0;0;0;0;0;0;0;0;0;0;0;0;0;0;0;0;0;0;0;0;0;0;0;0;0;0
system.mem_ctrls.dram.rank1.preBackEnergy;1,58297E+12;3,02113E+12;4,4593E+12;5,89747E+12;7,33563E+12;8,7738E+12;1,02543E+13;1,16924E+13;1,31306E+13;1,45688E+13;2,9035E+13;4,3459E+13;5,79253E+13;7,23493E+13;8,68155E+13;1,0124E+14;1,15706E+14;1,30172E+14;1,44596E+14;2,79246E+14;1,58324E+12;3,0214E+12;4,45957E+12;5,89774E+12;7,3359E+12;8,77407E+12;1,02545E+13;1,16927E+13;1,31309E+13;1,4569E+13;2,90353E+13;4,34593E+13;5,79256E+13;7,23495E+13;8,68158E+13;1,0124E+14;1,15706E+14;1,44596E+14;2,8909E+14;1,58565E+12;3,0265E+12;4,46735E+12;5,90821E+12;7,34906E+12;8,7899E+12;1,02731E+13;1,17139E+13;1,31548E+13;1,45956E+13;2,90887E+13;4,35394E+13;5,80324E+13;7,24832E+13;8,69762E+13;1,01427E+14;1,1592E+14;1,30413E+14;1,44864E+14;2,89625E+14;1,85489E+12;3,29306E+12;4,73122E+12;6,16939E+12;7,60756E+12;9,04572E+12;1,05262E+13;1,19644E+13;1,34025E+13;1,48407E+13;2,9307E+13;4,37309E+13;5,81972E+13;7,26212E+13;8,70875E+13;1,01511E+14;1,15978E+14;1,30444E+14;1,44868E+14;2,89117E+14
system.mem_ctrls.dram.rank1.actPowerDownEnergy;0;0;0;0;0;0;0;0;0;0;0;0;0;0;0;0;0;0;0;0;0;0;0;0;0;0;0;0;0;0;0;0;0;0;0;0;0;0;0;0;0;0;0;0;0;0;0;0;0;0;0;0;0;0;0;0;0;0;0;0;0;0;0;0;0;0;0;0;0;0;0;0;0;0;0;0;0;0;0
system.mem_ctrls.dram.rank1.prePowerDownEnergy;0;0;0;0;0;0;0;0;0;0;0;0;0;0;0;0;0;0;0;0;0;0;0;0;0;0;0;0;0;0;0;0;0;0;0;0;0;0;0;0;0;0;0;0;0;0;0;0;0;0;0;0;0;0;0;0;0;0;0;0;0;0;0;0;0;0;0;0;0;0;0;0;0;0;0;0;0;0;0
system.mem_ctrls.dram.rank1.selfRefreshEnergy;0;0;0;0;0;0;0;0;0;0;0;0;0;0;0;0;0;0;0;0;0;0;0;0;0;0;0;0;0;0;0;0;0;0;0;0;0;0;0;0;0;0;0;0;0;0;0;0;0;0;0;0;0;0;0;0;0;0;0;0;0;0;0;0;0;0;0;0;0;0;0;0;0;0;0;0;0;0;0
system.mem_ctrls.dram.rank1.totalEnergy;1,58297E+12;3,02113E+12;4,4593E+12;5,89747E+12;7,33563E+12;8,7738E+12;1,02543E+13;1,16924E+13;1,31306E+13;1,45688E+13;2,9035E+13;4,3459E+13;5,79253E+13;7,23493E+13;8,68155E+13;1,0124E+14;1,15706E+14;1,30172E+14;1,44596E+14;2,79246E+14;1,58324E+12;3,0214E+12;4,45957E+12;5,89774E+12;7,3359E+12;8,77407E+12;1,02545E+13;1,16927E+13;1,31309E+13;1,4569E+13;2,90353E+13;4,34593E+13;5,79256E+13;7,23495E+13;8,68158E+13;1,0124E+14;1,15706E+14;1,44596E+14;2,8909E+14;1,58565E+12;3,0265E+12;4,46735E+12;5,90821E+12;7,34906E+12;8,7899E+12;1,02731E+13;1,17139E+13;1,31548E+13;1,45956E+13;2,90887E+13;4,35394E+13;5,80324E+13;7,24832E+13;8,69762E+13;1,01427E+14;1,1592E+14;1,30413E+14;1,44864E+14;2,89625E+14;1,85489E+12;3,29306E+12;4,73122E+12;6,16939E+12;7,60756E+12;9,04572E+12;1,05262E+13;1,19644E+13;1,34025E+13;1,48407E+13;2,9307E+13;4,37309E+13;5,81972E+13;7,26212E+13;8,70875E+13;1,01511E+14;1,15978E+14;1,30444E+14;1,44868E+14;2,89117E+14
system.mem_ctrls.dram.rank1.averagePower;384;384;384;384;384;384;384;384;384;384;384;384;384;384;384;384;384;384;384;384;384;384;384;384;384;384;384;384;384;384;384;384;384;384;384;384;384;384;384;384;384;384;384;384;384;384;384;384;384;384;384;384;384;384;384;384;384;384;384;384;384;384;384;384;384;384;384;384;384;384;384;384;384;384;384;384;384;384;384
system.mem_ctrls.dram.rank1.totalIdleTime;0;0;0;0;0;0;0;0;0;0;0;0;0;0;0;0;0;0;0;0;0;0;0;0;0;0;0;0;0;0;0;0;0;0;0;0;0;0;0;0;0;0;0;0;0;0;0;0;0;0;0;0;0;0;0;0;0;0;0;0;0;0;0;0;0;0;0;0;0;0;0;0;0;0;0;0;0;0;0
system.mem_ctrls.dram.rank1.pwrStateTime::IDLE;4,12231E+12;7,86754E+12;1,16128E+13;1,5358E+13;1,91032E+13;2,28484E+13;2,67038E+13;3,04491E+13;3,41943E+13;3,79395E+13;7,56121E+13;1,13175E+14;1,50847E+14;1,8841E+14;2,26082E+14;2,63645E+14;3,01317E+14;3,3899E+14;3,76552E+14;7,27204E+14;4,12301E+12;7,86824E+12;1,16135E+13;1,53587E+13;1,91039E+13;2,28491E+13;2,67045E+13;3,04498E+13;3,4195E+13;3,79402E+13;7,56128E+13;1,13175E+14;1,50848E+14;1,8841E+14;2,26083E+14;2,63645E+14;3,01318E+14;3,76553E+14;7,52839E+14;4,12931E+12;7,88152E+12;1,16337E+13;1,5386E+13;1,91382E+13;2,28904E+13;2,67528E+13;3,0505E+13;3,42572E+13;3,80094E+13;7,57518E+13;1,13384E+14;1,51126E+14;1,88758E+14;2,26501E+14;2,64133E+14;3,01875E+14;3,39617E+14;3,77249E+14;7,54231E+14;4,83045E+12;8,57567E+12;1,23209E+13;1,60661E+13;1,98113E+13;2,35566E+13;2,7412E+13;3,11572E+13;3,49024E+13;3,86476E+13;7,63202E+13;1,13883E+14;1,51555E+14;1,89118E+14;2,2679E+14;2,64353E+14;3,02025E+14;3,39698E+14;3,7726E+14;7,52909E+14
system.mem_ctrls.dram.rank1.pwrStateTime::REF;0;0;0;0;0;0;0;0;0;0;0;0;0;0;0;0;0;0;0;0;0;0;0;0;0;0;0;0;0;0;0;0;0;0;0;0;0;0;0;0;0;0;0;0;0;0;0;0;0;0;0;0;0;0;0;0;0;0;0;0;0;0;0;0;0;0;0;0;0;0;0;0;0;0;0;0;0;0;0
system.mem_ctrls.dram.rank1.pwrStateTime::SREF;0;0;0;0;0;0;0;0;0;0;0;0;0;0;0;0;0;0;0;0;0;0;0;0;0;0;0;0;0;0;0;0;0;0;0;0;0;0;0;0;0;0;0;0;0;0;0;0;0;0;0;0;0;0;0;0;0;0;0;0;0;0;0;0;0;0;0;0;0;0;0;0;0;0;0;0;0;0;0
system.mem_ctrls.dram.rank1.pwrStateTime::PRE_PDN;0;0;0;0;0;0;0;0;0;0;0;0;0;0;0;0;0;0;0;0;0;0;0;0;0;0;0;0;0;0;0;0;0;0;0;0;0;0;0;0;0;0;0;0;0;0;0;0;0;0;0;0;0;0;0;0;0;0;0;0;0;0;0;0;0;0;0;0;0;0;0;0;0;0;0;0;0;0;0
system.mem_ctrls.dram.rank1.pwrStateTime::ACT;0;0;0;0;0;0;0;0;0;0;0;0;0;0;0;0;0;0;0;0;0;0;0;0;0;0;0;0;0;0;0;0;0;0;0;0;0;0;0;0;0;0;0;0;0;0;0;0;0;0;0;0;0;0;0;0;0;0;0;0;0;0;0;0;0;0;0;0;0;0;0;0;0;0;0;0;0;0;0
system.mem_ctrls.dram.rank1.pwrStateTime::ACT_PDN;0;0;0;0;0;0;0;0;0;0;0;0;0;0;0;0;0;0;0;0;0;0;0;0;0;0;0;0;0;0;0;0;0;0;0;0;0;0;0;0;0;0;0;0;0;0;0;0;0;0;0;0;0;0;0;0;0;0;0;0;0;0;0;0;0;0;0;0;0;0;0;0;0;0;0;0;0;0;0
system.mem_ctrls.power_state.pwrStateResidencyTicks::UNDEFINED;4,12231E+12;7,86754E+12;1,16128E+13;1,5358E+13;1,91032E+13;2,28484E+13;2,67038E+13;3,04491E+13;3,41943E+13;3,79395E+13;7,56121E+13;1,13175E+14;1,50847E+14;1,8841E+14;2,26082E+14;2,63645E+14;3,01317E+14;3,3899E+14;3,76552E+14;7,27204E+14;4,12301E+12;7,86824E+12;1,16135E+13;1,53587E+13;1,91039E+13;2,28491E+13;2,67045E+13;3,04498E+13;3,4195E+13;3,79402E+13;7,56128E+13;1,13175E+14;1,50848E+14;1,8841E+14;2,26083E+14;2,63645E+14;3,01318E+14;3,76553E+14;7,52839E+14;4,12931E+12;7,88152E+12;1,16337E+13;1,5386E+13;1,91382E+13;2,28904E+13;2,67528E+13;3,0505E+13;3,42572E+13;3,80094E+13;7,57518E+13;1,13384E+14;1,51126E+14;1,88758E+14;2,26501E+14;2,64133E+14;3,01875E+14;3,39617E+14;3,77249E+14;7,54231E+14;4,83045E+12;8,57567E+12;1,23209E+13;1,60661E+13;1,98113E+13;2,35566E+13;2,7412E+13;3,11572E+13;3,49024E+13;3,86476E+13;7,63202E+13;1,13883E+14;1,51555E+14;1,89118E+14;2,2679E+14;2,64353E+14;3,02025E+14;3,39698E+14;3,7726E+14;7,52909E+14
system.membus.transDist::ReadReq;7536780452;14449723183;21362666057;28275608864;35188551574;42101494430;49218274291;56131217132;63044159973;69957102793;1,39494E+11;2,08827E+11;2,78365E+11;3,47698E+11;4,17235E+11;4,86568E+11;5,56105E+11;6,25642E+11;6,94976E+11;1,34259E+12;7537762272;14450706781;21363646407;28276591412;35189533072;42102478574;49219256364;56132197077;63045140800;69958084628;1,39495E+11;2,08828E+11;2,78366E+11;3,47699E+11;4,17236E+11;4,86569E+11;5,56106E+11;6,94977E+11;1,38953E+12;7546607959;14469372598;21392136082;28314900499;35237665541;42160422133;49287021989;56209770572;63132526589;70055293605;1,3969E+11;2,09122E+11;2,78756E+11;3,48188E+11;4,17823E+11;4,87254E+11;5,56889E+11;6,26524E+11;6,95955E+11;1,39149E+12;8532886966;15445829697;22358772571;29271715378;36184658088;43097600944;50214380806;57127323647;64040266488;70953209308;1,4049E+11;2,09824E+11;2,79361E+11;3,48694E+11;4,18231E+11;4,87564E+11;5,57101E+11;6,26639E+11;6,95972E+11;1,38963E+12
system.membus.transDist::ReadResp;7536780452;14449723183;21362666057;28275608864;35188551574;42101494430;49218274291;56131217132;63044159973;69957102793;1,39494E+11;2,08827E+11;2,78365E+11;3,47698E+11;4,17235E+11;4,86568E+11;5,56105E+11;6,25642E+11;6,94976E+11;1,34259E+12;7537762272;14450706781;21363646407;28276591412;35189533072;42102478574;49219256364;56132197077;63045140800;69958084628;1,39495E+11;2,08828E+11;2,78366E+11;3,47699E+11;4,17236E+11;4,86569E+11;5,56106E+11;6,94977E+11;1,38953E+12;7546607959;14469372598;21392136082;28314900499;35237665541;42160422133;49287021989;56209770572;63132526589;70055293605;1,3969E+11;2,09122E+11;2,78756E+11;3,48188E+11;4,17823E+11;4,87254E+11;5,56889E+11;6,26524E+11;6,95955E+11;1,39149E+12;8532886966;15445829697;22358772571;29271715378;36184658088;43097600944;50214380806;57127323647;64040266488;70953209308;1,4049E+11;2,09824E+11;2,79361E+11;3,48694E+11;4,18231E+11;4,87564E+11;5,57101E+11;6,26639E+11;6,95972E+11;1,38963E+12
system.membus.transDist::WriteReq;658065226;1229589274;1801113325;2372637377;2944161423;3515685472;4097914852;4669438903;5240962954;5812487006;11549138182;17275084015;23011735181;28737681015;34474332183;40200278021;45936929199;51673580377;57399526215;1,12405E+11;658164830;1229689072;1801212775;2372737065;2944261001;3515785304;4098014494;4669538295;5241062450;5812586596;11549237485;17275183342;23011834518;28737780251;34474431413;40200377166;45937028428;57399625582;1,14723E+11;659062317;1231582760;1804103102;2376623538;2949144038;3521663596;4104889158;4677407867;5249927320;5822448022;11569046175;17304904601;23051472420;28787334858;34533903687;40269763586;46016330315;51762896454;57498758394;1,14922E+11;759393727;1330917775;1902441826;2473965878;3045489924;3617013973;4199243353;4770767404;5342291455;5913815507;11650466683;17376412516;23113063682;28839009516;34575660684;40301606522;46038257700;51774908878;57500854716;1,14733E+11
system.membus.transDist::WriteResp;658065226;1229589274;1801113325;2372637377;2944161423;3515685472;4097914852;4669438903;5240962954;5812487006;11549138182;17275084015;23011735181;28737681015;34474332183;40200278021;45936929199;51673580377;57399526215;1,12405E+11;658164830;1229689072;1801212775;2372737065;2944261001;3515785304;4098014494;4669538295;5241062450;5812586596;11549237485;17275183342;23011834518;28737780251;34474431413;40200377166;45937028428;57399625582;1,14723E+11;659062317;1231582760;1804103102;2376623538;2949144038;3521663596;4104889158;4677407867;5249927320;5822448022;11569046175;17304904601;23051472420;28787334858;34533903687;40269763586;46016330315;51762896454;57498758394;1,14922E+11;759393727;1330917775;1902441826;2473965878;3045489924;3617013973;4199243353;4770767404;5342291455;5913815507;11650466683;17376412516;23113063682;28839009516;34575660684;40301606522;46038257700;51774908878;57500854716;1,14733E+11
system.membus.transDist::LockedRMWReadReq;12;12;12;12;12;12;12;12;12;12;12;12;12;12;12;12;12;12;12;12;12;12;12;12;12;12;12;12;12;12;12;12;12;12;12;12;12;12;12;12;12;12;12;12;12;12;12;12;12;12;12;12;12;12;12;12;12;12;12;12;12;12;12;12;12;12;12;12;12;12;12;12;12;12;12;12;12;12;12
system.membus.transDist::LockedRMWReadResp;12;12;12;12;12;12;12;12;12;12;12;12;12;12;12;12;12;12;12;12;12;12;12;12;12;12;12;12;12;12;12;12;12;12;12;12;12;12;12;12;12;12;12;12;12;12;12;12;12;12;12;12;12;12;12;12;12;12;12;12;12;12;12;12;12;12;12;12;12;12;12;12;12;12;12;12;12;12;12
system.membus.transDist::LockedRMWWriteReq;12;12;12;12;12;12;12;12;12;12;12;12;12;12;12;12;12;12;12;12;12;12;12;12;12;12;12;12;12;12;12;12;12;12;12;12;12;12;12;12;12;12;12;12;12;12;12;12;12;12;12;12;12;12;12;12;12;12;12;12;12;12;12;12;12;12;12;12;12;12;12;12;12;12;12;12;12;12;12
system.membus.transDist::LockedRMWWriteResp;12;12;12;12;12;12;12;12;12;12;12;12;12;12;12;12;12;12;12;12;12;12;12;12;12;12;12;12;12;12;12;12;12;12;12;12;12;12;12;12;12;12;12;12;12;12;12;12;12;12;12;12;12;12;12;12;12;12;12;12;12;12;12;12;12;12;12;12;12;12;12;12;12;12;12;12;12;12;12
system.membus.pktCount_system.cpu.icache_port::system.mem_ctrls.port;12888948660;24728825810;36568703196;48408580470;60248457582;72088334936;84258659852;96098537184;1,07938E+11;1,19778E+11;2,38838E+11;3,57567E+11;4,76627E+11;5,95356E+11;7,14416E+11;8,33145E+11;9,52205E+11;1,07126E+12;1,18999E+12;2,29657E+12;12890621970;24730502114;36570374028;48410255004;60250130346;72090012170;84260333582;96100207338;1,0794E+11;1,1978E+11;2,3884E+11;3,57569E+11;4,76629E+11;5,95358E+11;7,14417E+11;8,33147E+11;9,52206E+11;1,19E+12;2,37927E+12;12905697414;24762313924;36618928472;48475544592;60332161776;72188764730;84375825788;96232415250;1,08089E+11;1,19946E+11;2,39172E+11;3,58068E+11;4,77295E+11;5,96191E+11;7,15417E+11;8,34313E+11;9,5354E+11;1,07277E+12;1,19166E+12;2,3826E+12;14586181666;26426058816;38265936202;50105813476;61945690588;73785567942;85955892858;97795770190;1,09636E+11;1,21476E+11;2,40535E+11;3,59264E+11;4,78324E+11;5,97053E+11;7,16113E+11;8,34842E+11;9,53902E+11;1,07296E+12;1,19169E+12;2,37944E+12
system.membus.pktCount_system.cpu.icache_port::total;12888948660;24728825810;36568703196;48408580470;60248457582;72088334936;84258659852;96098537184;1,07938E+11;1,19778E+11;2,38838E+11;3,57567E+11;4,76627E+11;5,95356E+11;7,14416E+11;8,33145E+11;9,52205E+11;1,07126E+12;1,18999E+12;2,29657E+12;12890621970;24730502114;36570374028;48410255004;60250130346;72090012170;84260333582;96100207338;1,0794E+11;1,1978E+11;2,3884E+11;3,57569E+11;4,76629E+11;5,95358E+11;7,14417E+11;8,33147E+11;9,52206E+11;1,19E+12;2,37927E+12;12905697414;24762313924;36618928472;48475544592;60332161776;72188764730;84375825788;96232415250;1,08089E+11;1,19946E+11;2,39172E+11;3,58068E+11;4,77295E+11;5,96191E+11;7,15417E+11;8,34313E+11;9,5354E+11;1,07277E+12;1,19166E+12;2,3826E+12;14586181666;26426058816;38265936202;50105813476;61945690588;73785567942;85955892858;97795770190;1,09636E+11;1,21476E+11;2,40535E+11;3,59264E+11;4,78324E+11;5,97053E+11;7,16113E+11;8,34842E+11;9,53902E+11;1,07296E+12;1,19169E+12;2,37944E+12
system.membus.pktCount_system.cpu.dcache_port::system.mem_ctrls.port;3500742744;6629799152;9758855616;12887912060;16016968460;19146024916;22373718482;25502774934;28631831386;31760887820;63248726632;94637928194;1,26126E+11;1,57515E+11;1,89003E+11;2,20392E+11;2,5188E+11;2,83368E+11;3,14757E+11;6,13411E+11;3501232282;6630289640;9759344384;12888401998;16017457848;19146515634;22374208182;25503263454;28632320396;31761377330;63249214730;94638416626;1,26126E+11;1,57515E+11;1,89003E+11;2,20392E+11;2,5188E+11;3,14757E+11;6,29242E+11;3505643186;6639596840;9773549944;12907503530;16041457430;19175406776;22407996554;25541941676;28675890608;31809845530;63346573488;94784514086;1,26321E+11;1,57759E+11;1,89296E+11;2,20734E+11;2,5227E+11;2,83807E+11;3,15245E+11;6,30216E+11;3998379768;7127436176;10256492640;13385549084;16514605484;19643661940;22871355508;26000411960;29129468412;32258524846;63746363662;95135565226;1,26623E+11;1,58013E+11;1,895E+11;2,2089E+11;2,52377E+11;2,83865E+11;3,15255E+11;6,29291E+11
system.membus.pktCount_system.cpu.dcache_port::total;3500742744;6629799152;9758855616;12887912060;16016968460;19146024916;22373718482;25502774934;28631831386;31760887820;63248726632;94637928194;1,26126E+11;1,57515E+11;1,89003E+11;2,20392E+11;2,5188E+11;2,83368E+11;3,14757E+11;6,13411E+11;3501232282;6630289640;9759344384;12888401998;16017457848;19146515634;22374208182;25503263454;28632320396;31761377330;63249214730;94638416626;1,26126E+11;1,57515E+11;1,89003E+11;2,20392E+11;2,5188E+11;3,14757E+11;6,29242E+11;3505643186;6639596840;9773549944;12907503530;16041457430;19175406776;22407996554;25541941676;28675890608;31809845530;63346573488;94784514086;1,26321E+11;1,57759E+11;1,89296E+11;2,20734E+11;2,5227E+11;2,83807E+11;3,15245E+11;6,30216E+11;3998379768;7127436176;10256492640;13385549084;16514605484;19643661940;22871355508;26000411960;29129468412;32258524846;63746363662;95135565226;1,26623E+11;1,58013E+11;1,895E+11;2,2089E+11;2,52377E+11;2,83865E+11;3,15255E+11;6,29291E+11
system.membus.pktCount::total;16389691404;31358624962;46327558812;61296492530;76265426042;91234359852;1,06632E+11;1,21601E+11;1,3657E+11;1,51539E+11;3,02087E+11;4,52205E+11;6,02753E+11;7,52871E+11;9,03419E+11;1,05354E+12;1,20408E+12;1,35463E+12;1,50475E+12;2,90998E+12;16391854252;31360791754;46329718412;61298657002;76267588194;91236527804;1,06635E+11;1,21603E+11;1,36572E+11;1,51541E+11;3,02089E+11;4,52207E+11;6,02755E+11;7,52873E+11;9,03421E+11;1,05354E+12;1,20409E+12;1,50475E+12;3,00851E+12;16411340600;31401910764;46392478416;61383048122;76373619206;91364171506;1,06784E+11;1,21774E+11;1,36765E+11;1,51755E+11;3,02519E+11;4,52853E+11;6,03616E+11;7,5395E+11;9,04713E+11;1,05505E+12;1,20581E+12;1,35657E+12;1,50691E+12;3,01282E+12;18584561434;33553494992;48522428842;63491362560;78460296072;93429229882;1,08827E+11;1,23796E+11;1,38765E+11;1,53734E+11;3,04282E+11;4,544E+11;6,04947E+11;7,55066E+11;9,05613E+11;1,05573E+12;1,20628E+12;1,35683E+12;1,50695E+12;3,00873E+12
system.membus.pktSize_system.cpu.icache_port::system.mem_ctrls.port;51555794640;98915303240;1,46275E+11;1,93634E+11;2,40994E+11;2,88353E+11;3,37035E+11;3,84394E+11;4,31754E+11;4,79113E+11;9,55352E+11;1,43027E+12;1,90651E+12;2,38142E+12;2,85766E+12;3,33258E+12;3,80882E+12;4,28506E+12;4,75997E+12;9,18628E+12;51562487880;98922008456;1,46281E+11;1,93641E+11;2,41001E+11;2,8836E+11;3,37041E+11;3,84401E+11;4,3176E+11;4,7912E+11;9,55359E+11;1,43028E+12;1,90651E+12;2,38143E+12;2,85767E+12;3,33259E+12;3,80883E+12;4,75998E+12;9,51709E+12;51622789656;99049255696;1,46476E+11;1,93902E+11;2,41329E+11;2,88755E+11;3,37503E+11;3,8493E+11;4,32356E+11;4,79783E+11;9,5669E+11;1,43227E+12;1,90918E+12;2,38476E+12;2,86167E+12;3,33725E+12;3,81416E+12;4,29106E+12;4,76665E+12;9,53042E+12;58344726664;1,05704E+11;1,53064E+11;2,00423E+11;2,47783E+11;2,95142E+11;3,43824E+11;3,91183E+11;4,38543E+11;4,85902E+11;9,62141E+11;1,43706E+12;1,9133E+12;2,38821E+12;2,86445E+12;3,33937E+12;3,81561E+12;4,29185E+12;4,76676E+12;9,51776E+12
system.membus.pktSize_system.cpu.icache_port::total;51555794640;98915303240;1,46275E+11;1,93634E+11;2,40994E+11;2,88353E+11;3,37035E+11;3,84394E+11;4,31754E+11;4,79113E+11;9,55352E+11;1,43027E+12;1,90651E+12;2,38142E+12;2,85766E+12;3,33258E+12;3,80882E+12;4,28506E+12;4,75997E+12;9,18628E+12;51562487880;98922008456;1,46281E+11;1,93641E+11;2,41001E+11;2,8836E+11;3,37041E+11;3,84401E+11;4,3176E+11;4,7912E+11;9,55359E+11;1,43028E+12;1,90651E+12;2,38143E+12;2,85767E+12;3,33259E+12;3,80883E+12;4,75998E+12;9,51709E+12;51622789656;99049255696;1,46476E+11;1,93902E+11;2,41329E+11;2,88755E+11;3,37503E+11;3,8493E+11;4,32356E+11;4,79783E+11;9,5669E+11;1,43227E+12;1,90918E+12;2,38476E+12;2,86167E+12;3,33725E+12;3,81416E+12;4,29106E+12;4,76665E+12;9,53042E+12;58344726664;1,05704E+11;1,53064E+11;2,00423E+11;2,47783E+11;2,95142E+11;3,43824E+11;3,91183E+11;4,38543E+11;4,85902E+11;9,62141E+11;1,43706E+12;1,9133E+12;2,38821E+12;2,86445E+12;3,33937E+12;3,81561E+12;4,29185E+12;4,76676E+12;9,51776E+12
system.membus.pktSize_system.cpu.dcache_port::system.mem_ctrls.port;13884922975;26349148575;38813374327;51277600047;63741825618;76206051370;89059616229;1,01524E+11;1,13988E+11;1,26452E+11;2,51873E+11;3,76905E+11;5,02326E+11;6,27357E+11;7,52778E+11;8,7781E+11;1,00323E+12;1,12865E+12;1,25368E+12;2,44302E+12;13886478906;26350708222;38814927346;51279157614;63743381105;76207611517;89061172950;1,01525E+11;1,1399E+11;1,26454E+11;2,51875E+11;3,76906E+11;5,02327E+11;6,27359E+11;7,5278E+11;8,77811E+11;1,00323E+12;1,25368E+12;2,50634E+12;13900502761;26380294345;38860084300;51339875932;63819668681;76299443468;89168570195;1,01648E+11;1,14128E+11;1,26608E+11;2,52184E+11;3,7737E+11;5,02946E+11;6,28132E+11;7,53708E+11;8,78894E+11;1,00447E+12;1,13005E+12;1,25523E+12;2,50943E+12;15475106738;27939332338;40403558090;52867783810;65332009381;77796235133;90649799992;1,03114E+11;1,15578E+11;1,28042E+11;2,53463E+11;3,78495E+11;5,03916E+11;6,28948E+11;7,54368E+11;8,794E+11;1,00482E+12;1,13024E+12;1,25527E+12;2,5065E+12
system.membus.pktSize_system.cpu.dcache_port::total;13884922975;26349148575;38813374327;51277600047;63741825618;76206051370;89059616229;1,01524E+11;1,13988E+11;1,26452E+11;2,51873E+11;3,76905E+11;5,02326E+11;6,27357E+11;7,52778E+11;8,7781E+11;1,00323E+12;1,12865E+12;1,25368E+12;2,44302E+12;13886478906;26350708222;38814927346;51279157614;63743381105;76207611517;89061172950;1,01525E+11;1,1399E+11;1,26454E+11;2,51875E+11;3,76906E+11;5,02327E+11;6,27359E+11;7,5278E+11;8,77811E+11;1,00323E+12;1,25368E+12;2,50634E+12;13900502761;26380294345;38860084300;51339875932;63819668681;76299443468;89168570195;1,01648E+11;1,14128E+11;1,26608E+11;2,52184E+11;3,7737E+11;5,02946E+11;6,28132E+11;7,53708E+11;8,78894E+11;1,00447E+12;1,13005E+12;1,25523E+12;2,50943E+12;15475106738;27939332338;40403558090;52867783810;65332009381;77796235133;90649799992;1,03114E+11;1,15578E+11;1,28042E+11;2,53463E+11;3,78495E+11;5,03916E+11;6,28948E+11;7,54368E+11;8,794E+11;1,00482E+12;1,13024E+12;1,25527E+12;2,5065E+12
system.membus.pktSize::total;65440717615;1,25264E+11;1,85088E+11;2,44912E+11;3,04736E+11;3,64559E+11;4,26094E+11;4,85918E+11;5,45742E+11;6,05565E+11;1,20723E+12;1,80717E+12;2,40883E+12;3,00878E+12;3,61044E+12;4,21039E+12;4,81205E+12;5,41371E+12;6,01366E+12;1,16293E+13;65448966786;1,25273E+11;1,85096E+11;2,4492E+11;3,04744E+11;3,64568E+11;4,26103E+11;4,85926E+11;5,4575E+11;6,05574E+11;1,20723E+12;1,80718E+12;2,40884E+12;3,00879E+12;3,61045E+12;4,2104E+12;4,81206E+12;6,01367E+12;1,20234E+13;65523292417;1,2543E+11;1,85336E+11;2,45242E+11;3,05148E+11;3,65055E+11;4,26672E+11;4,86578E+11;5,46484E+11;6,0639E+11;1,20887E+12;1,80964E+12;2,41213E+12;3,0129E+12;3,61538E+12;4,21615E+12;4,81863E+12;5,42111E+12;6,02188E+12;1,20399E+13;73819833402;1,33644E+11;1,93467E+11;2,53291E+11;3,13115E+11;3,72939E+11;4,34473E+11;4,94297E+11;5,54121E+11;6,13945E+11;1,2156E+12;1,81555E+12;2,41721E+12;3,01716E+12;3,61882E+12;4,21877E+12;4,82043E+12;5,42209E+12;6,02204E+12;1,20243E+13
system.membus.snoops;0;0;0;0;0;0;0;0;0;0;0;0;0;0;0;0;0;0;0;0;0;0;0;0;0;0;0;0;0;0;0;0;0;0;0;0;0;0;0;0;0;0;0;0;0;0;0;0;0;0;0;0;0;0;0;0;0;0;0;0;0;0;0;0;0;0;0;0;0;0;0;0;0;0;0;0;0;0;0
system.membus.snoopTraffic;0;0;0;0;0;0;0;0;0;0;0;0;0;0;0;0;0;0;0;0;0;0;0;0;0;0;0;0;0;0;0;0;0;0;0;0;0;0;0;0;0;0;0;0;0;0;0;0;0;0;0;0;0;0;0;0;0;0;0;0;0;0;0;0;0;0;0;0;0;0;0;0;0;0;0;0;0;0;0
system.membus.snoopFanout::samples;8194845702;15679312481;23163779406;30648246265;38132713021;45617179926;53316189167;60800656059;68285122951;75769589823;1,51043E+11;2,26103E+11;3,01376E+11;3,76436E+11;4,51709E+11;5,26768E+11;6,02042E+11;6,77316E+11;7,52375E+11;1,45499E+12;8195927126;15680395877;23164859206;30649328501;38133794097;45618263902;53317270882;60801735396;68286203274;75770671248;1,51044E+11;2,26104E+11;3,01377E+11;3,76437E+11;4,5171E+11;5,2677E+11;6,02043E+11;7,52376E+11;1,50426E+12;8205670300;15700955382;23196239208;30691524061;38186809603;45682085753;53391911171;60887178463;68382453933;75877741651;1,5126E+11;2,26426E+11;3,01808E+11;3,76975E+11;4,52356E+11;5,27523E+11;6,02905E+11;6,78286E+11;7,53453E+11;1,50641E+12;9292280717;16776747496;24261214421;31745681280;39230148036;46714614941;54413624183;61898091075;69382557967;76867024839;1,52141E+11;2,272E+11;3,02474E+11;3,77533E+11;4,52807E+11;5,27866E+11;6,0314E+11;6,78413E+11;7,53473E+11;1,50437E+12
system.membus.snoopFanout::mean;0;0;0;0;0;0;0;0;0;0;0;0;0;0;0;0;0;0;0;0;0;0;0;0;0;0;0;0;0;0;0;0;0;0;0;0;0;0;0;0;0;0;0;0;0;0;0;0;0;0;0;0;0;0;0;0;0;0;0;0;0;0;0;0;0;0;0;0;0;0;0;0;0;0;0;0;0;0;0
system.membus.snoopFanout::stdev;0;0;0;0;0;0;0;0;0;0;0;0;0;0;0;0;0;0;0;0;0;0;0;0;0;0;0;0;0;0;0;0;0;0;0;0;0;0;0;0;0;0;0;0;0;0;0;0;0;0;0;0;0;0;0;0;0;0;0;0;0;0;0;0;0;0;0;0;0;0;0;0;0;0;0;0;0;0;0
system.membus.snoopFanout::underflows;0;0;0;0;0;0;0;0;0;0;0;0;0;0;0;0;0;0;0;0;0;0;0;0;0;0;0;0;0;0;0;0;0;0;0;0;0;0;0;0;0;0;0;0;0;0;0;0;0;0;0;0;0;0;0;0;0;0;0;0;0;0;0;0;0;0;0;0;0;0;0;0;0;0;0;0;0;0;0
system.membus.snoopFanout::0;8194845702;15679312481;23163779406;30648246265;38132713021;45617179926;53316189167;60800656059;68285122951;75769589823;1,51043E+11;2,26103E+11;3,01376E+11;3,76436E+11;4,51709E+11;5,26768E+11;6,02042E+11;6,77316E+11;7,52375E+11;1,45499E+12;8195927126;15680395877;23164859206;30649328501;38133794097;45618263902;53317270882;60801735396;68286203274;75770671248;1,51044E+11;2,26104E+11;3,01377E+11;3,76437E+11;4,5171E+11;5,2677E+11;6,02043E+11;7,52376E+11;1,50426E+12;8205670300;15700955382;23196239208;30691524061;38186809603;45682085753;53391911171;60887178463;68382453933;75877741651;1,5126E+11;2,26426E+11;3,01808E+11;3,76975E+11;4,52356E+11;5,27523E+11;6,02905E+11;6,78286E+11;7,53453E+11;1,50641E+12;9292280717;16776747496;24261214421;31745681280;39230148036;46714614941;54413624183;61898091075;69382557967;76867024839;1,52141E+11;2,272E+11;3,02474E+11;3,77533E+11;4,52807E+11;5,27866E+11;6,0314E+11;6,78413E+11;7,53473E+11;1,50437E+12
system.membus.snoopFanout::1;0;0;0;0;0;0;0;0;0;0;0;0;0;0;0;0;0;0;0;0;0;0;0;0;0;0;0;0;0;0;0;0;0;0;0;0;0;0;0;0;0;0;0;0;0;0;0;0;0;0;0;0;0;0;0;0;0;0;0;0;0;0;0;0;0;0;0;0;0;0;0;0;0;0;0;0;0;0;0
system.membus.snoopFanout::overflows;0;0;0;0;0;0;0;0;0;0;0;0;0;0;0;0;0;0;0;0;0;0;0;0;0;0;0;0;0;0;0;0;0;0;0;0;0;0;0;0;0;0;0;0;0;0;0;0;0;0;0;0;0;0;0;0;0;0;0;0;0;0;0;0;0;0;0;0;0;0;0;0;0;0;0;0;0;0;0
system.membus.snoopFanout::min_value;0;0;0;0;0;0;0;0;0;0;0;0;0;0;0;0;0;0;0;0;0;0;0;0;0;0;0;0;0;0;0;0;0;0;0;0;0;0;0;0;0;0;0;0;0;0;0;0;0;0;0;0;0;0;0;0;0;0;0;0;0;0;0;0;0;0;0;0;0;0;0;0;0;0;0;0;0;0;0
system.membus.snoopFanout::max_value;0;0;0;0;0;0;0;0;0;0;0;0;0;0;0;0;0;0;0;0;0;0;0;0;0;0;0;0;0;0;0;0;0;0;0;0;0;0;0;0;0;0;0;0;0;0;0;0;0;0;0;0;0;0;0;0;0;0;0;0;0;0;0;0;0;0;0;0;0;0;0;0;0;0;0;0;0;0;0
system.membus.snoopFanout::total;8194845702;15679312481;23163779406;30648246265;38132713021;45617179926;53316189167;60800656059;68285122951;75769589823;1,51043E+11;2,26103E+11;3,01376E+11;3,76436E+11;4,51709E+11;5,26768E+11;6,02042E+11;6,77316E+11;7,52375E+11;1,45499E+12;8195927126;15680395877;23164859206;30649328501;38133794097;45618263902;53317270882;60801735396;68286203274;75770671248;1,51044E+11;2,26104E+11;3,01377E+11;3,76437E+11;4,5171E+11;5,2677E+11;6,02043E+11;7,52376E+11;1,50426E+12;8205670300;15700955382;23196239208;30691524061;38186809603;45682085753;53391911171;60887178463;68382453933;75877741651;1,5126E+11;2,26426E+11;3,01808E+11;3,76975E+11;4,52356E+11;5,27523E+11;6,02905E+11;6,78286E+11;7,53453E+11;1,50641E+12;9292280717;16776747496;24261214421;31745681280;39230148036;46714614941;54413624183;61898091075;69382557967;76867024839;1,52141E+11;2,272E+11;3,02474E+11;3,77533E+11;4,52807E+11;5,27866E+11;6,0314E+11;6,78413E+11;7,53473E+11;1,50437E+12
system.membus.power_state.pwrStateResidencyTicks::UNDEFINED;4,12231E+12;7,86754E+12;1,16128E+13;1,5358E+13;1,91032E+13;2,28484E+13;2,67038E+13;3,04491E+13;3,41943E+13;3,79395E+13;7,56121E+13;1,13175E+14;1,50847E+14;1,8841E+14;2,26082E+14;2,63645E+14;3,01317E+14;3,3899E+14;3,76552E+14;7,27204E+14;4,12301E+12;7,86824E+12;1,16135E+13;1,53587E+13;1,91039E+13;2,28491E+13;2,67045E+13;3,04498E+13;3,4195E+13;3,79402E+13;7,56128E+13;1,13175E+14;1,50848E+14;1,8841E+14;2,26083E+14;2,63645E+14;3,01318E+14;3,76553E+14;7,52839E+14;4,12931E+12;7,88152E+12;1,16337E+13;1,5386E+13;1,91382E+13;2,28904E+13;2,67528E+13;3,0505E+13;3,42572E+13;3,80094E+13;7,57518E+13;1,13384E+14;1,51126E+14;1,88758E+14;2,26501E+14;2,64133E+14;3,01875E+14;3,39617E+14;3,77249E+14;7,54231E+14;4,83045E+12;8,57567E+12;1,23209E+13;1,60661E+13;1,98113E+13;2,35566E+13;2,7412E+13;3,11572E+13;3,49024E+13;3,86476E+13;7,63202E+13;1,13883E+14;1,51555E+14;1,89118E+14;2,2679E+14;2,64353E+14;3,02025E+14;3,39698E+14;3,7726E+14;7,52909E+14
system.membus.snoop_filter.totRequests;0;0;0;0;0;0;0;0;0;0;0;0;0;0;0;0;0;0;0;0;0;0;0;0;0;0;0;0;0;0;0;0;0;0;0;0;0;0;0;0;0;0;0;0;0;0;0;0;0;0;0;0;0;0;0;0;0;0;0;0;0;0;0;0;0;0;0;0;0;0;0;0;0;0;0;0;0;0;0
system.membus.snoop_filter.hitSingleRequests;0;0;0;0;0;0;0;0;0;0;0;0;0;0;0;0;0;0;0;0;0;0;0;0;0;0;0;0;0;0;0;0;0;0;0;0;0;0;0;0;0;0;0;0;0;0;0;0;0;0;0;0;0;0;0;0;0;0;0;0;0;0;0;0;0;0;0;0;0;0;0;0;0;0;0;0;0;0;0
system.membus.snoop_filter.hitMultiRequests;0;0;0;0;0;0;0;0;0;0;0;0;0;0;0;0;0;0;0;0;0;0;0;0;0;0;0;0;0;0;0;0;0;0;0;0;0;0;0;0;0;0;0;0;0;0;0;0;0;0;0;0;0;0;0;0;0;0;0;0;0;0;0;0;0;0;0;0;0;0;0;0;0;0;0;0;0;0;0
system.membus.snoop_filter.totSnoops;0;0;0;0;0;0;0;0;0;0;0;0;0;0;0;0;0;0;0;0;0;0;0;0;0;0;0;0;0;0;0;0;0;0;0;0;0;0;0;0;0;0;0;0;0;0;0;0;0;0;0;0;0;0;0;0;0;0;0;0;0;0;0;0;0;0;0;0;0;0;0;0;0;0;0;0;0;0;0
system.membus.snoop_filter.hitSingleSnoops;0;0;0;0;0;0;0;0;0;0;0;0;0;0;0;0;0;0;0;0;0;0;0;0;0;0;0;0;0;0;0;0;0;0;0;0;0;0;0;0;0;0;0;0;0;0;0;0;0;0;0;0;0;0;0;0;0;0;0;0;0;0;0;0;0;0;0;0;0;0;0;0;0;0;0;0;0;0;0
system.membus.snoop_filter.hitMultiSnoops;0;0;0;0;0;0;0;0;0;0;0;0;0;0;0;0;0;0;0;0;0;0;0;0;0;0;0;0;0;0;0;0;0;0;0;0;0;0;0;0;0;0;0;0;0;0;0;0;0;0;0;0;0;0;0;0;0;0;0;0;0;0;0;0;0;0;0;0;0;0;0;0;0;0;0;0;0;0;0
system.voltage_domain.voltage;1;1;1;1;1;1;1;1;1;1;1;1;1;1;1;1;1;1;1;1;1;1;1;1;1;1;1;1;1;1;1;1;1;1;1;1;1;1;1;1;1;1;1;1;1;1;1;1;1;1;1;1;1;1;1;1;1;1;1;1;1;1;1;1;1;1;1;1;1;1;1;1;1;1;1;1;1;1;1
system.workload.inst.arm;0;0;0;0;0;0;0;0;0;0;0;0;0;0;0;0;0;0;0;0;0;0;0;0;0;0;0;0;0;0;0;0;0;0;0;0;0;0;0;0;0;0;0;0;0;0;0;0;0;0;0;0;0;0;0;0;0;0;0;0;0;0;0;0;0;0;0;0;0;0;0;0;0;0;0;0;0;0;0
system.workload.inst.quiesce;0;0;0;0;0;0;0;0;0;0;0;0;0;0;0;0;0;0;0;0;0;0;0;0;0;0;0;0;0;0;0;0;0;0;0;0;0;0;0;0;0;0;0;0;0;0;0;0;0;0;0;0;0;0;0;0;0;0;0;0;0;0;0;0;0;0;0;0;0;0;0;0;0;0;0;0;0;0;0
