Features;simSeconds;simTicks;finalTick;simFreq;hostSeconds;hostTickRate;hostMemory;simInsts;simOps;hostInstRate;hostOpRate;system.clk_domain.clock;system.cpu.numCycles;system.cpu.numWorkItemsStarted;system.cpu.numWorkItemsCompleted;system.cpu.exec_context.thread_0.numInsts;system.cpu.exec_context.thread_0.numOps;system.cpu.exec_context.thread_0.numIntAluAccesses;system.cpu.exec_context.thread_0.numFpAluAccesses;system.cpu.exec_context.thread_0.numVecAluAccesses;system.cpu.exec_context.thread_0.numCallsReturns;system.cpu.exec_context.thread_0.numCondCtrlInsts;system.cpu.exec_context.thread_0.numIntInsts;system.cpu.exec_context.thread_0.numFpInsts;system.cpu.exec_context.thread_0.numVecInsts;system.cpu.exec_context.thread_0.numIntRegReads;system.cpu.exec_context.thread_0.numIntRegWrites;system.cpu.exec_context.thread_0.numFpRegReads;system.cpu.exec_context.thread_0.numFpRegWrites;system.cpu.exec_context.thread_0.numVecRegReads;system.cpu.exec_context.thread_0.numVecRegWrites;system.cpu.exec_context.thread_0.numVecPredRegReads;system.cpu.exec_context.thread_0.numVecPredRegWrites;system.cpu.exec_context.thread_0.numCCRegReads;system.cpu.exec_context.thread_0.numCCRegWrites;system.cpu.exec_context.thread_0.numMiscRegReads;system.cpu.exec_context.thread_0.numMiscRegWrites;system.cpu.exec_context.thread_0.numMemRefs;system.cpu.exec_context.thread_0.numLoadInsts;system.cpu.exec_context.thread_0.numStoreInsts;system.cpu.exec_context.thread_0.numIdleCycles;system.cpu.exec_context.thread_0.numBusyCycles;system.cpu.exec_context.thread_0.notIdleFraction;system.cpu.exec_context.thread_0.idleFraction;system.cpu.exec_context.thread_0.numBranches;system.cpu.exec_context.thread_0.statExecutedInstType::No_OpClass;system.cpu.exec_context.thread_0.statExecutedInstType::IntAlu;system.cpu.exec_context.thread_0.statExecutedInstType::IntMult;system.cpu.exec_context.thread_0.statExecutedInstType::IntDiv;system.cpu.exec_context.thread_0.statExecutedInstType::FloatAdd;system.cpu.exec_context.thread_0.statExecutedInstType::FloatCmp;system.cpu.exec_context.thread_0.statExecutedInstType::FloatCvt;system.cpu.exec_context.thread_0.statExecutedInstType::FloatMult;system.cpu.exec_context.thread_0.statExecutedInstType::FloatMultAcc;system.cpu.exec_context.thread_0.statExecutedInstType::FloatDiv;system.cpu.exec_context.thread_0.statExecutedInstType::FloatMisc;system.cpu.exec_context.thread_0.statExecutedInstType::FloatSqrt;system.cpu.exec_context.thread_0.statExecutedInstType::SimdAdd;system.cpu.exec_context.thread_0.statExecutedInstType::SimdAddAcc;system.cpu.exec_context.thread_0.statExecutedInstType::SimdAlu;system.cpu.exec_context.thread_0.statExecutedInstType::SimdCmp;system.cpu.exec_context.thread_0.statExecutedInstType::SimdCvt;system.cpu.exec_context.thread_0.statExecutedInstType::SimdMisc;system.cpu.exec_context.thread_0.statExecutedInstType::SimdMult;system.cpu.exec_context.thread_0.statExecutedInstType::SimdMultAcc;system.cpu.exec_context.thread_0.statExecutedInstType::SimdShift;system.cpu.exec_context.thread_0.statExecutedInstType::SimdShiftAcc;system.cpu.exec_context.thread_0.statExecutedInstType::SimdDiv;system.cpu.exec_context.thread_0.statExecutedInstType::SimdSqrt;system.cpu.exec_context.thread_0.statExecutedInstType::SimdFloatAdd;system.cpu.exec_context.thread_0.statExecutedInstType::SimdFloatAlu;system.cpu.exec_context.thread_0.statExecutedInstType::SimdFloatCmp;system.cpu.exec_context.thread_0.statExecutedInstType::SimdFloatCvt;system.cpu.exec_context.thread_0.statExecutedInstType::SimdFloatDiv;system.cpu.exec_context.thread_0.statExecutedInstType::SimdFloatMisc;system.cpu.exec_context.thread_0.statExecutedInstType::SimdFloatMult;system.cpu.exec_context.thread_0.statExecutedInstType::SimdFloatMultAcc;system.cpu.exec_context.thread_0.statExecutedInstType::SimdFloatSqrt;system.cpu.exec_context.thread_0.statExecutedInstType::SimdReduceAdd;system.cpu.exec_context.thread_0.statExecutedInstType::SimdReduceAlu;system.cpu.exec_context.thread_0.statExecutedInstType::SimdReduceCmp;system.cpu.exec_context.thread_0.statExecutedInstType::SimdFloatReduceAdd;system.cpu.exec_context.thread_0.statExecutedInstType::SimdFloatReduceCmp;system.cpu.exec_context.thread_0.statExecutedInstType::SimdAes;system.cpu.exec_context.thread_0.statExecutedInstType::SimdAesMix;system.cpu.exec_context.thread_0.statExecutedInstType::SimdSha1Hash;system.cpu.exec_context.thread_0.statExecutedInstType::SimdSha1Hash2;system.cpu.exec_context.thread_0.statExecutedInstType::SimdSha256Hash;system.cpu.exec_context.thread_0.statExecutedInstType::SimdSha256Hash2;system.cpu.exec_context.thread_0.statExecutedInstType::SimdShaSigma2;system.cpu.exec_context.thread_0.statExecutedInstType::SimdShaSigma3;system.cpu.exec_context.thread_0.statExecutedInstType::SimdPredAlu;system.cpu.exec_context.thread_0.statExecutedInstType::MemRead;system.cpu.exec_context.thread_0.statExecutedInstType::MemWrite;system.cpu.exec_context.thread_0.statExecutedInstType::FloatMemRead;system.cpu.exec_context.thread_0.statExecutedInstType::FloatMemWrite;system.cpu.exec_context.thread_0.statExecutedInstType::IprAccess;system.cpu.exec_context.thread_0.statExecutedInstType::InstPrefetch;system.cpu.exec_context.thread_0.statExecutedInstType::total;system.cpu.interrupts.clk_domain.clock;system.cpu.mmu.dtb.rdAccesses;system.cpu.mmu.dtb.wrAccesses;system.cpu.mmu.dtb.rdMisses;system.cpu.mmu.dtb.wrMisses;system.cpu.mmu.dtb.walker.power_state.pwrStateResidencyTicks::UNDEFINED;system.cpu.mmu.itb.rdAccesses;system.cpu.mmu.itb.wrAccesses;system.cpu.mmu.itb.rdMisses;system.cpu.mmu.itb.wrMisses;system.cpu.mmu.itb.walker.power_state.pwrStateResidencyTicks::UNDEFINED;system.cpu.power_state.pwrStateResidencyTicks::ON;system.cpu.thread_0.numInsts;system.cpu.thread_0.numOps;system.cpu.thread_0.numMemRefs;system.cpu.workload.numSyscalls;system.cpu_clk_domain.clock;system.cpu_voltage_domain.voltage;system.mem_ctrls.priorityMinLatency;system.mem_ctrls.priorityMaxLatency;system.mem_ctrls.numReadWriteTurnArounds;system.mem_ctrls.numWriteReadTurnArounds;system.mem_ctrls.numStayReadState;system.mem_ctrls.numStayWriteState;system.mem_ctrls.readReqs;system.mem_ctrls.writeReqs;system.mem_ctrls.readBursts;system.mem_ctrls.writeBursts;system.mem_ctrls.servicedByWrQ;system.mem_ctrls.mergedWrBursts;system.mem_ctrls.neitherReadNorWriteReqs;system.mem_ctrls.avgRdQLen;system.mem_ctrls.avgWrQLen;system.mem_ctrls.numRdRetry;system.mem_ctrls.numWrRetry;system.mem_ctrls.readPktSize::0;system.mem_ctrls.readPktSize::1;system.mem_ctrls.readPktSize::2;system.mem_ctrls.readPktSize::3;system.mem_ctrls.readPktSize::4;system.mem_ctrls.readPktSize::5;system.mem_ctrls.readPktSize::6;system.mem_ctrls.writePktSize::0;system.mem_ctrls.writePktSize::1;system.mem_ctrls.writePktSize::2;system.mem_ctrls.writePktSize::3;system.mem_ctrls.writePktSize::4;system.mem_ctrls.writePktSize::5;system.mem_ctrls.writePktSize::6;system.mem_ctrls.rdQLenPdf::0;system.mem_ctrls.rdQLenPdf::1;system.mem_ctrls.rdQLenPdf::2;system.mem_ctrls.rdQLenPdf::3;system.mem_ctrls.rdQLenPdf::4;system.mem_ctrls.rdQLenPdf::5;system.mem_ctrls.rdQLenPdf::6;system.mem_ctrls.rdQLenPdf::7;system.mem_ctrls.rdQLenPdf::8;system.mem_ctrls.rdQLenPdf::9;system.mem_ctrls.rdQLenPdf::10;system.mem_ctrls.rdQLenPdf::11;system.mem_ctrls.rdQLenPdf::12;system.mem_ctrls.rdQLenPdf::13;system.mem_ctrls.rdQLenPdf::14;system.mem_ctrls.rdQLenPdf::15;system.mem_ctrls.rdQLenPdf::16;system.mem_ctrls.rdQLenPdf::17;system.mem_ctrls.rdQLenPdf::18;system.mem_ctrls.rdQLenPdf::19;system.mem_ctrls.rdQLenPdf::20;system.mem_ctrls.rdQLenPdf::21;system.mem_ctrls.rdQLenPdf::22;system.mem_ctrls.rdQLenPdf::23;system.mem_ctrls.rdQLenPdf::24;system.mem_ctrls.rdQLenPdf::25;system.mem_ctrls.rdQLenPdf::26;system.mem_ctrls.rdQLenPdf::27;system.mem_ctrls.rdQLenPdf::28;system.mem_ctrls.rdQLenPdf::29;system.mem_ctrls.rdQLenPdf::30;system.mem_ctrls.rdQLenPdf::31;system.mem_ctrls.wrQLenPdf::0;system.mem_ctrls.wrQLenPdf::1;system.mem_ctrls.wrQLenPdf::2;system.mem_ctrls.wrQLenPdf::3;system.mem_ctrls.wrQLenPdf::4;system.mem_ctrls.wrQLenPdf::5;system.mem_ctrls.wrQLenPdf::6;system.mem_ctrls.wrQLenPdf::7;system.mem_ctrls.wrQLenPdf::8;system.mem_ctrls.wrQLenPdf::9;system.mem_ctrls.wrQLenPdf::10;system.mem_ctrls.wrQLenPdf::11;system.mem_ctrls.wrQLenPdf::12;system.mem_ctrls.wrQLenPdf::13;system.mem_ctrls.wrQLenPdf::14;system.mem_ctrls.wrQLenPdf::15;system.mem_ctrls.wrQLenPdf::16;system.mem_ctrls.wrQLenPdf::17;system.mem_ctrls.wrQLenPdf::18;system.mem_ctrls.wrQLenPdf::19;system.mem_ctrls.wrQLenPdf::20;system.mem_ctrls.wrQLenPdf::21;system.mem_ctrls.wrQLenPdf::22;system.mem_ctrls.wrQLenPdf::23;system.mem_ctrls.wrQLenPdf::24;system.mem_ctrls.wrQLenPdf::25;system.mem_ctrls.wrQLenPdf::26;system.mem_ctrls.wrQLenPdf::27;system.mem_ctrls.wrQLenPdf::28;system.mem_ctrls.wrQLenPdf::29;system.mem_ctrls.wrQLenPdf::30;system.mem_ctrls.wrQLenPdf::31;system.mem_ctrls.wrQLenPdf::32;system.mem_ctrls.wrQLenPdf::33;system.mem_ctrls.wrQLenPdf::34;system.mem_ctrls.wrQLenPdf::35;system.mem_ctrls.wrQLenPdf::36;system.mem_ctrls.wrQLenPdf::37;system.mem_ctrls.wrQLenPdf::38;system.mem_ctrls.wrQLenPdf::39;system.mem_ctrls.wrQLenPdf::40;system.mem_ctrls.wrQLenPdf::41;system.mem_ctrls.wrQLenPdf::42;system.mem_ctrls.wrQLenPdf::43;system.mem_ctrls.wrQLenPdf::44;system.mem_ctrls.wrQLenPdf::45;system.mem_ctrls.wrQLenPdf::46;system.mem_ctrls.wrQLenPdf::47;system.mem_ctrls.wrQLenPdf::48;system.mem_ctrls.wrQLenPdf::49;system.mem_ctrls.wrQLenPdf::50;system.mem_ctrls.wrQLenPdf::51;system.mem_ctrls.wrQLenPdf::52;system.mem_ctrls.wrQLenPdf::53;system.mem_ctrls.wrQLenPdf::54;system.mem_ctrls.wrQLenPdf::55;system.mem_ctrls.wrQLenPdf::56;system.mem_ctrls.wrQLenPdf::57;system.mem_ctrls.wrQLenPdf::58;system.mem_ctrls.wrQLenPdf::59;system.mem_ctrls.wrQLenPdf::60;system.mem_ctrls.wrQLenPdf::61;system.mem_ctrls.wrQLenPdf::62;system.mem_ctrls.wrQLenPdf::63;system.mem_ctrls.bytesReadWrQ;system.mem_ctrls.bytesReadSys;system.mem_ctrls.bytesWrittenSys;system.mem_ctrls.avgRdBWSys;system.mem_ctrls.avgWrBWSys;system.mem_ctrls.totGap;system.mem_ctrls.dram.bytesRead::cpu.inst;system.mem_ctrls.dram.bytesRead::cpu.data;system.mem_ctrls.dram.bytesRead::total;system.mem_ctrls.dram.bytesInstRead::cpu.inst;system.mem_ctrls.dram.bytesInstRead::total;system.mem_ctrls.dram.bytesWritten::cpu.data;system.mem_ctrls.dram.bytesWritten::total;system.mem_ctrls.dram.numReads::cpu.inst;system.mem_ctrls.dram.numReads::cpu.data;system.mem_ctrls.dram.numReads::total;system.mem_ctrls.dram.numWrites::cpu.data;system.mem_ctrls.dram.numWrites::total;system.mem_ctrls.dram.bwRead::cpu.inst;system.mem_ctrls.dram.bwRead::cpu.data;system.mem_ctrls.dram.bwRead::total;system.mem_ctrls.dram.bwInstRead::cpu.inst;system.mem_ctrls.dram.bwInstRead::total;system.mem_ctrls.dram.bwWrite::cpu.data;system.mem_ctrls.dram.bwWrite::total;system.mem_ctrls.dram.bwTotal::cpu.inst;system.mem_ctrls.dram.bwTotal::cpu.data;system.mem_ctrls.dram.bwTotal::total;system.mem_ctrls.dram.readBursts;system.mem_ctrls.dram.writeBursts;system.mem_ctrls.dram.perBankRdBursts::0;system.mem_ctrls.dram.perBankRdBursts::1;system.mem_ctrls.dram.perBankRdBursts::2;system.mem_ctrls.dram.perBankRdBursts::3;system.mem_ctrls.dram.perBankRdBursts::4;system.mem_ctrls.dram.perBankRdBursts::5;system.mem_ctrls.dram.perBankRdBursts::6;system.mem_ctrls.dram.perBankRdBursts::7;system.mem_ctrls.dram.perBankRdBursts::8;system.mem_ctrls.dram.perBankRdBursts::9;system.mem_ctrls.dram.perBankRdBursts::10;system.mem_ctrls.dram.perBankRdBursts::11;system.mem_ctrls.dram.perBankRdBursts::12;system.mem_ctrls.dram.perBankRdBursts::13;system.mem_ctrls.dram.perBankRdBursts::14;system.mem_ctrls.dram.perBankRdBursts::15;system.mem_ctrls.dram.perBankWrBursts::0;system.mem_ctrls.dram.perBankWrBursts::1;system.mem_ctrls.dram.perBankWrBursts::2;system.mem_ctrls.dram.perBankWrBursts::3;system.mem_ctrls.dram.perBankWrBursts::4;system.mem_ctrls.dram.perBankWrBursts::5;system.mem_ctrls.dram.perBankWrBursts::6;system.mem_ctrls.dram.perBankWrBursts::7;system.mem_ctrls.dram.perBankWrBursts::8;system.mem_ctrls.dram.perBankWrBursts::9;system.mem_ctrls.dram.perBankWrBursts::10;system.mem_ctrls.dram.perBankWrBursts::11;system.mem_ctrls.dram.perBankWrBursts::12;system.mem_ctrls.dram.perBankWrBursts::13;system.mem_ctrls.dram.perBankWrBursts::14;system.mem_ctrls.dram.perBankWrBursts::15;system.mem_ctrls.dram.totQLat;system.mem_ctrls.dram.totBusLat;system.mem_ctrls.dram.totMemAccLat;system.mem_ctrls.dram.readRowHits;system.mem_ctrls.dram.writeRowHits;system.mem_ctrls.dram.bytesRead;system.mem_ctrls.dram.bytesWritten;system.mem_ctrls.dram.avgRdBW;system.mem_ctrls.dram.avgWrBW;system.mem_ctrls.dram.peakBW;system.mem_ctrls.dram.busUtil;system.mem_ctrls.dram.busUtilRead;system.mem_ctrls.dram.busUtilWrite;system.mem_ctrls.dram.power_state.pwrStateResidencyTicks::UNDEFINED;system.mem_ctrls.dram.rank0.actEnergy;system.mem_ctrls.dram.rank0.preEnergy;system.mem_ctrls.dram.rank0.readEnergy;system.mem_ctrls.dram.rank0.writeEnergy;system.mem_ctrls.dram.rank0.refreshEnergy;system.mem_ctrls.dram.rank0.actBackEnergy;system.mem_ctrls.dram.rank0.preBackEnergy;system.mem_ctrls.dram.rank0.actPowerDownEnergy;system.mem_ctrls.dram.rank0.prePowerDownEnergy;system.mem_ctrls.dram.rank0.selfRefreshEnergy;system.mem_ctrls.dram.rank0.totalEnergy;system.mem_ctrls.dram.rank0.averagePower;system.mem_ctrls.dram.rank0.totalIdleTime;system.mem_ctrls.dram.rank0.pwrStateTime::IDLE;system.mem_ctrls.dram.rank0.pwrStateTime::REF;system.mem_ctrls.dram.rank0.pwrStateTime::SREF;system.mem_ctrls.dram.rank0.pwrStateTime::PRE_PDN;system.mem_ctrls.dram.rank0.pwrStateTime::ACT;system.mem_ctrls.dram.rank0.pwrStateTime::ACT_PDN;system.mem_ctrls.dram.rank1.actEnergy;system.mem_ctrls.dram.rank1.preEnergy;system.mem_ctrls.dram.rank1.readEnergy;system.mem_ctrls.dram.rank1.writeEnergy;system.mem_ctrls.dram.rank1.refreshEnergy;system.mem_ctrls.dram.rank1.actBackEnergy;system.mem_ctrls.dram.rank1.preBackEnergy;system.mem_ctrls.dram.rank1.actPowerDownEnergy;system.mem_ctrls.dram.rank1.prePowerDownEnergy;system.mem_ctrls.dram.rank1.selfRefreshEnergy;system.mem_ctrls.dram.rank1.totalEnergy;system.mem_ctrls.dram.rank1.averagePower;system.mem_ctrls.dram.rank1.totalIdleTime;system.mem_ctrls.dram.rank1.pwrStateTime::IDLE;system.mem_ctrls.dram.rank1.pwrStateTime::REF;system.mem_ctrls.dram.rank1.pwrStateTime::SREF;system.mem_ctrls.dram.rank1.pwrStateTime::PRE_PDN;system.mem_ctrls.dram.rank1.pwrStateTime::ACT;system.mem_ctrls.dram.rank1.pwrStateTime::ACT_PDN;system.mem_ctrls.power_state.pwrStateResidencyTicks::UNDEFINED;system.membus.transDist::ReadReq;system.membus.transDist::ReadResp;system.membus.transDist::WriteReq;system.membus.transDist::WriteResp;system.membus.transDist::LockedRMWReadReq;system.membus.transDist::LockedRMWReadResp;system.membus.transDist::LockedRMWWriteReq;system.membus.transDist::LockedRMWWriteResp;system.membus.pktCount_system.cpu.icache_port::system.mem_ctrls.port;system.membus.pktCount_system.cpu.icache_port::total;system.membus.pktCount_system.cpu.dcache_port::system.mem_ctrls.port;system.membus.pktCount_system.cpu.dcache_port::total;system.membus.pktCount::total;system.membus.pktSize_system.cpu.icache_port::system.mem_ctrls.port;system.membus.pktSize_system.cpu.icache_port::total;system.membus.pktSize_system.cpu.dcache_port::system.mem_ctrls.port;system.membus.pktSize_system.cpu.dcache_port::total;system.membus.pktSize::total;system.membus.snoops;system.membus.snoopTraffic;system.membus.snoopFanout::samples;system.membus.snoopFanout::mean;system.membus.snoopFanout::stdev;system.membus.snoopFanout::underflows;system.membus.snoopFanout::0;system.membus.snoopFanout::1;system.membus.snoopFanout::overflows;system.membus.snoopFanout::min_value;system.membus.snoopFanout::max_value;system.membus.snoopFanout::total;system.membus.power_state.pwrStateResidencyTicks::UNDEFINED;system.membus.snoop_filter.totRequests;system.membus.snoop_filter.hitSingleRequests;system.membus.snoop_filter.hitMultiRequests;system.membus.snoop_filter.totSnoops;system.membus.snoop_filter.hitSingleSnoops;system.membus.snoop_filter.hitMultiSnoops;system.voltage_domain.voltage;system.workload.inst.arm;system.workload.inst.quiesce;attack_label
IO-N-10;4122314;4122313941000;4122313941000;1000000000000;1482,54;2780580183;688784;4202216481;6002369992;2834476;4048714;1000;8244627911;0;0;4202216481;6002369992;2289075506;5406794371;0;5258182;62216692;2289075506;5406794371;0;2238546698;437148064;8583809381;4762939810;0;0;0;0;343239589;222732472;1982096794;18;1750476109;1092306173;658169936;0;8244627911;1;0;76695944;5283127;1320871886;400151;1823;800170908;0;32;0;0;0;0;0;586;0;1001485;24;1568;201638;0;0;268;0;0;0;1336861680;0;8406240;200026;26449920;0;752147680;0;4;0;0;0;0;0;0;0;0;0;0;0;0;0;0;37680967;14316343;1054625206;643853593;0;0;6002475155;8000;1092306203;658169941;718009;1740971;4122313941000;0;6444474400;0;259;4122313941000;4122313941000;0;0;0;391;500;1;0;0;0;0;0;0;0;0;0;0;0;0;0;0;0;0;0;0;0;0;0;0;0;0;0;0;0;0;0;0;0;0;0;0;0;0;0;0;0;0;0;0;0;0;0;0;0;0;0;0;0;0;0;0;0;0;0;0;0;0;0;0;0;0;0;0;0;0;0;0;0;0;0;0;0;0;0;0;0;0;0;0;0;0;0;0;0;0;0;0;0;0;0;0;0;0;0;0;0;0;0;0;0;0;0;0;0;0;0;0;0;0;0;0;0;0;0;0;0;0;0;0;0;0;0;0;0;0;0;0;0;0;0;51555794640;8635137708;60190932348;51555794640;51555794640;5249785267;5249785267;6444474330;1092306134;7536780464;658065238;658065238;12506518275;2094730734;14601249010;12506518275;12506518275;1273504479;1273504479;12506518275;3368235213;15874753488;0;0;0;0;0;0;0;0;0;0;0;0;0;0;0;0;0;0;0;0;0;0;0;0;0;0;0;0;0;0;0;0;0;0;0;0;0;0;0;0;0;0;0;12800;0;0;0;4122313941000;0;0;0;0;0;0;1582968553440;0;0;0;1582968553440;384;0;4122313941000;0;0;0;0;0;0;0;0;0;0;0;1582968553440;0;0;0;1582968553440;384;0;4122313941000;0;0;0;0;0;4122313941000;7536780452;7536780452;658065226;658065226;12;12;12;12;12888948660;12888948660;3500742744;3500742744;16389691404;51555794640;51555794640;13884922975;13884922975;65440717615;0;0;8194845702;0;0;0;8194845702;0;0;0;0;8194845702;4122313941000;0;0;0;0;0;0;1;0;0;0
IO-N-20;7867538;7867537876000;7867537876000;1000000000000;2872,99;2738445134;688780;8028410088;11399072894;2794440;3967663;1000;15735075781;0;0;8028410088;11399072894;4162391468;10481909331;0;5258242;96432308;4162391468;10481909331;0;4028122221;685320194;16720725821;9266530770;0;0;0;0;535633284;344963776;3705881270;18;3315004313;2085310329;1229693984;0;15735075781;1;0;115896040;5283177;2393126044;800151;1823;1546738178;0;32;0;0;0;0;0;586;0;2001505;24;1568;401638;0;0;268;0;0;0;2577832880;0;8406240;400026;51296720;0;1497882880;0;4;0;0;0;0;0;0;0;0;0;0;0;0;0;0;50681053;14316391;2034629276;1215377593;0;0;11399178057;8000;2085310359;1229693989;1241519;3272521;7867537876000;0;12364412975;0;259;7867537876000;7867537876000;0;0;0;391;500;1;0;0;0;0;0;0;0;0;0;0;0;0;0;0;0;0;0;0;0;0;0;0;0;0;0;0;0;0;0;0;0;0;0;0;0;0;0;0;0;0;0;0;0;0;0;0;0;0;0;0;0;0;0;0;0;0;0;0;0;0;0;0;0;0;0;0;0;0;0;0;0;0;0;0;0;0;0;0;0;0;0;0;0;0;0;0;0;0;0;0;0;0;0;0;0;0;0;0;0;0;0;0;0;0;0;0;0;0;0;0;0;0;0;0;0;0;0;0;0;0;0;0;0;0;0;0;0;0;0;0;0;0;0;98915303240;16527170916;115442474156;98915303240;98915303240;9821977659;9821977659;12364412905;2085310290;14449723195;1229589286;1229589286;12572586850;2100678913;14673265763;12572586850;12572586850;1248418224;1248418224;12572586850;3349097137;15921683987;0;0;0;0;0;0;0;0;0;0;0;0;0;0;0;0;0;0;0;0;0;0;0;0;0;0;0;0;0;0;0;0;0;0;0;0;0;0;0;0;0;0;0;12800;0;0;0;7867537876000;0;0;0;0;0;0;3021134544480;0;0;0;3021134544480;384;0;7867537876000;0;0;0;0;0;0;0;0;0;0;0;3021134544480;0;0;0;3021134544480;384;0;7867537876000;0;0;0;0;0;7867537876000;14449723183;14449723183;1229589274;1229589274;12;12;12;12;24728825810;24728825810;6629799152;6629799152;31358624962;98915303240;98915303240;26349148575;26349148575;125264451815;0;0;15679312481;0;0;0;15679312481;0;0;0;0;15679312481;7867537876000;0;0;0;0;0;0;1;0;0;0
IO-N-30;11612762;11612761911500;11612761911500;1000000000000;4159,43;2791911243;688784;11854603773;16795775957;2850054;4037998;1000;23225523852;0;0;11854603773;16795775957;6035707591;15557024291;0;5258302;130647950;6035707591;15557024291;0;5817697899;933492433;24857642261;13770121730;0;0;0;0;728027118;467195144;5429665826;18;4879532545;3078314510;1801218035;0;23225523852;1;0;155096162;5283227;3465380335;1200151;1823;2293305448;0;32;0;0;0;0;0;586;0;3001525;24;1568;601638;0;0;268;0;0;0;3818804080;0;8406240;600026;76143520;0;2243618080;0;4;0;0;0;0;0;0;0;0;0;0;0;0;0;0;63681164;14316442;3014633346;1786901593;0;0;16795881120;8000;3078314540;1801218040;1765029;4804071;11612761911500;0;18284351668;0;259;11612761911500;11612761911500;0;0;0;391;500;1;0;0;0;0;0;0;0;0;0;0;0;0;0;0;0;0;0;0;0;0;0;0;0;0;0;0;0;0;0;0;0;0;0;0;0;0;0;0;0;0;0;0;0;0;0;0;0;0;0;0;0;0;0;0;0;0;0;0;0;0;0;0;0;0;0;0;0;0;0;0;0;0;0;0;0;0;0;0;0;0;0;0;0;0;0;0;0;0;0;0;0;0;0;0;0;0;0;0;0;0;0;0;0;0;0;0;0;0;0;0;0;0;0;0;0;0;0;0;0;0;0;0;0;0;0;0;0;0;0;0;0;0;0;146274812784;24419204264;170694017048;146274812784;146274812784;14394170063;14394170063;18284351598;3078314471;21362666069;1801113337;1801113337;12596039934;2102790400;14698830334;12596039934;12596039934;1239513061;1239513061;12596039934;3342303461;15938343395;0;0;0;0;0;0;0;0;0;0;0;0;0;0;0;0;0;0;0;0;0;0;0;0;0;0;0;0;0;0;0;0;0;0;0;0;0;0;0;0;0;0;0;12800;0;0;0;11612761911500;0;0;0;0;0;0;4459300574400;0;0;0;4459300574400;384;0;11612761911500;0;0;0;0;0;0;0;0;0;0;0;4459300574400;0;0;0;4459300574400;384;0;11612761911500;0;0;0;0;0;11612761911500;21362666057;21362666057;1801113325;1801113325;12;12;12;12;36568703196;36568703196;9758855616;9758855616;46327558812;146274812784;146274812784;38813374327;38813374327;185088187111;0;0;23163779406;0;0;0;23163779406;0;0;0;0;23163779406;11612761911500;0;0;0;0;0;0;1;0;0;0
IO-N-40;15357986;15357985900500;15357985900500;1000000000000;5504,30;2790177433;688784;15680797423;22192478948;2848825;4031841;1000;30715971830;0;0;15680797423;22192478948;7909023640;20632139251;0;5258362;164863578;7909023640;20632139251;0;7607273539;1181664639;32994558701;18273712690;0;0;0;0;920420877;589426479;7153450342;18;6444060767;4071318680;2372742087;0;30715971830;1;0;194296270;5283278;4537634556;1600151;1830;3039872718;0;32;0;0;0;0;0;586;0;4001545;24;1568;801638;0;0;268;0;0;0;5059775280;0;8406240;800026;100990320;0;2989353280;0;4;0;0;0;0;0;0;0;0;0;0;0;0;0;0;76681264;14316494;3994637416;2358425593;0;0;22192584111;8000;4071318710;2372742092;2288539;6335621;15357985900500;0;24204290305;0;259;15357985900500;15357985900500;0;0;0;391;500;1;0;0;0;0;0;0;0;0;0;0;0;0;0;0;0;0;0;0;0;0;0;0;0;0;0;0;0;0;0;0;0;0;0;0;0;0;0;0;0;0;0;0;0;0;0;0;0;0;0;0;0;0;0;0;0;0;0;0;0;0;0;0;0;0;0;0;0;0;0;0;0;0;0;0;0;0;0;0;0;0;0;0;0;0;0;0;0;0;0;0;0;0;0;0;0;0;0;0;0;0;0;0;0;0;0;0;0;0;0;0;0;0;0;0;0;0;0;0;0;0;0;0;0;0;0;0;0;0;0;0;0;0;0;193634321880;32311237564;225945559444;193634321880;193634321880;18966362483;18966362483;24204290235;4071318641;28275608876;2372637389;2372637389;12608054411;2103872068;14711926480;12608054411;12608054411;1234951159;1234951159;12608054411;3338823227;15946877638;0;0;0;0;0;0;0;0;0;0;0;0;0;0;0;0;0;0;0;0;0;0;0;0;0;0;0;0;0;0;0;0;0;0;0;0;0;0;0;0;0;0;0;12800;0;0;0;15357985900500;0;0;0;0;0;0;5897466586080;0;0;0;5897466586080;384;0;15357985900500;0;0;0;0;0;0;0;0;0;0;0;5897466586080;0;0;0;5897466586080;384;0;15357985900500;0;0;0;0;0;15357985900500;28275608864;28275608864;2372637377;2372637377;12;12;12;12;48408580470;48408580470;12887912060;12887912060;61296492530;193634321880;193634321880;51277600047;51277600047;244911921927;0;0;30648246265;0;0;0;30648246265;0;0;0;0;30648246265;15357985900500;0;0;0;0;0;0;1;0;0;0
IO-N-50;1910321;19103209813500;19103209813500;1000000000000;7005,27;2726977402;688784;19506991004;27589181799;2784617;3938347;1000;38206419656;0;0;19506991004;27589181799;9782339551;25707254211;0;5258422;199079189;9782339551;25707254211;0;9396849015;1429836735;41131475141;22777303650;0;0;0;0;1112814539;711657759;8877234802;18;8008588967;5064322834;2944266133;0;38206419656;1;0;233496360;5283328;5609888667;2000151;1830;3786439988;0;32;0;0;0;0;0;586;0;5001565;24;1568;1001638;0;0;268;0;0;0;6300746480;0;8406240;1000026;125837120;0;3735088480;0;4;0;0;0;0;0;0;0;0;0;0;0;0;0;0;89681348;14316540;4974641486;2929949593;0;0;27589286962;8000;5064322864;2944266138;2812049;7867171;19103209813500;0;30124228861;0;259;19103209813500;19103209813500;0;0;0;391;500;1;0;0;0;0;0;0;0;0;0;0;0;0;0;0;0;0;0;0;0;0;0;0;0;0;0;0;0;0;0;0;0;0;0;0;0;0;0;0;0;0;0;0;0;0;0;0;0;0;0;0;0;0;0;0;0;0;0;0;0;0;0;0;0;0;0;0;0;0;0;0;0;0;0;0;0;0;0;0;0;0;0;0;0;0;0;0;0;0;0;0;0;0;0;0;0;0;0;0;0;0;0;0;0;0;0;0;0;0;0;0;0;0;0;0;0;0;0;0;0;0;0;0;0;0;0;0;0;0;0;0;0;0;0;240993830328;40203270751;281197101079;240993830328;240993830328;23538554867;23538554867;30124228791;5064322795;35188551586;2944161435;2944161435;12615357978;2104529613;14719887591;12615357978;12615357978;1232178000;1232178000;12615357978;3336707613;15952065591;0;0;0;0;0;0;0;0;0;0;0;0;0;0;0;0;0;0;0;0;0;0;0;0;0;0;0;0;0;0;0;0;0;0;0;0;0;0;0;0;0;0;0;12800;0;0;0;19103209813500;0;0;0;0;0;0;7335632568480;0;0;0;7335632568480;384;0;19103209813500;0;0;0;0;0;0;0;0;0;0;0;7335632568480;0;0;0;7335632568480;384;0;19103209813500;0;0;0;0;0;19103209813500;35188551574;35188551574;2944161423;2944161423;12;12;12;12;60248457582;60248457582;16016968460;16016968460;76265426042;240993830328;240993830328;63741825618;63741825618;304735655946;0;0;38132713021;0;0;0;38132713021;0;0;0;0;38132713021;19103209813500;0;0;0;0;0;0;1;0;0;0
IO-N-60;22848434;22848433835500;22848433835500;1000000000000;8182,37;2792397676;688780;23333184676;32985884838;2851641;4031336;1000;45696867700;0;0;23333184676;32985884838;11655655650;30782369171;0;5258482;233294828;11655655650;30782369171;0;11186424666;1678008957;49268391581;27280894610;0;0;0;0;1305208357;833889113;10601019348;18;9573117195;6057327013;3515790182;0;45696867700;1;0;272696479;5283378;6682142938;2400151;1830;4533007258;0;32;0;0;0;0;0;586;0;6001585;24;1568;1201638;0;0;268;0;0;0;7541717680;0;8406240;1200026;150683920;0;4480823680;0;4;0;0;0;0;0;0;0;0;0;0;0;0;0;0;102681457;14316589;5954645556;3501473593;0;0;32985990001;8000;6057327043;3515790187;3335559;9398721;22848433835500;0;36044167538;0;259;22848433835500;22848433835500;0;0;0;391;500;1;0;0;0;0;0;0;0;0;0;0;0;0;0;0;0;0;0;0;0;0;0;0;0;0;0;0;0;0;0;0;0;0;0;0;0;0;0;0;0;0;0;0;0;0;0;0;0;0;0;0;0;0;0;0;0;0;0;0;0;0;0;0;0;0;0;0;0;0;0;0;0;0;0;0;0;0;0;0;0;0;0;0;0;0;0;0;0;0;0;0;0;0;0;0;0;0;0;0;0;0;0;0;0;0;0;0;0;0;0;0;0;0;0;0;0;0;0;0;0;0;0;0;0;0;0;0;0;0;0;0;0;0;0;288353339744;48095304107;336448643851;288353339744;288353339744;28110747263;28110747263;36044167468;6057326974;42101494442;3515685484;3515685484;12620267184;2104971590;14725238774;12620267184;12620267184;1230313967;1230313967;12620267184;3335285557;15955552741;0;0;0;0;0;0;0;0;0;0;0;0;0;0;0;0;0;0;0;0;0;0;0;0;0;0;0;0;0;0;0;0;0;0;0;0;0;0;0;0;0;0;0;12800;0;0;0;22848433835500;0;0;0;0;0;0;8773798593120;0;0;0;8773798593120;384;0;22848433835500;0;0;0;0;0;0;0;0;0;0;0;8773798593120;0;0;0;8773798593120;384;0;22848433835500;0;0;0;0;0;22848433835500;42101494430;42101494430;3515685472;3515685472;12;12;12;12;72088334936;72088334936;19146024916;19146024916;91234359852;288353339744;288353339744;76206051370;76206051370;364559391114;0;0;45617179926;0;0;0;45617179926;0;0;0;0;45617179926;22848433835500;0;0;0;0;0;0;1;0;0;0
IO-N-70;26703837;26703836806500;26703836806500;1000000000000;9559,51;2793430284;688784;27269262692;38547606338;2852578;4032381;1000;53407673642;0;0;27269262692;38547606338;13601628600;35997857947;0;5259112;270914932;13601628600;35997857947;0;13047865070;1943212304;57603286644;31914156172;0;0;0;0;1516729758;968134214;12382536279;18;11186963969;7088944408;4098019561;0;53407673642;1;0;316103603;5283831;7787138520;2800211;1914;5306376116;0;32;0;0;0;0;0;586;0;7001709;24;1634;1401768;0;0;268;0;0;0;8830634120;0;12609360;1400038;176332280;0;5229765120;0;6;0;0;0;0;0;0;0;0;0;0;0;0;0;0;116985348;14318819;6971959060;4083700742;0;0;38547711506;8000;7088944446;4098019567;3909879;10930273;26703836806500;0;42129329996;0;259;26703836806500;26703836806500;0;0;0;396;500;1;0;0;0;0;0;0;0;0;0;0;0;0;0;0;0;0;0;0;0;0;0;0;0;0;0;0;0;0;0;0;0;0;0;0;0;0;0;0;0;0;0;0;0;0;0;0;0;0;0;0;0;0;0;0;0;0;0;0;0;0;0;0;0;0;0;0;0;0;0;0;0;0;0;0;0;0;0;0;0;0;0;0;0;0;0;0;0;0;0;0;0;0;0;0;0;0;0;0;0;0;0;0;0;0;0;0;0;0;0;0;0;0;0;0;0;0;0;0;0;0;0;0;0;0;0;0;0;0;0;0;0;0;0;337034639408;56291036890;393325676298;337034639408;337034639408;32768579339;32768579339;42129329926;7088944377;49218274303;4097914864;4097914864;12621206527;2107975618;14729182145;12621206527;12621206527;1227111279;1227111279;12621206527;3335086897;15956293424;0;0;0;0;0;0;0;0;0;0;0;0;0;0;0;0;0;0;0;0;0;0;0;0;0;0;0;0;0;0;0;0;0;0;0;0;0;0;0;0;0;0;0;12800;0;0;0;26703836806500;0;0;0;0;0;0;10254273334080;0;0;0;10254273334080;384;0;26703836806500;0;0;0;0;0;0;0;0;0;0;0;10254273334080;0;0;0;10254273334080;384;0;26703836806500;0;0;0;0;0;26703836806500;49218274291;49218274291;4097914852;4097914852;12;12;12;12;84258659852;84258659852;22373718482;22373718482;106632378334;337034639408;337034639408;89059616229;89059616229;426094255637;0;0;53316189167;0;0;0;53316189167;0;0;0;0;53316189167;26703836806500;0;0;0;0;0;0;1;0;0;0
IO-N-80;30449061;30449060818500;30449060818500;1000000000000;10933,74;2784872081;688784;31095456360;43944309364;2843991;4019148;1000;60898121666;0;0;31095456360;43944309364;15474944686;41072972907;0;5259172;305130568;15474944686;41072972907;0;14837440717;2191384518;65740203084;36417747132;0;0;0;0;1709123561;1090365570;14106320817;18;12751492195;8081948583;4669543612;0;60898121666;1;0;355303719;5283881;8859392780;3200211;1914;6052943386;0;32;0;0;0;0;0;586;0;8001729;24;1634;1601768;0;0;268;0;0;0;10071605320;0;12609360;1600038;201179080;0;5975500320;0;6;0;0;0;0;0;0;0;0;0;0;0;0;0;0;129985453;14318870;7951963130;4655224742;0;0;43944414532;8000;8081948621;4669543618;4433389;12461823;30449060818500;0;48049268662;0;259;30449060818500;30449060818500;0;0;0;396;500;1;0;0;0;0;0;0;0;0;0;0;0;0;0;0;0;0;0;0;0;0;0;0;0;0;0;0;0;0;0;0;0;0;0;0;0;0;0;0;0;0;0;0;0;0;0;0;0;0;0;0;0;0;0;0;0;0;0;0;0;0;0;0;0;0;0;0;0;0;0;0;0;0;0;0;0;0;0;0;0;0;0;0;0;0;0;0;0;0;0;0;0;0;0;0;0;0;0;0;0;0;0;0;0;0;0;0;0;0;0;0;0;0;0;0;0;0;0;0;0;0;0;0;0;0;0;0;0;0;0;0;0;0;0;384394148736;64183070190;448577218926;384394148736;384394148736;37340771743;37340771743;48049268592;8081948552;56131217144;4669438915;4669438915;12624170940;2107883411;14732054351;12624170940;12624170940;1226335747;1226335747;12624170940;3334219158;15958390098;0;0;0;0;0;0;0;0;0;0;0;0;0;0;0;0;0;0;0;0;0;0;0;0;0;0;0;0;0;0;0;0;0;0;0;0;0;0;0;0;0;0;0;12800;0;0;0;30449060818500;0;0;0;0;0;0;11692439354400;0;0;0;11692439354400;384;0;30449060818500;0;0;0;0;0;0;0;0;0;0;0;11692439354400;0;0;0;11692439354400;384;0;30449060818500;0;0;0;0;0;30449060818500;56131217132;56131217132;4669438903;4669438903;12;12;12;12;96098537184;96098537184;25502774934;25502774934;121601312118;384394148736;384394148736;101523841933;101523841933;485917990669;0;0;60800656059;0;0;0;60800656059;0;0;0;0;60800656059;30449060818500;0;0;0;0;0;0;1;0;0;0
IO-N-90;34194285;34194284830500;34194284830500;1000000000000;12280,83;2784363439;688784;34921650028;49341012390;2843591;4017727;1000;68388569690;0;0;34921650028;49341012390;17348260772;46148087867;0;5259232;339346204;17348260772;46148087867;0;16627016364;2439556732;73877119524;40921338092;0;0;0;0;1901517364;1212596926;15830105355;18;14316020421;9074952758;5241067663;0;68388569690;1;0;394503835;5283931;9931647040;3600211;1914;6799510656;0;32;0;0;0;0;0;586;0;9001749;24;1634;1801768;0;0;268;0;0;0;11312576520;0;12609360;1800038;226025880;0;6721235520;0;6;0;0;0;0;0;0;0;0;0;0;0;0;0;0;142985558;14318921;8931967200;5226748742;0;0;49341117558;8000;9074952796;5241067669;4956899;13993373;34194284830500;0;53969207328;0;259;34194284830500;34194284830500;0;0;0;396;500;1;0;0;0;0;0;0;0;0;0;0;0;0;0;0;0;0;0;0;0;0;0;0;0;0;0;0;0;0;0;0;0;0;0;0;0;0;0;0;0;0;0;0;0;0;0;0;0;0;0;0;0;0;0;0;0;0;0;0;0;0;0;0;0;0;0;0;0;0;0;0;0;0;0;0;0;0;0;0;0;0;0;0;0;0;0;0;0;0;0;0;0;0;0;0;0;0;0;0;0;0;0;0;0;0;0;0;0;0;0;0;0;0;0;0;0;0;0;0;0;0;0;0;0;0;0;0;0;0;0;0;0;0;0;431753658064;72075103490;503828761554;431753658064;431753658064;41912964147;41912964147;53969207258;9074952727;63044159985;5240962966;5240962966;12626485982;2107811403;14734297385;12626485982;12626485982;1225730099;1225730099;12626485982;3333541503;15960027484;0;0;0;0;0;0;0;0;0;0;0;0;0;0;0;0;0;0;0;0;0;0;0;0;0;0;0;0;0;0;0;0;0;0;0;0;0;0;0;0;0;0;0;12800;0;0;0;34194284830500;0;0;0;0;0;0;13130605375200;0;0;0;13130605375200;384;0;34194284830500;0;0;0;0;0;0;0;0;0;0;0;13130605375200;0;0;0;13130605375200;384;0;34194284830500;0;0;0;0;0;34194284830500;63044159973;63044159973;5240962954;5240962954;12;12;12;12;107938414516;107938414516;28631831386;28631831386;136570245902;431753658064;431753658064;113988067637;113988067637;545741725701;0;0;68285122951;0;0;0;68285122951;0;0;0;0;68285122951;34194284830500;0;0;0;0;0;0;1;0;0;0
IO-N-100;37939509;37939508832500;37939508832500;1000000000000;13881,37;2733123875;688784;38747843697;54737715408;2791355;3943250;1000;75879017694;0;0;38747843697;54737715408;19221576850;51223202827;0;5259292;373561835;19221576850;51223202827;0;18416592036;2687728947;82014035964;45424929052;0;0;0;0;2093911137;1334828280;17553889875;18;15880548639;10067956924;5812591715;0;75879017694;1;0;433703946;5283981;11003901298;4000213;1914;7546077926;0;32;0;0;0;0;0;586;0;10001769;24;1634;2001768;0;0;268;0;0;0;12553547720;0;12609360;2000038;250872680;0;7466970720;0;6;0;0;0;0;0;0;0;0;0;0;0;0;0;0;155985654;14318973;9911971270;5798272742;0;0;54737820576;8000;10067956961;5812591721;5480409;15524923;37939508832500;0;59889145983;0;259;37939508832500;37939508832500;0;0;0;396;500;1;0;0;0;0;0;0;0;0;0;0;0;0;0;0;0;0;0;0;0;0;0;0;0;0;0;0;0;0;0;0;0;0;0;0;0;0;0;0;0;0;0;0;0;0;0;0;0;0;0;0;0;0;0;0;0;0;0;0;0;0;0;0;0;0;0;0;0;0;0;0;0;0;0;0;0;0;0;0;0;0;0;0;0;0;0;0;0;0;0;0;0;0;0;0;0;0;0;0;0;0;0;0;0;0;0;0;0;0;0;0;0;0;0;0;0;0;0;0;0;0;0;0;0;0;0;0;0;0;0;0;0;0;0;479113167304;79967136727;559080304031;479113167304;479113167304;46485156550;46485156550;59889145913;10067956892;69957102805;5812487018;5812487018;12628343962;2107753611;14736097573;12628343962;12628343962;1225244026;1225244026;12628343962;3332997637;15961341599;0;0;0;0;0;0;0;0;0;0;0;0;0;0;0;0;0;0;0;0;0;0;0;0;0;0;0;0;0;0;0;0;0;0;0;0;0;0;0;0;0;0;0;12800;0;0;0;37939508832500;0;0;0;0;0;0;14568771391680;0;0;0;14568771391680;384;0;37939508832500;0;0;0;0;0;0;0;0;0;0;0;14568771391680;0;0;0;14568771391680;384;0;37939508832500;0;0;0;0;0;37939508832500;69957102793;69957102793;5812487006;5812487006;12;12;12;12;119778291826;119778291826;31760887820;31760887820;151539179646;479113167304;479113167304;126452293277;126452293277;605565460581;0;0;75769589823;0;0;0;75769589823;0;0;0;0;75769589823;37939508832500;0;0;0;0;0;0;1;0;0;0
IO-N-200;75612107;75612106964500;75612106964500;1000000000000;28057,33;2694914099;688780;77229549164;109034782782;2752562;3886142;1000;151224213958;0;0;77229549164;109034782782;38100051604;102255100059;0;5261032;722527146;38100051604;102255100059;0;36456078214;5203513477;163779157610;90720179856;0;0;0;0;4056104442;2581169388;34907200105;18;31624468027;20075225138;11549242889;0;151224213958;1;0;834119138;5285287;21791926674;8000335;2082;15065353802;0;32;0;0;0;0;0;586;0;20002177;24;1766;4002028;0;0;268;0;0;0;25059150200;0;21015600;4000062;500943800;0;14930735200;0;10;0;0;0;0;0;0;0;0;0;0;0;0;0;0;288594300;14323849;19786630838;11534919040;0;0;109034887960;8000;20075225191;11549242897;10817129;30840427;75612106964500;0;119418980340;0;259;75612106964500;75612106964500;0;0;0;406;500;1;0;0;0;0;0;0;0;0;0;0;0;0;0;0;0;0;0;0;0;0;0;0;0;0;0;0;0;0;0;0;0;0;0;0;0;0;0;0;0;0;0;0;0;0;0;0;0;0;0;0;0;0;0;0;0;0;0;0;0;0;0;0;0;0;0;0;0;0;0;0;0;0;0;0;0;0;0;0;0;0;0;0;0;0;0;0;0;0;0;0;0;0;0;0;0;0;0;0;0;0;0;0;0;0;0;0;0;0;0;0;0;0;0;0;0;0;0;0;0;0;0;0;0;0;0;0;0;0;0;0;0;0;0;955351842160;159494868874;1114846711034;955351842160;955351842160;92378359972;92378359972;119418980270;20075225122;139494205392;11549138194;11549138194;12634905712;2109382681;14744288392;12634905712;12634905712;1221740323;1221740323;12634905712;3331123003;15966028715;0;0;0;0;0;0;0;0;0;0;0;0;0;0;0;0;0;0;0;0;0;0;0;0;0;0;0;0;0;0;0;0;0;0;0;0;0;0;0;0;0;0;0;12800;0;0;0;75612106964500;0;0;0;0;0;0;29035049074560;0;0;0;29035049074560;384;0;75612106964500;0;0;0;0;0;0;0;0;0;0;0;29035049074560;0;0;0;29035049074560;384;0;75612106964500;0;0;0;0;0;75612106964500;139494205380;139494205380;11549138182;11549138182;12;12;12;12;238837960540;238837960540;63248726632;63248726632;302086687172;955351842160;955351842160;251873228846;251873228846;1207225071006;0;0;151043343586;0;0;0;151043343586;0;0;0;0;151043343586;75612106964500;0;0;0;0;0;0;1;0;0;0
IO-N-300;113174526;113174525889000;113174525889000;1000000000000;40632,53;2785318520;688784;115601370059;163166831253;2845045;4015670;1000;226349051807;0;0;115601370059;163166831253;56905869061;153146623475;0;5262202;1068087928;56905869061;153146623475;0;54423699238;7702266608;245346300633;135885760058;0;0;0;0;5999169808;3815496548;52202777744;18;47319068799;30043880078;17275188721;0;226349051807;1;0;1230327259;5286192;32547210352;12000396;2180;22557828090;0;32;0;0;0;0;0;586;0;30002481;24;1832;6002158;0;0;268;0;0;0;37516807440;0;25218720;6000074;750213360;0;22391293440;0;12;0;0;0;0;0;0;0;0;0;0;0;0;0;0;419899106;14326532;29623980972;17260862189;0;0;163166936436;8000;30043880139;17275188730;16103039;46155929;113174525889000;0;178783590613;0;259;113174525889000;113174525889000;0;0;0;411;500;1;0;0;0;0;0;0;0;0;0;0;0;0;0;0;0;0;0;0;0;0;0;0;0;0;0;0;0;0;0;0;0;0;0;0;0;0;0;0;0;0;0;0;0;0;0;0;0;0;0;0;0;0;0;0;0;0;0;0;0;0;0;0;0;0;0;0;0;0;0;0;0;0;0;0;0;0;0;0;0;0;0;0;0;0;0;0;0;0;0;0;0;0;0;0;0;0;0;0;0;0;0;0;0;0;0;0;0;0;0;0;0;0;0;0;0;0;0;0;0;0;0;0;0;0;0;0;0;0;0;0;0;0;0;1430268724344;238718901340;1668987625684;1430268724344;1430268724344;138185923687;138185923687;178783590543;30043880070;208827470613;17275084027;17275084027;12637726671;2109298886;14747025557;12637726671;12637726671;1220998476;1220998476;12637726671;3330297362;15968024033;0;0;0;0;0;0;0;0;0;0;0;0;0;0;0;0;0;0;0;0;0;0;0;0;0;0;0;0;0;0;0;0;0;0;0;0;0;0;0;0;0;0;0;12800;0;0;0;113174525889000;0;0;0;0;0;0;43459017941760;0;0;0;43459017941760;384;0;113174525889000;0;0;0;0;0;0;0;0;0;0;0;43459017941760;0;0;0;43459017941760;384;0;113174525889000;0;0;0;0;0;113174525889000;208827470601;208827470601;17275084015;17275084015;12;12;12;12;357567181086;357567181086;94637928194;94637928194;452205109280;1430268724344;1430268724344;376904825027;376904825027;1807173549371;0;0;226102554640;0;0;0;226102554640;0;0;0;0;226102554640;113174525889000;0;0;0;0;0;0;1;0;0;0
IO-N-400;150847124;150847123912000;150847123912000;1000000000000;54035,55;2791627629;688784;154083075429;217463898428;2851513;4024460;1000;301694247853;0;0;154083075429;217463898428;75784343620;204178520707;0;5263942;1417053215;75784343620;204178520707;0;72463185168;10218050972;327111422279;181181010862;0;0;0;0;7961362980;5061837580;69556087897;18;63062988156;40051148271;23011839885;0;301694247853;1;0;1630742426;5287496;43335235576;16000518;2334;30077103966;0;32;0;0;0;0;0;586;0;40002889;24;1964;8002418;0;0;268;0;0;0;50022409920;0;33624960;8000098;1000284480;0;29855057920;0;16;0;0;0;0;0;0;0;0;0;0;0;0;0;0;552507731;14331398;39498640540;22997508487;0;0;217464003621;8000;40051148348;23011839896;21439759;61471433;150847123912000;0;238313424854;0;259;150847123912000;150847123912000;0;0;0;421;500;1;0;0;0;0;0;0;0;0;0;0;0;0;0;0;0;0;0;0;0;0;0;0;0;0;0;0;0;0;0;0;0;0;0;0;0;0;0;0;0;0;0;0;0;0;0;0;0;0;0;0;0;0;0;0;0;0;0;0;0;0;0;0;0;0;0;0;0;0;0;0;0;0;0;0;0;0;0;0;0;0;0;0;0;0;0;0;0;0;0;0;0;0;0;0;0;0;0;0;0;0;0;0;0;0;0;0;0;0;0;0;0;0;0;0;0;0;0;0;0;0;0;0;0;0;0;0;0;0;0;0;0;0;0;1906507398272;318246633338;2224754031610;1906507398272;1906507398272;184079127045;184079127045;238313424784;40051148279;278364573063;23011735193;23011735193;12638672510;2109729540;14748402050;12638672510;12638672510;1220302531;1220302531;12638672510;3330032071;15968704581;0;0;0;0;0;0;0;0;0;0;0;0;0;0;0;0;0;0;0;0;0;0;0;0;0;0;0;0;0;0;0;0;0;0;0;0;0;0;0;0;0;0;0;12800;0;0;0;150847123912000;0;0;0;0;0;0;57925295582400;0;0;0;57925295582400;384;0;150847123912000;0;0;0;0;0;0;0;0;0;0;0;57925295582400;0;0;0;57925295582400;384;0;150847123912000;0;0;0;0;0;150847123912000;278364573051;278364573051;23011735181;23011735181;12;12;12;12;476626849568;476626849568;126125766944;126125766944;602752616512;1906507398272;1906507398272;502325760383;502325760383;2408833158655;0;0;301376308256;0;0;0;301376308256;0;0;0;0;301376308256;150847123912000;0;0;0;0;0;0;1;0;0;0
IO-N-500;188409543;188409542884500;188409542884500;1000000000000;67814,40;2778311566;688784;192454896374;271595946985;2837965;4004989;1000;376819085798;0;0;192454896374;271595946985;94590161169;255070044123;0;5265112;1762614012;94590161169;255070044123;0;90430806206;12716804117;408678565302;226346591064;0;0;0;0;9904428436;6296164807;86851665583;18;78757588937;50019803219;28737785718;0;376819085798;1;0;2026950563;5288398;54090519355;20000579;2411;37569578254;0;32;0;0;0;0;0;586;0;50003193;24;2030;10002548;0;0;268;0;0;0;62480067160;0;37828080;10000110;1249554040;0;37315616160;0;18;0;0;0;0;0;0;0;0;0;0;0;0;0;0;683812545;14334082;49335990674;28723451636;0;0;271596052183;8000;50019803304;28737785730;26725669;76786935;188409542884500;0;297678035187;0;259;188409542884500;188409542884500;0;0;0;426;500;1;0;0;0;0;0;0;0;0;0;0;0;0;0;0;0;0;0;0;0;0;0;0;0;0;0;0;0;0;0;0;0;0;0;0;0;0;0;0;0;0;0;0;0;0;0;0;0;0;0;0;0;0;0;0;0;0;0;0;0;0;0;0;0;0;0;0;0;0;0;0;0;0;0;0;0;0;0;0;0;0;0;0;0;0;0;0;0;0;0;0;0;0;0;0;0;0;0;0;0;0;0;0;0;0;0;0;0;0;0;0;0;0;0;0;0;0;0;0;0;0;0;0;0;0;0;0;0;0;0;0;0;0;0;2381424280936;397470665729;2778894946665;2381424280936;2381424280936;229886690728;229886690728;297678035117;50019803235;347697838352;28737681027;28737681027;12639616043;2109610053;14749226096;12639616043;12639616043;1220143562;1220143562;12639616043;3329753615;15969369658;0;0;0;0;0;0;0;0;0;0;0;0;0;0;0;0;0;0;0;0;0;0;0;0;0;0;0;0;0;0;0;0;0;0;0;0;0;0;0;0;0;0;0;12800;0;0;0;188409542884500;0;0;0;0;0;0;72349264467840;0;0;0;72349264467840;384;0;188409542884500;0;0;0;0;0;0;0;0;0;0;0;72349264467840;0;0;0;72349264467840;384;0;188409542884500;0;0;0;0;0;188409542884500;347697838340;347697838340;28737681015;28737681015;12;12;12;12;595356070234;595356070234;157514968524;157514968524;752871038758;2381424280936;2381424280936;627357356457;627357356457;3008781637393;0;0;376435519379;0;0;0;376435519379;0;0;0;0;376435519379;188409542884500;0;0;0;0;0;0;1;0;0;0
IO-N-600;226082141;226082140890500;226082140890500;1000000000000;81582,38;2771212828;688780;230936601728;325893014143;2830717;3994649;1000;452164281810;0;0;230936601728;325893014143;113468635705;306101941355;0;5266852;2111579292;113468635705;306101941355;0;108470292192;15232588515;490443686948;271641841868;0;0;0;0;11866621568;7542505814;104204975710;18;94501508288;60027071404;34474436884;0;452164281810;1;0;2427365723;5289705;64878544544;24000701;2586;45088854130;0;32;0;0;0;0;0;586;0;60003601;24;2162;12002808;0;0;268;0;0;0;74985669640;0;46234320;12000134;1499625160;0;44779380640;0;22;0;0;0;0;0;0;0;0;0;0;0;0;0;0;816421162;14338950;59210650242;34460097934;0;0;325893119351;8000;60027071505;34474436898;32062389;92102439;226082140890500;0;357207869395;0;259;226082140890500;226082140890500;0;0;0;436;500;1;0;0;0;0;0;0;0;0;0;0;0;0;0;0;0;0;0;0;0;0;0;0;0;0;0;0;0;0;0;0;0;0;0;0;0;0;0;0;0;0;0;0;0;0;0;0;0;0;0;0;0;0;0;0;0;0;0;0;0;0;0;0;0;0;0;0;0;0;0;0;0;0;0;0;0;0;0;0;0;0;0;0;0;0;0;0;0;0;0;0;0;0;0;0;0;0;0;0;0;0;0;0;0;0;0;0;0;0;0;0;0;0;0;0;0;0;0;0;0;0;0;0;0;0;0;0;0;0;0;0;0;0;0;2857662954600;476998397763;3334661352363;2857662954600;2857662954600;275779894122;275779894122;357207869325;60027071436;417234940761;34474332195;34474332195;12639932298;2109845545;14749777843;12639932298;12639932298;1219821668;1219821668;12639932298;3329667213;15969599510;0;0;0;0;0;0;0;0;0;0;0;0;0;0;0;0;0;0;0;0;0;0;0;0;0;0;0;0;0;0;0;0;0;0;0;0;0;0;0;0;0;0;0;12800;0;0;0;226082140890500;0;0;0;0;0;0;86815542102240;0;0;0;86815542102240;384;0;226082140890500;0;0;0;0;0;0;0;0;0;0;0;86815542102240;0;0;0;86815542102240;384;0;226082140890500;0;0;0;0;0;226082140890500;417234940749;417234940749;34474332183;34474332183;12;12;12;12;714415738650;714415738650;189002807262;189002807262;903418545912;2857662954600;2857662954600;752778291885;752778291885;3610441246485;0;0;451709272956;0;0;0;451709272956;0;0;0;0;451709272956;226082140890500;0;0;0;0;0;0;1;0;0;0
IO-N-700;26364456;263644559892500;263644559892500;1000000000000;94656,34;2785281435;688780;269308422695;380025062752;2845117;4014787;1000;527289119814;0;0;269308422695;380025062752;132274453302;356993464771;0;5268022;2457140093;132274453302;356993464771;0;126437913330;17731341727;572010829971;316807422070;0;0;0;0;13809687042;8776833047;121500553411;18;110196109080;69995726359;40200382721;0;527289119814;1;0;2823573864;5290609;75633828348;28000762;2677;52581328418;0;32;0;0;0;0;0;586;0;70003905;24;2228;14002938;0;0;268;0;0;0;87443326880;0;50437440;14000146;1748894720;0;52239938880;0;24;0;0;0;0;0;0;0;0;0;0;0;0;0;0;947725983;14341638;69048000376;40186041083;0;0;380025167965;8000;69995726468;40200382736;37348299;107417941;263644559892500;0;416572479757;0;259;263644559892500;263644559892500;0;0;0;441;500;1;0;0;0;0;0;0;0;0;0;0;0;0;0;0;0;0;0;0;0;0;0;0;0;0;0;0;0;0;0;0;0;0;0;0;0;0;0;0;0;0;0;0;0;0;0;0;0;0;0;0;0;0;0;0;0;0;0;0;0;0;0;0;0;0;0;0;0;0;0;0;0;0;0;0;0;0;0;0;0;0;0;0;0;0;0;0;0;0;0;0;0;0;0;0;0;0;0;0;0;0;0;0;0;0;0;0;0;0;0;0;0;0;0;0;0;0;0;0;0;0;0;0;0;0;0;0;0;0;0;0;0;0;0;3332579837496;556222430250;3888802267746;3332579837496;3332579837496;321587457845;321587457845;416572479687;69995726399;486568206086;40200278033;40200278033;12640427092;2109743628;14750170720;12640427092;12640427092;1219776573;1219776573;12640427092;3329520201;15969947293;0;0;0;0;0;0;0;0;0;0;0;0;0;0;0;0;0;0;0;0;0;0;0;0;0;0;0;0;0;0;0;0;0;0;0;0;0;0;0;0;0;0;0;12800;0;0;0;263644559892500;0;0;0;0;0;0;101239510998720;0;0;0;101239510998720;384;0;263644559892500;0;0;0;0;0;0;0;0;0;0;0;101239510998720;0;0;0;101239510998720;384;0;263644559892500;0;0;0;0;0;263644559892500;486568206074;486568206074;40200278021;40200278021;12;12;12;12;833144959374;833144959374;220392008864;220392008864;1053536968238;3332579837496;3332579837496;877809888095;877809888095;4210389725591;0;0;526768484119;0;0;0;526768484119;0;0;0;0;526768484119;263644559892500;0;0;0;0;0;0;1;0;0;0
IO-N-800;301317158;301317157995000;301317157995000;1000000000000;108605,78;2774411765;688780;307790128132;434322130073;2834012;3999070;1000;602634316019;0;0;307790128132;434322130073;151152927997;408025362003;0;5269762;2806105395;151152927997;408025362003;0;144477399549;20247126266;653775951617;362102672874;0;0;0;0;15771880297;10023174128;138853863607;18;125940028460;80002994563;45937033897;0;602634316019;1;0;3223989046;5291918;86421853655;32000884;2866;60100604294;0;32;0;0;0;0;0;586;0;80004313;24;2360;16003198;0;0;268;0;0;0;99948929360;0;58843680;16000170;1998965840;0;59703703360;0;28;0;0;0;0;0;0;0;0;0;0;0;0;0;0;1080334619;14346516;78922659944;45922687381;0;0;434322235296;8000;80002994688;45937033914;42685019;122733445;301317157995000;0;476102314078;0;259;301317157995000;301317157995000;0;0;0;451;500;1;0;0;0;0;0;0;0;0;0;0;0;0;0;0;0;0;0;0;0;0;0;0;0;0;0;0;0;0;0;0;0;0;0;0;0;0;0;0;0;0;0;0;0;0;0;0;0;0;0;0;0;0;0;0;0;0;0;0;0;0;0;0;0;0;0;0;0;0;0;0;0;0;0;0;0;0;0;0;0;0;0;0;0;0;0;0;0;0;0;0;0;0;0;0;0;0;0;0;0;0;0;0;0;0;0;0;0;0;0;0;0;0;0;0;0;0;0;0;0;0;0;0;0;0;0;0;0;0;0;0;0;0;0;3808818512064;635750162332;4444568674396;3808818512064;3808818512064;367480661295;367480661295;476102314008;80002994619;556105308627;45936929211;45936929211;12640562978;2109903620;14750466598;12640562978;12640562978;1219580935;1219580935;12640562978;3329484555;15970047533;0;0;0;0;0;0;0;0;0;0;0;0;0;0;0;0;0;0;0;0;0;0;0;0;0;0;0;0;0;0;0;0;0;0;0;0;0;0;0;0;0;0;0;12800;0;0;0;301317157995000;0;0;0;0;0;0;115705788670080;0;0;0;115705788670080;384;0;301317157995000;0;0;0;0;0;0;0;0;0;0;0;115705788670080;0;0;0;115705788670080;384;0;301317157995000;0;0;0;0;0;301317157995000;556105308615;556105308615;45936929199;45936929199;12;12;12;12;952204628016;952204628016;251879847660;251879847660;1204084475676;3808818512064;3808818512064;1003230823627;1003230823627;4812049335691;0;0;602042237838;0;0;0;602042237838;0;0;0;0;602042237838;301317157995000;0;0;0;0;0;0;1;0;0;0
IO-N-900;338989756;338989756104500;338989756104500;1000000000000;121901,29;2780854489;688784;346271833578;488619197399;2840592;4008318;1000;677979512238;0;0;346271833578;488619197399;170031402701;459057259235;0;5271502;3155070700;170031402701;459057259235;0;162516885721;22762910777;735541073263;407397923678;0;0;0;0;17734073567;11269515209;156207173821;18;141683947848;90010262775;51673685073;0;677979512238;1;0;3624404231;5293225;97209878975;36001006;3041;67619880170;0;32;0;0;0;0;0;586;0;90004721;24;2492;18003458;0;0;268;0;0;0;112454531840;0;67249920;18000194;2249036960;0;67167467840;0;32;0;0;0;0;0;0;0;0;0;0;0;0;0;0;1212943263;14351394;88797319512;51659333679;0;0;488619302632;8000;90010262916;51673685092;48021739;138048949;338989756104500;0;535632148417;0;259;338989756104500;338989756104500;0;0;0;461;500;1;0;0;0;0;0;0;0;0;0;0;0;0;0;0;0;0;0;0;0;0;0;0;0;0;0;0;0;0;0;0;0;0;0;0;0;0;0;0;0;0;0;0;0;0;0;0;0;0;0;0;0;0;0;0;0;0;0;0;0;0;0;0;0;0;0;0;0;0;0;0;0;0;0;0;0;0;0;0;0;0;0;0;0;0;0;0;0;0;0;0;0;0;0;0;0;0;0;0;0;0;0;0;0;0;0;0;0;0;0;0;0;0;0;0;0;0;0;0;0;0;0;0;0;0;0;0;0;0;0;0;0;0;0;4285057186776;715277894462;5000335081238;4285057186776;4285057186776;413373864745;413373864745;535632148347;90010262847;625642411194;51673580389;51673580389;12640668662;2110028051;14750696713;12640668662;12640668662;1219428780;1219428780;12640668662;3329456831;15970125493;0;0;0;0;0;0;0;0;0;0;0;0;0;0;0;0;0;0;0;0;0;0;0;0;0;0;0;0;0;0;0;0;0;0;0;0;0;0;0;0;0;0;0;12800;0;0;0;338989756104500;0;0;0;0;0;0;130172066344320;0;0;0;130172066344320;384;0;338989756104500;0;0;0;0;0;0;0;0;0;0;0;130172066344320;0;0;0;130172066344320;384;0;338989756104500;0;0;0;0;0;338989756104500;625642411182;625642411182;51673580377;51673580377;12;12;12;12;1071264296694;1071264296694;283367686472;283367686472;1354631983166;4285057186776;4285057186776;1128651759207;1128651759207;5413708945983;0;0;677315991583;0;0;0;677315991583;0;0;0;0;677315991583;338989756104500;0;0;0;0;0;0;1;0;0;0
IO-N-1000;376552175;376552175122000;376552175122000;1000000000000;135252,80;2784061934;688780;384643654564;542751246037;2843887;4012865;1000;753104350273;0;0;384643654564;542751246037;188837220327;509948782651;0;5272672;3500631503;188837220327;509948782651;0;180484506920;25261664015;817108216286;452563503880;0;0;0;0;19677139051;12503842458;173502751523;18;157378548637;99978917727;57399630910;0;753104350273;1;0;4020612374;5294129;107965162809;40001069;3132;75112354458;0;32;0;0;0;0;0;586;0;100005025;24;2558;20003588;0;0;268;0;0;0;124912189080;0;71453040;20000206;2498306520;0;74628026080;0;34;0;0;0;0;0;0;0;0;0;0;0;0;0;0;1344248081;14354082;98634669646;57385276828;0;0;542751351275;8000;99978917877;57399630930;53307649;153364451;376552175122000;0;594996758800;0;259;376552175122000;376552175122000;0;0;0;466;500;1;0;0;0;0;0;0;0;0;0;0;0;0;0;0;0;0;0;0;0;0;0;0;0;0;0;0;0;0;0;0;0;0;0;0;0;0;0;0;0;0;0;0;0;0;0;0;0;0;0;0;0;0;0;0;0;0;0;0;0;0;0;0;0;0;0;0;0;0;0;0;0;0;0;0;0;0;0;0;0;0;0;0;0;0;0;0;0;0;0;0;0;0;0;0;0;0;0;0;0;0;0;0;0;0;0;0;0;0;0;0;0;0;0;0;0;0;0;0;0;0;0;0;0;0;0;0;0;0;0;0;0;0;0;4759974069840;794501926912;5554475996752;4759974069840;4759974069840;459181428469;459181428469;594996758730;99978917808;694975676538;57399526227;57399526227;12640941639;2109938488;14750880127;12640941639;12640941639;1219436399;1219436399;12640941639;3329374887;15970316526;0;0;0;0;0;0;0;0;0;0;0;0;0;0;0;0;0;0;0;0;0;0;0;0;0;0;0;0;0;0;0;0;0;0;0;0;0;0;0;0;0;0;0;12800;0;0;0;376552175122000;0;0;0;0;0;0;144596035247040;0;0;0;144596035247040;384;0;376552175122000;0;0;0;0;0;0;0;0;0;0;0;144596035247040;0;0;0;144596035247040;384;0;376552175122000;0;0;0;0;0;376552175122000;694975676526;694975676526;57399526215;57399526215;12;12;12;12;1189993517460;1189993517460;314756888070;314756888070;1504750405530;4759974069840;4759974069840;1253683355381;1253683355381;6013657425221;0;0;752375202765;0;0;0;752375202765;0;0;0;0;752375202765;376552175122000;0;0;0;0;0;0;1;0;0;0
IO-N-2000;727203558;727203558442000;727203558442000;1000000000000;260749,76;2788894491;688780;741667014886;1047789263351;2844363;4018371;1000;1454407116913;0;0;741667014886;1047789263351;368655870567;982638212117;0;5283856;6897567636;368655870567;982638212117;0;351799397169;49972720514;1561198401782;870505237644;0;0;0;0;38728403080;24401181640;338761724983;18;306705769047;194300281698;112405487349;0;1454407116913;1;0;8003021329;5300055;207977340233;2225;4574;147406059002;0;32;0;0;0;0;0;586;0;73732689;24;3620;110597674;0;0;268;0;0;0;237518754864;0;137435232;398;4609337616;0;143245030464;0;66;0;0;0;0;0;0;0;0;0;0;0;0;0;0;3033831286;272515865;191266450412;112132971484;0;0;1047789368669;8000;194300281976;112405487387;103341871;304953483;727203558442000;0;1148284868448;0;259;727203558442000;727203558442000;0;0;0;546;500;1;0;0;0;0;0;0;0;0;0;0;0;0;0;0;0;0;0;0;0;0;0;0;0;0;0;0;0;0;0;0;0;0;0;0;0;0;0;0;0;0;0;0;0;0;0;0;0;0;0;0;0;0;0;0;0;0;0;0;0;0;0;0;0;0;0;0;0;0;0;0;0;0;0;0;0;0;0;0;0;0;0;0;0;0;0;0;0;0;0;0;0;0;0;0;0;0;0;0;0;0;0;0;0;0;0;0;0;0;0;0;0;0;0;0;0;0;0;0;0;0;0;0;0;0;0;0;0;0;0;0;0;0;0;9186278947024;1543789224959;10730068171983;9186278947024;9186278947024;899227929626;899227929626;1148284868378;194300281907;1342585150285;112405382684;112405382684;12632334977;2122912088;14755247066;12632334977;12632334977;1236556009;1236556009;12632334977;3359468097;15991803074;0;0;0;0;0;0;0;0;0;0;0;0;0;0;0;0;0;0;0;0;0;0;0;0;0;0;0;0;0;0;0;0;0;0;0;0;0;0;0;0;0;0;0;12800;0;0;0;727203558442000;0;0;0;0;0;0;279246166441920;0;0;0;279246166441920;384;0;727203558442000;0;0;0;0;0;0;0;0;0;0;0;279246166441920;0;0;0;279246166441920;384;0;727203558442000;0;0;0;0;0;727203558442000;1342585150273;1342585150273;112405382672;112405382672;12;12;12;12;2296569736756;2296569736756;613411329182;613411329182;2909981065938;9186278947024;9186278947024;2443017154585;2443017154585;11629296101609;0;0;1454990532969;0;0;0;1454990532969;0;0;0;0;1454990532969;727203558442000;0;0;0;0;0;0;1;0;0;0
IO-S1-10;4123013;4123012767000;4123012767000;1000000000000;1505,73;2738212609;688788;4202834517;6003549025;2791224;3987131;1000;8246025563;0;0;4202834517;6003549025;2290204608;5406834549;0;5278404;62299870;2290204608;5406834549;0;2240050730;437969862;8583879969;4762975116;0;0;0;0;343860877;223080508;1982591991;18;1750720871;1092451331;658269540;0;8246025563;1;0;76821604;5301881;1321757132;401232;2222;800172504;0;32;0;0;0;0;0;586;0;1007899;24;8012;216032;0;0;268;0;0;0;1336861680;0;8406240;200026;26449920;0;752147680;0;4;0;0;0;0;0;0;0;0;0;0;0;0;0;0;37821253;14414297;1054630078;643855243;0;0;6003654245;8000;1092451368;658269545;718021;1740972;4123012767000;0;6445311055;0;259;4123012767000;4123012767000;0;0;0;448;500;1;0;0;0;0;0;0;0;0;0;0;0;0;0;0;0;0;0;0;0;0;0;0;0;0;0;0;0;0;0;0;0;0;0;0;0;0;0;0;0;0;0;0;0;0;0;0;0;0;0;0;0;0;0;0;0;0;0;0;0;0;0;0;0;0;0;0;0;0;0;0;0;0;0;0;0;0;0;0;0;0;0;0;0;0;0;0;0;0;0;0;0;0;0;0;0;0;0;0;0;0;0;0;0;0;0;0;0;0;0;0;0;0;0;0;0;0;0;0;0;0;0;0;0;0;0;0;0;0;0;0;0;0;0;51562487880;8636047968;60198535848;51562487880;51562487880;5250430938;5250430938;6445310985;1092451299;7537762284;658164842;658164842;12506021881;2094596465;14600618346;12506021881;12506021881;1273445229;1273445229;12506021881;3368041694;15874063576;0;0;0;0;0;0;0;0;0;0;0;0;0;0;0;0;0;0;0;0;0;0;0;0;0;0;0;0;0;0;0;0;0;0;0;0;0;0;0;0;0;0;0;12800;0;0;0;4123012767000;0;0;0;0;0;0;1583236902720;0;0;0;1583236902720;384;0;4123012767000;0;0;0;0;0;0;0;0;0;0;0;1583236902720;0;0;0;1583236902720;384;0;4123012767000;0;0;0;0;0;4123012767000;7537762272;7537762272;658164830;658164830;12;12;12;12;12890621970;12890621970;3501232282;3501232282;16391854252;51562487880;51562487880;13886478906;13886478906;65448966786;0;0;8195927126;0;0;0;8195927126;0;0;0;0;8195927126;4123012767000;0;0;0;0;0;0;1;0;0;1
IO-S1-20;7868238;7868237882500;7868237882500;1000000000000;2845,18;2765461689;688792;8029029233;11400253900;2821975;4006865;1000;15736475794;0;0;8029029233;11400253900;4163522498;10481949509;0;5278518;96515614;4163522498;10481949509;0;4029628774;686143372;16720796409;9266566076;0;0;0;0;536255384;345312357;3706377386;18;3315249550;2085455768;1229793782;0;15736475794;1;0;116021922;5301967;2394012765;801219;2222;1546739774;0;32;0;0;0;0;0;586;0;2007919;24;8012;416032;0;0;268;0;0;0;2577832880;0;8406240;400026;51296720;0;1497882880;0;4;0;0;0;0;0;0;0;0;0;0;0;0;0;0;50821620;14414539;2034634148;1215379243;0;0;11400359120;8000;2085455805;1229793787;1241531;3272522;7868237882500;0;12365251127;0;259;7868237882500;7868237882500;0;0;0;448;500;1;0;0;0;0;0;0;0;0;0;0;0;0;0;0;0;0;0;0;0;0;0;0;0;0;0;0;0;0;0;0;0;0;0;0;0;0;0;0;0;0;0;0;0;0;0;0;0;0;0;0;0;0;0;0;0;0;0;0;0;0;0;0;0;0;0;0;0;0;0;0;0;0;0;0;0;0;0;0;0;0;0;0;0;0;0;0;0;0;0;0;0;0;0;0;0;0;0;0;0;0;0;0;0;0;0;0;0;0;0;0;0;0;0;0;0;0;0;0;0;0;0;0;0;0;0;0;0;0;0;0;0;0;0;98922008456;16528083330;115450091786;98922008456;98922008456;9822624892;9822624892;12365251057;2085455736;14450706793;1229689084;1229689084;12572320503;2100607986;14672928489;12572320503;12572320503;1248389416;1248389416;12572320503;3348997401;15921317905;0;0;0;0;0;0;0;0;0;0;0;0;0;0;0;0;0;0;0;0;0;0;0;0;0;0;0;0;0;0;0;0;0;0;0;0;0;0;0;0;0;0;0;12800;0;0;0;7868237882500;0;0;0;0;0;0;3021403346880;0;0;0;3021403346880;384;0;7868237882500;0;0;0;0;0;0;0;0;0;0;0;3021403346880;0;0;0;3021403346880;384;0;7868237882500;0;0;0;0;0;7868237882500;14450706781;14450706781;1229689072;1229689072;12;12;12;12;24730502114;24730502114;6630289640;6630289640;31360791754;98922008456;98922008456;26350708222;26350708222;125272716678;0;0;15680395877;0;0;0;15680395877;0;0;0;0;15680395877;7868237882500;0;0;0;0;0;0;1;0;0;1
IO-S1-30;1161346;11613459754000;11613459754000;1000000000000;4313,23;2692523169;688792;11855220878;16796953331;2748574;3894290;1000;23226919537;0;0;11855220878;16796953331;6036835069;15557064469;0;5278482;130731016;6036835069;15557064469;0;5819199796;934313055;24857712849;13770157036;0;0;0;0;728647706;467542697;5430160274;18;4879776922;3078459437;1801317485;0;23226919537;1;0;155221640;5301953;3466264328;1201239;2222;2293307044;0;32;0;0;0;0;0;586;0;3007939;24;8012;616032;0;0;268;0;0;0;3818804080;0;8406240;600026;76143520;0;2243618080;0;4;0;0;0;0;0;0;0;0;0;0;0;0;0;0;63821219;14414242;3014638218;1786903243;0;0;16797058551;8000;3078459474;1801317490;1765041;4804072;11613459754000;0;18285187084;0;259;11613459754000;11613459754000;0;0;0;448;500;1;0;0;0;0;0;0;0;0;0;0;0;0;0;0;0;0;0;0;0;0;0;0;0;0;0;0;0;0;0;0;0;0;0;0;0;0;0;0;0;0;0;0;0;0;0;0;0;0;0;0;0;0;0;0;0;0;0;0;0;0;0;0;0;0;0;0;0;0;0;0;0;0;0;0;0;0;0;0;0;0;0;0;0;0;0;0;0;0;0;0;0;0;0;0;0;0;0;0;0;0;0;0;0;0;0;0;0;0;0;0;0;0;0;0;0;0;0;0;0;0;0;0;0;0;0;0;0;0;0;0;0;0;0;146281496112;24420112830;170701608942;146281496112;146281496112;14394814516;14394814516;18285187014;3078459405;21363646419;1801212787;1801212787;12595858531;2102742279;14698600810;12595858531;12595858531;1239494072;1239494072;12595858531;3342236351;15938094881;0;0;0;0;0;0;0;0;0;0;0;0;0;0;0;0;0;0;0;0;0;0;0;0;0;0;0;0;0;0;0;0;0;0;0;0;0;0;0;0;0;0;0;12800;0;0;0;11613459754000;0;0;0;0;0;0;4459568545920;0;0;0;4459568545920;384;0;11613459754000;0;0;0;0;0;0;0;0;0;0;0;4459568545920;0;0;0;4459568545920;384;0;11613459754000;0;0;0;0;0;11613459754000;21363646407;21363646407;1801212775;1801212775;12;12;12;12;36570374028;36570374028;9759344384;9759344384;46329718412;146281496112;146281496112;38814927346;38814927346;185096423458;0;0;23164859206;0;0;0;23164859206;0;0;0;0;23164859206;11613459754000;0;0;0;0;0;0;1;0;0;1
IO-S1-40;15358685;15358685204500;15358685204500;1000000000000;5666,23;2710567356;688788;15681415903;22193658769;2767524;3916833;1000;30717370438;0;0;15681415903;22193658769;7910153510;20632179429;0;5278608;164946804;7910153510;20632179429;0;7608778567;1182486977;32994629289;18273747996;0;0;0;0;921042477;589774715;7153945923;18;6444305729;4071463954;2372841775;0;30717370438;1;0;194422022;5302048;4538520382;1601224;2229;3039874314;0;32;0;0;0;0;0;586;0;4007959;24;8012;816032;0;0;268;0;0;0;5059775280;0;8406240;800026;100990320;0;2989353280;0;4;0;0;0;0;0;0;0;0;0;0;0;0;0;0;76821666;14414532;3994642288;2358427243;0;0;22193763989;8000;4071463991;2372841780;2288551;6335622;15358685204500;0;24205127572;0;259;15358685204500;15358685204500;0;0;0;448;500;1;0;0;0;0;0;0;0;0;0;0;0;0;0;0;0;0;0;0;0;0;0;0;0;0;0;0;0;0;0;0;0;0;0;0;0;0;0;0;0;0;0;0;0;0;0;0;0;0;0;0;0;0;0;0;0;0;0;0;0;0;0;0;0;0;0;0;0;0;0;0;0;0;0;0;0;0;0;0;0;0;0;0;0;0;0;0;0;0;0;0;0;0;0;0;0;0;0;0;0;0;0;0;0;0;0;0;0;0;0;0;0;0;0;0;0;0;0;0;0;0;0;0;0;0;0;0;0;0;0;0;0;0;0;193641020016;32312148768;225953168784;193641020016;193641020016;18967008846;18967008846;24205127502;4071463922;28276591424;2372737077;2372737077;12607916461;2103835604;14711752066;12607916461;12607916461;1234937014;1234937014;12607916461;3338772618;15946689080;0;0;0;0;0;0;0;0;0;0;0;0;0;0;0;0;0;0;0;0;0;0;0;0;0;0;0;0;0;0;0;0;0;0;0;0;0;0;0;0;0;0;0;12800;0;0;0;15358685204500;0;0;0;0;0;0;5897735118720;0;0;0;5897735118720;384;0;15358685204500;0;0;0;0;0;0;0;0;0;0;0;5897735118720;0;0;0;5897735118720;384;0;15358685204500;0;0;0;0;0;15358685204500;28276591412;28276591412;2372737065;2372737065;12;12;12;12;48410255004;48410255004;12888401998;12888401998;61298657002;193641020016;193641020016;51279157614;51279157614;244920177630;0;0;30649328501;0;0;0;30649328501;0;0;0;0;30649328501;15358685204500;0;0;0;0;0;0;1;0;0;1
IO-S1-50;19103908;19103908415000;19103908415000;1000000000000;6844,71;2791045933;688792;19507608819;27590360435;2850026;4030901;1000;38207816859;0;0;19507608819;27590360435;9783468261;25707294389;0;5278638;199162335;9783468261;25707294389;0;9398352518;1430658233;41131545729;22777338956;0;0;0;0;1113435639;712005650;8877729848;18;8008833654;5064467943;2944365711;0;38207816859;1;0;233621982;5302078;5610773598;2001229;2229;3786441584;0;32;0;0;0;0;0;586;0;5007979;24;8012;1016032;0;0;268;0;0;0;6300746480;0;8406240;1000026;125837120;0;3735088480;0;4;0;0;0;0;0;0;0;0;0;0;0;0;0;0;89821585;14414468;4974646358;2929951243;0;0;27590465655;8000;5064467980;2944365716;2812061;7867172;19103908415000;0;30125065243;0;259;19103908415000;19103908415000;0;0;0;448;500;1;0;0;0;0;0;0;0;0;0;0;0;0;0;0;0;0;0;0;0;0;0;0;0;0;0;0;0;0;0;0;0;0;0;0;0;0;0;0;0;0;0;0;0;0;0;0;0;0;0;0;0;0;0;0;0;0;0;0;0;0;0;0;0;0;0;0;0;0;0;0;0;0;0;0;0;0;0;0;0;0;0;0;0;0;0;0;0;0;0;0;0;0;0;0;0;0;0;0;0;0;0;0;0;0;0;0;0;0;0;0;0;0;0;0;0;0;0;0;0;0;0;0;0;0;0;0;0;0;0;0;0;0;0;241000521384;40204180745;281204702129;241000521384;241000521384;23539200360;23539200360;30125065173;5064467911;35189533084;2944261013;2944261013;12615246899;2104500287;14719747186;12615246899;12615246899;1232166730;1232166730;12615246899;3336667017;15951913916;0;0;0;0;0;0;0;0;0;0;0;0;0;0;0;0;0;0;0;0;0;0;0;0;0;0;0;0;0;0;0;0;0;0;0;0;0;0;0;0;0;0;0;12800;0;0;0;19103908415000;0;0;0;0;0;0;7335900831360;0;0;0;7335900831360;384;0;19103908415000;0;0;0;0;0;0;0;0;0;0;0;7335900831360;0;0;0;7335900831360;384;0;19103908415000;0;0;0;0;0;19103908415000;35189533072;35189533072;2944261001;2944261001;12;12;12;12;60250130346;60250130346;16017457848;16017457848;76267588194;241000521384;241000521384;63743381105;63743381105;304743902489;0;0;38133794097;0;0;0;38133794097;0;0;0;0;38133794097;19103908415000;0;0;0;0;0;0;1;0;0;1
IO-S1-60;22849134;22849134234500;22849134234500;1000000000000;8190,14;2789835528;688788;23333804218;32987066561;2849013;4027658;1000;45698268498;0;0;23333804218;32987066561;11656787392;30782409349;0;5278764;233378198;11656787392;30782409349;0;11187932196;1678832699;49268462169;27280929916;0;0;0;0;1305830821;834237991;10601515703;18;9573362547;6057472533;3515890014;0;45698268498;1;0;272822423;5302172;6683030246;2401230;2229;4533008854;0;32;0;0;0;0;0;586;0;6007999;24;8012;1216032;0;0;268;0;0;0;7541717680;0;8406240;1200026;150683920;0;4480823680;0;4;0;0;0;0;0;0;0;0;0;0;0;0;0;0;102822105;14414771;5954650428;3501475243;0;0;32987171781;8000;6057472570;3515890019;3335571;9398722;22849134234500;0;36045006155;0;259;22849134234500;22849134234500;0;0;0;448;500;1;0;0;0;0;0;0;0;0;0;0;0;0;0;0;0;0;0;0;0;0;0;0;0;0;0;0;0;0;0;0;0;0;0;0;0;0;0;0;0;0;0;0;0;0;0;0;0;0;0;0;0;0;0;0;0;0;0;0;0;0;0;0;0;0;0;0;0;0;0;0;0;0;0;0;0;0;0;0;0;0;0;0;0;0;0;0;0;0;0;0;0;0;0;0;0;0;0;0;0;0;0;0;0;0;0;0;0;0;0;0;0;0;0;0;0;0;0;0;0;0;0;0;0;0;0;0;0;0;0;0;0;0;0;288360048680;48096216835;336456265515;288360048680;288360048680;28111394682;28111394682;36045006085;6057472501;42102478586;3515785316;3515785316;12620173951;2104947012;14725120964;12620173951;12620173951;1230304588;1230304588;12620173951;3335251600;15955425552;0;0;0;0;0;0;0;0;0;0;0;0;0;0;0;0;0;0;0;0;0;0;0;0;0;0;0;0;0;0;0;0;0;0;0;0;0;0;0;0;0;0;0;12800;0;0;0;22849134234500;0;0;0;0;0;0;8774067546240;0;0;0;8774067546240;384;0;22849134234500;0;0;0;0;0;0;0;0;0;0;0;8774067546240;0;0;0;8774067546240;384;0;22849134234500;0;0;0;0;0;22849134234500;42102478574;42102478574;3515785304;3515785304;12;12;12;12;72090012170;72090012170;19146515634;19146515634;91236527804;288360048680;288360048680;76207611517;76207611517;364567660197;0;0;45618263902;0;0;0;45618263902;0;0;0;0;45618263902;22849134234500;0;0;0;0;0;0;1;0;0;1
IO-S1-70;26704536;26704535787500;26704535787500;1000000000000;9587,04;2785484322;688788;27269880862;38548785605;2844454;4020929;1000;53409071604;0;0;27269880862;38548785605;13602757926;35997898125;0;5279346;270998118;13602757926;35997898125;0;13049369376;1944034240;57603357232;31914191478;0;0;0;0;1517351114;968482274;12383031624;18;11187208811;7089089608;4098119203;0;53409071604;1;0;316229297;5302593;7788023920;2801284;2313;5306377712;0;32;0;0;0;0;0;586;0;7008123;24;8078;1416162;0;0;268;0;0;0;8830634120;0;12609360;1400038;176332280;0;5229765120;0;6;0;0;0;0;0;0;0;0;0;0;0;0;0;0;117125676;14416811;6971963932;4083702392;0;0;38548890830;8000;7089089654;4098119209;3909891;10930274;26704535787500;0;42130166861;0;259;26704535787500;26704535787500;0;0;0;453;500;1;0;0;0;0;0;0;0;0;0;0;0;0;0;0;0;0;0;0;0;0;0;0;0;0;0;0;0;0;0;0;0;0;0;0;0;0;0;0;0;0;0;0;0;0;0;0;0;0;0;0;0;0;0;0;0;0;0;0;0;0;0;0;0;0;0;0;0;0;0;0;0;0;0;0;0;0;0;0;0;0;0;0;0;0;0;0;0;0;0;0;0;0;0;0;0;0;0;0;0;0;0;0;0;0;0;0;0;0;0;0;0;0;0;0;0;0;0;0;0;0;0;0;0;0;0;0;0;0;0;0;0;0;0;337041334328;56291947598;393333281926;337041334328;337041334328;32769225352;32769225352;42130166791;7089089585;49219256376;4098014506;4098014506;12621126876;2107954545;14729081421;12621126876;12621126876;1227103351;1227103351;12621126876;3335057896;15956184772;0;0;0;0;0;0;0;0;0;0;0;0;0;0;0;0;0;0;0;0;0;0;0;0;0;0;0;0;0;0;0;0;0;0;0;0;0;0;0;0;0;0;0;12800;0;0;0;26704535787500;0;0;0;0;0;0;10254541742400;0;0;0;10254541742400;384;0;26704535787500;0;0;0;0;0;0;0;0;0;0;0;10254541742400;0;0;0;10254541742400;384;0;26704535787500;0;0;0;0;0;26704535787500;49219256364;49219256364;4098014494;4098014494;12;12;12;12;84260333582;84260333582;22374208182;22374208182;106634541764;337041334328;337041334328;89061172950;89061172950;426102507278;0;0;53317270882;0;0;0;53317270882;0;0;0;0;53317270882;26704535787500;0;0;0;0;0;0;1;0;0;1
IO-S1-80;30449758;30449758407500;30449758407500;1000000000000;10935,98;2784365686;688792;31096073242;43945486347;2843466;4018433;1000;60899516844;0;0;31096073242;43945486347;15476071788;41073013085;0;5279334;305213618;15476071788;41073013085;0;14838942147;2192204900;65740273672;36417782438;0;0;0;0;1709744025;1090713068;14106815032;18;12751736447;8082093443;4669643004;0;60899516844;1;0;355429143;5302595;8860276508;3201310;2313;6052944982;0;32;0;0;0;0;0;586;0;8008143;24;8078;1616162;0;0;268;0;0;0;10071605320;0;12609360;1600038;201179080;0;5975500320;0;6;0;0;0;0;0;0;0;0;0;0;0;0;0;0;130125441;14416612;7951968002;4655226392;0;0;43945591572;8000;8082093489;4669643010;4433401;12461824;30449758407500;0;48050103739;0;259;30449758407500;30449758407500;0;0;0;453;500;1;0;0;0;0;0;0;0;0;0;0;0;0;0;0;0;0;0;0;0;0;0;0;0;0;0;0;0;0;0;0;0;0;0;0;0;0;0;0;0;0;0;0;0;0;0;0;0;0;0;0;0;0;0;0;0;0;0;0;0;0;0;0;0;0;0;0;0;0;0;0;0;0;0;0;0;0;0;0;0;0;0;0;0;0;0;0;0;0;0;0;0;0;0;0;0;0;0;0;0;0;0;0;0;0;0;0;0;0;0;0;0;0;0;0;0;0;0;0;0;0;0;0;0;0;0;0;0;0;0;0;0;0;0;384400829352;64183978078;448584807430;384400829352;384400829352;37341415682;37341415682;48050103669;8082093420;56132197089;4669538307;4669538307;12624101124;2107864937;14731966061;12624101124;12624101124;1226328800;1226328800;12624101124;3334193736;15958294861;0;0;0;0;0;0;0;0;0;0;0;0;0;0;0;0;0;0;0;0;0;0;0;0;0;0;0;0;0;0;0;0;0;0;0;0;0;0;0;0;0;0;0;12800;0;0;0;30449758407500;0;0;0;0;0;0;11692707228480;0;0;0;11692707228480;384;0;30449758407500;0;0;0;0;0;0;0;0;0;0;0;11692707228480;0;0;0;11692707228480;384;0;30449758407500;0;0;0;0;0;30449758407500;56132197077;56132197077;4669538295;4669538295;12;12;12;12;96100207338;96100207338;25503263454;25503263454;121603470792;384400829352;384400829352;101525393760;101525393760;485926223112;0;0;60801735396;0;0;0;60801735396;0;0;0;0;60801735396;30449758407500;0;0;0;0;0;0;1;0;0;1
IO-S1-90;34194983;34194982996000;34194982996000;1000000000000;12282,72;2783991993;688788;34922267443;49342190318;2843204;4017205;1000;68389966021;0;0;34922267443;49342190318;17349388794;46148128045;0;5279424;339429310;17349388794;46148128045;0;16628518983;2440377756;73877190112;40921373398;0;0;0;0;1902138196;1212944655;15830600039;18;14316264918;9075097759;5241167159;0;68389966021;1;0;394629371;5302665;9932531459;3601299;2313;6799512252;0;32;0;0;0;0;0;586;0;9008163;24;8078;1816162;0;0;268;0;0;0;11312576520;0;12609360;1800038;226025880;0;6721235520;0;6;0;0;0;0;0;0;0;0;0;0;0;0;0;0;143125687;14416767;8931972072;5226750392;0;0;49342295543;8000;9075097805;5241167165;4956911;13993374;34194982996000;0;53970043146;0;259;34194982996000;34194982996000;0;0;0;453;500;1;0;0;0;0;0;0;0;0;0;0;0;0;0;0;0;0;0;0;0;0;0;0;0;0;0;0;0;0;0;0;0;0;0;0;0;0;0;0;0;0;0;0;0;0;0;0;0;0;0;0;0;0;0;0;0;0;0;0;0;0;0;0;0;0;0;0;0;0;0;0;0;0;0;0;0;0;0;0;0;0;0;0;0;0;0;0;0;0;0;0;0;0;0;0;0;0;0;0;0;0;0;0;0;0;0;0;0;0;0;0;0;0;0;0;0;0;0;0;0;0;0;0;0;0;0;0;0;0;0;0;0;0;0;431760344608;72076012552;503836357160;431760344608;431760344608;41913608950;41913608950;53970043076;9075097736;63045140812;5241062462;5241062462;12626423726;2107794952;14734218678;12626423726;12626423726;1225723930;1225723930;12626423726;3333518882;15959942608;0;0;0;0;0;0;0;0;0;0;0;0;0;0;0;0;0;0;0;0;0;0;0;0;0;0;0;0;0;0;0;0;0;0;0;0;0;0;0;0;0;0;0;12800;0;0;0;34194982996000;0;0;0;0;0;0;13130873470560;0;0;0;13130873470560;384;0;34194982996000;0;0;0;0;0;0;0;0;0;0;0;13130873470560;0;0;0;13130873470560;384;0;34194982996000;0;0;0;0;0;34194982996000;63045140800;63045140800;5241062450;5241062450;12;12;12;12;107940086152;107940086152;28632320396;28632320396;136572406548;431760344608;431760344608;113989621502;113989621502;545749966110;0;0;68286203274;0;0;0;68286203274;0;0;0;0;68286203274;34194982996000;0;0;0;0;0;0;1;0;0;1
IO-S1-100;37940208;37940207686000;37940207686000;1000000000000;13658,58;2777756448;688792;38748461776;54738894524;2836932;4007656;1000;75880415401;0;0;38748461776;54738894524;19222706040;51223243005;0;5279508;373645029;19222706040;51223243005;0;18418096211;2688550841;82014106552;45424964358;0;0;0;0;2094532501;1335176399;17554385053;18;15880793386;10068102081;5812691305;0;75880415401;1;0;433829604;5302731;11004786637;4001303;2313;7546079522;0;32;0;0;0;0;0;586;0;10008183;24;8078;2016162;0;0;268;0;0;0;12553547720;0;12609360;2000038;250872680;0;7466970720;0;6;0;0;0;0;0;0;0;0;0;0;0;0;0;0;156125939;14416913;9911976142;5798274392;0;0;54738999749;8000;10068102126;5812691311;5480421;15524924;37940207686000;0;59889982653;0;259;37940207686000;37940207686000;0;0;0;453;500;1;0;0;0;0;0;0;0;0;0;0;0;0;0;0;0;0;0;0;0;0;0;0;0;0;0;0;0;0;0;0;0;0;0;0;0;0;0;0;0;0;0;0;0;0;0;0;0;0;0;0;0;0;0;0;0;0;0;0;0;0;0;0;0;0;0;0;0;0;0;0;0;0;0;0;0;0;0;0;0;0;0;0;0;0;0;0;0;0;0;0;0;0;0;0;0;0;0;0;0;0;0;0;0;0;0;0;0;0;0;0;0;0;0;0;0;0;0;0;0;0;0;0;0;0;0;0;0;0;0;0;0;0;0;479119860664;79968046793;559087907457;479119860664;479119860664;46485802055;46485802055;59889982583;10068102057;69958084640;5812586608;5812586608;12628287769;2107738773;14736026542;12628287769;12628287769;1225238471;1225238471;12628287769;3332977244;15961265013;0;0;0;0;0;0;0;0;0;0;0;0;0;0;0;0;0;0;0;0;0;0;0;0;0;0;0;0;0;0;0;0;0;0;0;0;0;0;0;0;0;0;0;12800;0;0;0;37940207686000;0;0;0;0;0;0;14569039751520;0;0;0;14569039751520;384;0;37940207686000;0;0;0;0;0;0;0;0;0;0;0;14569039751520;0;0;0;14569039751520;384;0;37940207686000;0;0;0;0;0;37940207686000;69958084628;69958084628;5812586596;5812586596;12;12;12;12;119779965166;119779965166;31761377330;31761377330;151541342496;479119860664;479119860664;126453848848;126453848848;605573709512;0;0;75770671248;0;0;0;75770671248;0;0;0;0;75770671248;37940207686000;0;0;0;0;0;0;1;0;0;1
IO-S1-200;75612804;75612804006500;75612804006500;1000000000000;27169,45;2783008342;688788;77230165524;109035958853;2842537;4013183;1000;151225608042;0;0;77230165524;109035958853;38101177814;102255140237;0;5281170;722610140;38101177814;102255140237;0;36457578436;5204333210;163779228198;90720215162;0;0;0;0;4056724548;2581516623;34907693909;18;31624712066;20075369874;11549342192;0;151225608042;1;0;834244463;5303985;21792809716;8001437;2481;15065355398;0;32;0;0;0;0;0;586;0;20008591;24;8210;4016422;0;0;268;0;0;0;25059150200;0;21015600;4000062;500943800;0;14930735200;0;10;0;0;0;0;0;0;0;0;0;0;0;0;0;0;288734164;14421502;19786635710;11534920690;0;0;109036064088;8000;20075369937;11549342200;10817141;30840428;75612804006500;0;119419814713;0;259;75612804006500;75612804006500;0;0;0;463;500;1;0;0;0;0;0;0;0;0;0;0;0;0;0;0;0;0;0;0;0;0;0;0;0;0;0;0;0;0;0;0;0;0;0;0;0;0;0;0;0;0;0;0;0;0;0;0;0;0;0;0;0;0;0;0;0;0;0;0;0;0;0;0;0;0;0;0;0;0;0;0;0;0;0;0;0;0;0;0;0;0;0;0;0;0;0;0;0;0;0;0;0;0;0;0;0;0;0;0;0;0;0;0;0;0;0;0;0;0;0;0;0;0;0;0;0;0;0;0;0;0;0;0;0;0;0;0;0;0;0;0;0;0;0;955358517144;159495775808;1114854292952;955358517144;955358517144;92379003214;92379003214;119419814643;20075369868;139495184511;11549237497;11549237497;12634877514;2109375230;14744252744;12634877514;12634877514;1221737567;1221737567;12634877514;3331112797;15965990311;0;0;0;0;0;0;0;0;0;0;0;0;0;0;0;0;0;0;0;0;0;0;0;0;0;0;0;0;0;0;0;0;0;0;0;0;0;0;0;0;0;0;0;12800;0;0;0;75612804006500;0;0;0;0;0;0;29035316738880;0;0;0;29035316738880;384;0;75612804006500;0;0;0;0;0;0;0;0;0;0;0;29035316738880;0;0;0;29035316738880;384;0;75612804006500;0;0;0;0;0;75612804006500;139495184499;139495184499;11549237485;11549237485;12;12;12;12;238839629286;238839629286;63249214730;63249214730;302088844016;955358517144;955358517144;251874779022;251874779022;1207233296166;0;0;151044422008;0;0;0;151044422008;0;0;0;0;151044422008;75612804006500;0;0;0;0;0;0;1;0;0;1
IO-S1-300;113175224;113175223729500;113175223729500;1000000000000;40562,79;2790123915;688792;115601987274;163168008870;2849951;4022603;1000;226350447488;0;0;115601987274;163168008870;56906996822;153146663653;0;5282334;1068171081;56906996822;153146663653;0;54425201680;7703087649;245346371221;135885795364;0;0;0;0;5999790778;3815844564;52203271926;18;47319313004;30044024956;17275288048;0;226350447488;1;0;1230452690;5304886;32548094731;12001545;2579;22557829686;0;32;0;0;0;0;0;586;0;30008895;24;8276;6016552;0;0;268;0;0;0;37516807440;0;25218720;6000074;750213360;0;22391293440;0;12;0;0;0;0;0;0;0;0;0;0;0;0;0;0;420039112;14424209;29623985844;17260863839;0;0;163168114110;8000;30044025028;17275288057;16103051;46155930;113175223729500;0;178784425892;0;259;113175223729500;113175223729500;0;0;0;468;500;1;0;0;0;0;0;0;0;0;0;0;0;0;0;0;0;0;0;0;0;0;0;0;0;0;0;0;0;0;0;0;0;0;0;0;0;0;0;0;0;0;0;0;0;0;0;0;0;0;0;0;0;0;0;0;0;0;0;0;0;0;0;0;0;0;0;0;0;0;0;0;0;0;0;0;0;0;0;0;0;0;0;0;0;0;0;0;0;0;0;0;0;0;0;0;0;0;0;0;0;0;0;0;0;0;0;0;0;0;0;0;0;0;0;0;0;0;0;0;0;0;0;0;0;0;0;0;0;0;0;0;0;0;0;1430275406576;238719808293;1668995214869;1430275406576;1430275406576;138186566801;138186566801;178784425822;30044024959;208828450781;17275183354;17275183354;12637707790;2109293893;14747001683;12637707790;12637707790;1220996630;1220996630;12637707790;3330290524;15967998314;0;0;0;0;0;0;0;0;0;0;0;0;0;0;0;0;0;0;0;0;0;0;0;0;0;0;0;0;0;0;0;0;0;0;0;0;0;0;0;0;0;0;0;12800;0;0;0;113175223729500;0;0;0;0;0;0;43459285912320;0;0;0;43459285912320;384;0;113175223729500;0;0;0;0;0;0;0;0;0;0;0;43459285912320;0;0;0;43459285912320;384;0;113175223729500;0;0;0;0;0;113175223729500;208828450769;208828450769;17275183342;17275183342;12;12;12;12;357568851644;357568851644;94638416626;94638416626;452207268270;1430275406576;1430275406576;376906375094;376906375094;1807181781670;0;0;226103634135;0;0;0;226103634135;0;0;0;0;226103634135;113175223729500;0;0;0;0;0;0;1;0;0;1
IO-S1-400;150847822;150847821722000;150847821722000;1000000000000;54219,83;2782152371;688792;154083692585;217465075973;2841833;4010804;1000;301695643473;0;0;154083692585;217465075973;75785471304;204178560885;0;5284080;1417136363;75785471304;204178560885;0;72464687396;10218871911;327111492867;181181046168;0;0;0;0;7961983930;5062185509;69556582117;18;63063232383;40051293161;23011939222;0;301695643473;1;0;1630867865;5306194;43336119870;16001654;2733;30077105562;0;32;0;0;0;0;0;586;0;40009303;24;8408;8016812;0;0;268;0;0;0;50022409920;0;33624960;8000098;1000284480;0;29855057920;0;16;0;0;0;0;0;0;0;0;0;0;0;0;0;0;552647749;14429085;39498645412;22997510137;0;0;217465181223;8000;40051293251;23011939233;21439771;61471434;150847821722000;0;238314260085;0;259;150847821722000;150847821722000;0;0;0;478;500;1;0;0;0;0;0;0;0;0;0;0;0;0;0;0;0;0;0;0;0;0;0;0;0;0;0;0;0;0;0;0;0;0;0;0;0;0;0;0;0;0;0;0;0;0;0;0;0;0;0;0;0;0;0;0;0;0;0;0;0;0;0;0;0;0;0;0;0;0;0;0;0;0;0;0;0;0;0;0;0;0;0;0;0;0;0;0;0;0;0;0;0;0;0;0;0;0;0;0;0;0;0;0;0;0;0;0;0;0;0;0;0;0;0;0;0;0;0;0;0;0;0;0;0;0;0;0;0;0;0;0;0;0;0;1906514080120;318247540506;2224761620626;1906514080120;1906514080120;184079770321;184079770321;238314260015;40051293182;278365553197;23011834530;23011834530;12638658340;2109725794;14748384135;12638658340;12638658340;1220301150;1220301150;12638658340;3330026944;15968685285;0;0;0;0;0;0;0;0;0;0;0;0;0;0;0;0;0;0;0;0;0;0;0;0;0;0;0;0;0;0;0;0;0;0;0;0;0;0;0;0;0;0;0;12800;0;0;0;150847821722000;0;0;0;0;0;0;57925563541440;0;0;0;57925563541440;384;0;150847821722000;0;0;0;0;0;0;0;0;0;0;0;57925563541440;0;0;0;57925563541440;384;0;150847821722000;0;0;0;0;0;150847821722000;278365553185;278365553185;23011834518;23011834518;12;12;12;12;476628520030;476628520030;126126255424;126126255424;602754775454;1906514080120;1906514080120;502327310827;502327310827;2408841390947;0;0;301377387727;0;0;0;301377387727;0;0;0;0;301377387727;150847821722000;0;0;0;0;0;0;1;0;0;1
IO-S1-500;18841024;188410240118000;188410240118000;1000000000000;67462,54;2792812619;688792;192455513007;271597123572;2852776;4025895;1000;376820480265;0;0;192455513007;271597123572;94591287920;255070084301;0;5285220;1762697095;94591287920;255070084301;0;90432307294;12717624415;408678635890;226346626370;0;0;0;0;9905048972;6296512506;86852159318;18;78757832913;50019947959;28737884954;0;376820480265;1;0;2027075885;5307076;54091402948;20001729;2810;37569579850;0;32;0;0;0;0;0;586;0;50009607;24;8474;10016942;0;0;268;0;0;0;62480067160;0;37828080;10000110;1249554040;0;37315616160;0;18;0;0;0;0;0;0;0;0;0;0;0;0;0;0;683952413;14431668;49335995546;28723453286;0;0;271597228827;8000;50019948058;28737884966;26725681;76786936;188410240118000;0;297678869700;0;259;188410240118000;188410240118000;0;0;0;483;500;1;0;0;0;0;0;0;0;0;0;0;0;0;0;0;0;0;0;0;0;0;0;0;0;0;0;0;0;0;0;0;0;0;0;0;0;0;0;0;0;0;0;0;0;0;0;0;0;0;0;0;0;0;0;0;0;0;0;0;0;0;0;0;0;0;0;0;0;0;0;0;0;0;0;0;0;0;0;0;0;0;0;0;0;0;0;0;0;0;0;0;0;0;0;0;0;0;0;0;0;0;0;0;0;0;0;0;0;0;0;0;0;0;0;0;0;0;0;0;0;0;0;0;0;0;0;0;0;0;0;0;0;0;0;2381430957040;397471571706;2778902528746;2381430957040;2381430957040;229887333143;229887333143;297678869630;50019947989;347698817619;28737780263;28737780263;12639604703;2109607055;14749211757;12639604703;12639604703;1220142456;1220142456;12639604703;3329749511;15969354213;0;0;0;0;0;0;0;0;0;0;0;0;0;0;0;0;0;0;0;0;0;0;0;0;0;0;0;0;0;0;0;0;0;0;0;0;0;0;0;0;0;0;0;12800;0;0;0;188410240118000;0;0;0;0;0;0;72349532205600;0;0;0;72349532205600;384;0;188410240118000;0;0;0;0;0;0;0;0;0;0;0;72349532205600;0;0;0;72349532205600;384;0;188410240118000;0;0;0;0;0;188410240118000;347698817607;347698817607;28737780251;28737780251;12;12;12;12;595357739260;595357739260;157515456504;157515456504;752873195764;2381430957040;2381430957040;627358904849;627358904849;3008789861889;0;0;376436597882;0;0;0;376436597882;0;0;0;0;376436597882;188410240118000;0;0;0;0;0;0;1;0;0;1
IO-S1-600;226082838;226082838043000;226082838043000;1000000000000;81282,27;2781453230;688792;230937218269;325894190585;2841176;4009413;1000;452165676115;0;0;230937218269;325894190585;113469762311;306101981533;0;5286960;2111662366;113469762311;306101981533;0;108471793029;15233408685;490443757536;271641877174;0;0;0;0;11867242052;7542853439;104205469414;18;94501752249;60027216135;34474536114;0;452165676115;1;0;2427491037;5308383;64879428013;24001845;2985;45088855726;0;32;0;0;0;0;0;586;0;60010015;24;8606;12017202;0;0;268;0;0;0;74985669640;0;46234320;12000134;1499625160;0;44779380640;0;22;0;0;0;0;0;0;0;0;0;0;0;0;0;0;816561021;14436530;59210655114;34460099584;0;0;325894295850;8000;60027216252;34474536128;32062401;92102440;226082838043000;0;357208703799;0;259;226082838043000;226082838043000;0;0;0;493;500;1;0;0;0;0;0;0;0;0;0;0;0;0;0;0;0;0;0;0;0;0;0;0;0;0;0;0;0;0;0;0;0;0;0;0;0;0;0;0;0;0;0;0;0;0;0;0;0;0;0;0;0;0;0;0;0;0;0;0;0;0;0;0;0;0;0;0;0;0;0;0;0;0;0;0;0;0;0;0;0;0;0;0;0;0;0;0;0;0;0;0;0;0;0;0;0;0;0;0;0;0;0;0;0;0;0;0;0;0;0;0;0;0;0;0;0;0;0;0;0;0;0;0;0;0;0;0;0;0;0;0;0;0;0;2857669629832;476999303729;3334668933561;2857669629832;2857669629832;275780536531;275780536531;357208703729;60027216183;417235919912;34474431425;34474431425;12639922847;2109843046;14749765893;12639922847;12639922847;1219820748;1219820748;12639922847;3329663794;15969586641;0;0;0;0;0;0;0;0;0;0;0;0;0;0;0;0;0;0;0;0;0;0;0;0;0;0;0;0;0;0;0;0;0;0;0;0;0;0;0;0;0;0;0;12800;0;0;0;226082838043000;0;0;0;0;0;0;86815809808800;0;0;0;86815809808800;384;0;226082838043000;0;0;0;0;0;0;0;0;0;0;0;86815809808800;0;0;0;86815809808800;384;0;226082838043000;0;0;0;0;0;226082838043000;417235919900;417235919900;34474431413;34474431413;12;12;12;12;714417407458;714417407458;189003295216;189003295216;903420702674;2857669629832;2857669629832;752779840260;752779840260;3610449470092;0;0;451710351337;0;0;0;451710351337;0;0;0;0;451710351337;226082838043000;0;0;0;0;0;0;1;0;0;1
IO-S1-700;263645257;263645256519000;263645256519000;1000000000000;94962,46;2776310395;688788;269309038746;380026238309;2835953;4001858;1000;527290513067;0;0;269309038746;380026238309;132275579043;356993504949;0;5288106;2457223106;132275579043;356993504949;0;126439413064;17732161282;572010900559;316807457376;0;0;0;0;13810307144;8777180429;121501046699;18;110196352827;69995870961;40200481866;0;527290513067;1;0;2823699077;5309271;75634711155;28001913;3076;52581330014;0;32;0;0;0;0;0;586;0;70010319;24;8672;14017332;0;0;268;0;0;0;87443326880;0;50437440;14000146;1748894720;0;52239938880;0;24;0;0;0;0;0;0;0;0;0;0;0;0;0;0;947865713;14439133;69048005248;40186042733;0;0;380026343579;8000;69995871087;40200481881;37348311;107417942;263645256519000;0;416573313504;0;259;263645256519000;263645256519000;0;0;0;498;500;1;0;0;0;0;0;0;0;0;0;0;0;0;0;0;0;0;0;0;0;0;0;0;0;0;0;0;0;0;0;0;0;0;0;0;0;0;0;0;0;0;0;0;0;0;0;0;0;0;0;0;0;0;0;0;0;0;0;0;0;0;0;0;0;0;0;0;0;0;0;0;0;0;0;0;0;0;0;0;0;0;0;0;0;0;0;0;0;0;0;0;0;0;0;0;0;0;0;0;0;0;0;0;0;0;0;0;0;0;0;0;0;0;0;0;0;0;0;0;0;0;0;0;0;0;0;0;0;0;0;0;0;0;0;3332586507472;556223335251;3888809842723;3332586507472;3332586507472;321588099561;321588099561;416573313434;69995871018;486569184452;40200377178;40200377178;12640418991;2109741486;14750160477;12640418991;12640418991;1219775784;1219775784;12640418991;3329517270;15969936262;0;0;0;0;0;0;0;0;0;0;0;0;0;0;0;0;0;0;0;0;0;0;0;0;0;0;0;0;0;0;0;0;0;0;0;0;0;0;0;0;0;0;0;12800;0;0;0;263645256519000;0;0;0;0;0;0;101239778503680;0;0;0;101239778503680;384;0;263645256519000;0;0;0;0;0;0;0;0;0;0;0;101239778503680;0;0;0;101239778503680;384;0;263645256519000;0;0;0;0;0;263645256519000;486569184440;486569184440;40200377166;40200377166;12;12;12;12;833146626868;833146626868;220392496392;220392496392;1053539123260;3332586507472;3332586507472;877811434812;877811434812;4210397942284;0;0;526769561630;0;0;0;526769561630;0;0;0;0;526769561630;263645256519000;0;0;0;0;0;0;1;0;0;1
IO-S1-800;301317855;301317855126500;301317855126500;1000000000000;108036,54;2789036575;688788;307790744651;434323306475;2848950;4020152;1000;602635710282;0;0;307790744651;434323306475;151154054563;408025402181;0;5289870;2806188465;151154054563;408025402181;0;144478900330;20247946403;653776022205;362102708180;0;0;0;0;15772500759;10023521734;138854357300;18;125940272416;80003139290;45937133126;0;602635710282;1;0;3224114357;5310596;86422737090;32002027;3265;60100605890;0;32;0;0;0;0;0;586;0;80010727;24;8804;16017592;0;0;268;0;0;0;99948929360;0;58843680;16000170;1998965840;0;59703703360;0;28;0;0;0;0;0;0;0;0;0;0;0;0;0;0;1080474474;14444095;78922664816;45922689031;0;0;434323411755;8000;80003139434;45937133143;42685031;122733446;301317855126500;0;476103148458;0;259;301317855126500;301317855126500;0;0;0;508;500;1;0;0;0;0;0;0;0;0;0;0;0;0;0;0;0;0;0;0;0;0;0;0;0;0;0;0;0;0;0;0;0;0;0;0;0;0;0;0;0;0;0;0;0;0;0;0;0;0;0;0;0;0;0;0;0;0;0;0;0;0;0;0;0;0;0;0;0;0;0;0;0;0;0;0;0;0;0;0;0;0;0;0;0;0;0;0;0;0;0;0;0;0;0;0;0;0;0;0;0;0;0;0;0;0;0;0;0;0;0;0;0;0;0;0;0;0;0;0;0;0;0;0;0;0;0;0;0;0;0;0;0;0;0;3808825187104;635751068292;4444576255396;3808825187104;3808825187104;367481303703;367481303703;476103148388;80003139365;556106287753;45937028440;45937028440;12640555886;2109901745;14750457631;12640555886;12640555886;1219580245;1219580245;12640555886;3329481990;15970037876;0;0;0;0;0;0;0;0;0;0;0;0;0;0;0;0;0;0;0;0;0;0;0;0;0;0;0;0;0;0;0;0;0;0;0;0;0;0;0;0;0;0;0;12800;0;0;0;301317855126500;0;0;0;0;0;0;115706056368960;0;0;0;115706056368960;384;0;301317855126500;0;0;0;0;0;0;0;0;0;0;0;115706056368960;0;0;0;115706056368960;384;0;301317855126500;0;0;0;0;0;301317855126500;556106287741;556106287741;45937028428;45937028428;12;12;12;12;952206296776;952206296776;251880335610;251880335610;1204086632386;3808825187104;3808825187104;1003232371995;1003232371995;4812057559099;0;0;602043316193;0;0;0;602043316193;0;0;0;0;602043316193;301317855126500;0;0;0;0;0;0;1;0;0;1
IO-S1-1000;376552873;376552873186500;376552873186500;1000000000000;135663,94;2775629861;688788;384644271981;542752424025;2835273;4000713;1000;753105746402;0;0;384644271981;542752424025;188838348449;509948822829;0;5292816;3500714681;188838348449;509948822829;0;180486009799;25262485302;817108286874;452563539186;0;0;0;0;19677760181;12504190560;173503245896;18;157378792941;99979062664;57399730277;0;753105746402;1;0;4020737851;5312831;107966047458;40002212;3531;75112356054;0;32;0;0;0;0;0;586;0;100011439;24;9002;20017982;0;0;268;0;0;0;124912189080;0;71453040;20000206;2498306520;0;74628026080;0;34;0;0;0;0;0;0;0;0;0;0;0;0;0;0;1344388146;14451799;98634674518;57385278478;0;0;542752529320;8000;99979062836;57399730297;53307661;153364452;376552873186500;0;594997594358;0;259;376552873186500;376552873186500;0;0;0;523;500;1;0;0;0;0;0;0;0;0;0;0;0;0;0;0;0;0;0;0;0;0;0;0;0;0;0;0;0;0;0;0;0;0;0;0;0;0;0;0;0;0;0;0;0;0;0;0;0;0;0;0;0;0;0;0;0;0;0;0;0;0;0;0;0;0;0;0;0;0;0;0;0;0;0;0;0;0;0;0;0;0;0;0;0;0;0;0;0;0;0;0;0;0;0;0;0;0;0;0;0;0;0;0;0;0;0;0;0;0;0;0;0;0;0;0;0;0;0;0;0;0;0;0;0;0;0;0;0;0;0;0;0;0;0;4759980754304;794502834340;5554483588644;4759980754304;4759980754304;459182071927;459182071927;594997594288;99979062767;694976657055;57399625594;57399625594;12640935957;2109936986;14750872943;12640935957;12640935957;1219435847;1219435847;12640935957;3329372833;15970308790;0;0;0;0;0;0;0;0;0;0;0;0;0;0;0;0;0;0;0;0;0;0;0;0;0;0;0;0;0;0;0;0;0;0;0;0;0;0;0;0;0;0;0;12800;0;0;0;376552873186500;0;0;0;0;0;0;144596303304000;0;0;0;144596303304000;384;0;376552873186500;0;0;0;0;0;0;0;0;0;0;0;144596303304000;0;0;0;144596303304000;384;0;376552873186500;0;0;0;0;0;376552873186500;694976657043;694976657043;57399625582;57399625582;12;12;12;12;1189995188576;1189995188576;314757376722;314757376722;1504752565298;4759980754304;4759980754304;1253684906267;1253684906267;6013665660571;0;0;752376282649;0;0;0;752376282649;0;0;0;0;752376282649;376552873186500;0;0;0;0;0;0;1;0;0;1
IO-S1-2000;752838842;752838841603500;752838841603500;1000000000000;272495,52;2762756768;689812;769022520950;1085064217236;2822147;3981953;1000;1505677683236;0;0;769022520950;1085064217236;377333652298;1019706302786;0;5325328;6976821210;377333652298;1019706302786;0;360595218448;50353190987;1633967591101;904997366430;0;0;0;0;39223636258;24919986978;346805869020;18;314620972212;199897442610;114723529602;0;1505677683236;1;0;8008163322;5331333;215716213371;80039075;17671;150197908712;0;32;0;0;0;0;0;586;0;200015075;24;10052;40020459;0;0;268;0;0;0;249776432920;0;138702960;40000396;4995811480;0;149252845920;0;66;0;0;0;0;0;0;0;0;0;0;0;0;0;0;2665409374;14599440;197232033236;114708930162;0;0;1085064322612;8000;199897442926;114723529646;106471626;306519488;752838841603500;0;1189635986950;0;261;752838841603500;752838841603500;0;0;0;603;500;1;0;0;0;0;0;0;0;0;0;0;0;0;0;0;0;0;0;0;0;0;0;0;0;0;0;0;0;0;0;0;0;0;0;0;0;0;0;0;0;0;0;0;0;0;0;0;0;0;0;0;0;0;0;0;0;0;0;0;0;0;0;0;0;0;0;0;0;0;0;0;0;0;0;0;0;0;0;0;0;0;0;0;0;0;0;0;0;0;0;0;0;0;0;0;0;0;0;0;0;0;0;0;0;0;0;0;0;0;0;0;0;0;0;0;0;0;0;0;0;0;0;0;0;0;0;0;0;0;0;0;0;0;0;9517087895032;1588566536996;11105654432028;9517087895032;9517087895032;917772398601;917772398601;1189635986879;199897442856;1389533429735;114723424943;114723424943;12641600525;2110101723;14751702248;12641600525;12641600525;1219082157;1219082157;12641600525;3329183880;15970784405;0;0;0;0;0;0;0;0;0;0;0;0;0;0;0;0;0;0;0;0;0;0;0;0;0;0;0;0;0;0;0;0;0;0;0;0;0;0;0;0;0;0;0;12800;0;0;0;752838841603500;0;0;0;0;0;0;289090115175840;0;0;0;289090115175840;384;0;752838841603500;0;0;0;0;0;0;0;0;0;0;0;289090115175840;0;0;0;289090115175840;384;0;752838841603500;0;0;0;0;0;752838841603500;1389533429723;1389533429723;114723424931;114723424931;12;12;12;12;2379271973758;2379271973758;629241735598;629241735598;3008513709356;9517087895032;9517087895032;2506338935597;2506338935597;12023426830629;0;0;1504256854678;0;0;0;1504256854678;0;0;0;0;1504256854678;752838841603500;0;0;0;0;0;0;1;0;0;1
IO-S2-10;4129308;4129308300500;4129308300500;1000000000000;1480,91;2788366112;688792;4208402553;6014170406;2841775;4061142;1000;8258616630;0;0;4208402553;6014170406;2300376365;5407196151;0;5460688;63049112;2300376365;5407196151;0;2253599805;445372974;8584515261;4763292870;0;0;0;0;349456601;226215475;1987053644;18;1752926260;1093759233;659167027;0;8258616630;1;0;77953718;5470861;1329731800;410866;5813;800186868;0;32;0;0;0;0;0;586;0;1065625;24;66008;345578;0;0;268;0;0;0;1336861680;0;8406240;200026;26449920;0;752147680;0;4;0;0;0;0;0;0;0;0;0;0;0;0;0;0;39085307;15296934;1054673926;643870093;0;0;6014276139;8000;1093759333;659167032;718129;1740981;4129308300500;0;6452848777;0;259;4129308300500;4129308300500;0;0;0;961;500;1;0;0;0;0;0;0;0;0;0;0;0;0;0;0;0;0;0;0;0;0;0;0;0;0;0;0;0;0;0;0;0;0;0;0;0;0;0;0;0;0;0;0;0;0;0;0;0;0;0;0;0;0;0;0;0;0;0;0;0;0;0;0;0;0;0;0;0;0;0;0;0;0;0;0;0;0;0;0;0;0;0;0;0;0;0;0;0;0;0;0;0;0;0;0;0;0;0;0;0;0;0;0;0;0;0;0;0;0;0;0;0;0;0;0;0;0;0;0;0;0;0;0;0;0;0;0;0;0;0;0;0;0;0;51622789656;8644252170;60267041826;51622789656;51622789656;5256250591;5256250591;6452848707;1093759264;7546607971;659062329;659062329;12501558590;2093389871;14594948461;12501558590;12501558590;1272913091;1272913091;12501558590;3366302962;15867861552;0;0;0;0;0;0;0;0;0;0;0;0;0;0;0;0;0;0;0;0;0;0;0;0;0;0;0;0;0;0;0;0;0;0;0;0;0;0;0;0;0;0;0;12800;0;0;0;4129308300500;0;0;0;0;0;0;1585654387680;0;0;0;1585654387680;384;0;4129308300500;0;0;0;0;0;0;0;0;0;0;0;1585654387680;0;0;0;1585654387680;384;0;4129308300500;0;0;0;0;0;4129308300500;7546607959;7546607959;659062317;659062317;12;12;12;12;12905697414;12905697414;3505643186;3505643186;16411340600;51622789656;51622789656;13900502761;13900502761;65523292417;0;0;8205670300;0;0;0;8205670300;0;0;0;0;8205670300;4129308300500;0;0;0;0;0;0;1;0;0;1
IO-S2-20;7881523;7881522974000;7881522974000;1000000000000;2828,64;2786330706;688792;8040778921;11422667866;2842632;4038221;1000;15763045977;0;0;8040778921;11422667866;4184987500;10482712891;0;5663050;98096827;4184987500;10482712891;0;4058221136;701766117;16722137581;9267236890;0;0;0;0;548065134;351928489;3715791937;18;3319903017;2088215547;1231687470;0;15763045977;1;0;118410871;5658509;2410841661;821670;9803;1546770098;0;32;0;0;0;0;0;586;0;2129785;24;130448;689518;0;0;268;0;0;0;2577832880;0;8406240;400026;51296720;0;1497882880;0;4;0;0;0;0;0;0;0;0;0;0;0;0;0;0;53488831;16276877;2034726716;1215410593;0;0;11422774169;8000;2088215717;1231687475;1241759;3272541;7881522974000;0;12381157032;0;259;7881522974000;7881522974000;0;0;0;1531;500;1;0;0;0;0;0;0;0;0;0;0;0;0;0;0;0;0;0;0;0;0;0;0;0;0;0;0;0;0;0;0;0;0;0;0;0;0;0;0;0;0;0;0;0;0;0;0;0;0;0;0;0;0;0;0;0;0;0;0;0;0;0;0;0;0;0;0;0;0;0;0;0;0;0;0;0;0;0;0;0;0;0;0;0;0;0;0;0;0;0;0;0;0;0;0;0;0;0;0;0;0;0;0;0;0;0;0;0;0;0;0;0;0;0;0;0;0;0;0;0;0;0;0;0;0;0;0;0;0;0;0;0;0;0;99049255696;16545391923;115594647619;99049255696;99049255696;9834902422;9834902422;12381156962;2088215648;14469372610;1231582772;1231582772;12567273612;2099263299;14666536912;12567273612;12567273612;1247842892;1247842892;12567273612;3347106192;15914379804;0;0;0;0;0;0;0;0;0;0;0;0;0;0;0;0;0;0;0;0;0;0;0;0;0;0;0;0;0;0;0;0;0;0;0;0;0;0;0;0;0;0;0;12800;0;0;0;7881522974000;0;0;0;0;0;0;3026504822400;0;0;0;3026504822400;384;0;7881522974000;0;0;0;0;0;0;0;0;0;0;0;3026504822400;0;0;0;3026504822400;384;0;7881522974000;0;0;0;0;0;7881522974000;14469372598;14469372598;1231582760;1231582760;12;12;12;12;24762313924;24762313924;6639596840;6639596840;31401910764;99049255696;99049255696;26380294345;26380294345;125429550041;0;0;15700955382;0;0;0;15700955382;0;0;0;0;15700955382;7881522974000;0;0;0;0;0;0;1;0;0;1
IO-S2-30;11633737;11633736841000;11633736841000;1000000000000;4177,70;2784725424;688792;11873154475;16831163880;2842034;4028815;1000;23267473711;0;0;11873154475;16831163880;6069597209;15558229631;0;5865388;133144437;6069597209;15558229631;0;5862840489;958158155;24859759901;13771180910;0;0;0;0;746673038;477640979;5444529699;18;4886879499;3082671687;1804207812;0;23267473711;1;0;158867896;5846141;3491950379;1232462;13793;2293353328;0;32;0;0;0;0;0;586;0;3193945;24;194888;1033458;0;0;268;0;0;0;3818804080;0;8406240;600026;76143520;0;2243618080;0;4;0;0;0;0;0;0;0;0;0;0;0;0;0;0;67892181;17256719;3014779506;1786951093;0;0;16831270753;8000;3082671927;1804207817;1765389;4804101;11633736841000;0;18309464306;0;259;11633736841000;11633736841000;0;0;0;2101;500;1;0;0;0;0;0;0;0;0;0;0;0;0;0;0;0;0;0;0;0;0;0;0;0;0;0;0;0;0;0;0;0;0;0;0;0;0;0;0;0;0;0;0;0;0;0;0;0;0;0;0;0;0;0;0;0;0;0;0;0;0;0;0;0;0;0;0;0;0;0;0;0;0;0;0;0;0;0;0;0;0;0;0;0;0;0;0;0;0;0;0;0;0;0;0;0;0;0;0;0;0;0;0;0;0;0;0;0;0;0;0;0;0;0;0;0;0;0;0;0;0;0;0;0;0;0;0;0;0;0;0;0;0;0;146475713888;24446530747;170922244635;146475713888;146475713888;14413553553;14413553553;18309464236;3082671858;21392136094;1804103114;1804103114;12590598867;2101348095;14691946962;12590598867;12590598867;1238944438;1238944438;12590598867;3340292533;15930891400;0;0;0;0;0;0;0;0;0;0;0;0;0;0;0;0;0;0;0;0;0;0;0;0;0;0;0;0;0;0;0;0;0;0;0;0;0;0;0;0;0;0;0;12800;0;0;0;11633736841000;0;0;0;0;0;0;4467354947040;0;0;0;4467354947040;384;0;11633736841000;0;0;0;0;0;0;0;0;0;0;0;4467354947040;0;0;0;4467354947040;384;0;11633736841000;0;0;0;0;0;11633736841000;21392136082;21392136082;1804103102;1804103102;12;12;12;12;36618928472;36618928472;9773549944;9773549944;46392478416;146475713888;146475713888;38860084300;38860084300;185335798188;0;0;23196239208;0;0;0;23196239208;0;0;0;0;23196239208;11633736841000;0;0;0;0;0;0;1;0;0;1
IO-S2-40;15385951;15385951346500;15385951346500;1000000000000;5526,59;2783986922;688792;15705530652;22239661008;2841813;4024121;1000;30771902722;0;0;15705530652;22239661008;7954208010;20633746371;0;6067750;168192123;7954208010;20633746371;0;7667461338;1214551025;32997382221;18275124930;0;0;0;0;945281409;603353823;7173267918;18;6453856222;4077127974;2376728248;0;30771902722;1;0;199325030;6033790;4573059945;1643255;17790;3039936558;0;32;0;0;0;0;0;586;0;4258105;24;259328;1377398;0;0;268;0;0;0;5059775280;0;8406240;800026;100990320;0;2989353280;0;4;0;0;0;0;0;0;0;0;0;0;0;0;0;0;82295678;18236655;3994832296;2358491593;0;0;22239768451;8000;4077128284;2376728253;2289019;6335661;15385951346500;0;24237772366;0;259;15385951346500;15385951346500;0;0;0;2671;500;1;0;0;0;0;0;0;0;0;0;0;0;0;0;0;0;0;0;0;0;0;0;0;0;0;0;0;0;0;0;0;0;0;0;0;0;0;0;0;0;0;0;0;0;0;0;0;0;0;0;0;0;0;0;0;0;0;0;0;0;0;0;0;0;0;0;0;0;0;0;0;0;0;0;0;0;0;0;0;0;0;0;0;0;0;0;0;0;0;0;0;0;0;0;0;0;0;0;0;0;0;0;0;0;0;0;0;0;0;0;0;0;0;0;0;0;0;0;0;0;0;0;0;0;0;0;0;0;0;0;0;0;0;0;193902178368;32347670531;226249848899;193902178368;193902178368;18992205401;18992205401;24237772296;4077128215;28314900511;2376623550;2376623550;12602547220;2102416016;14704963236;12602547220;12602547220;1234386160;1234386160;12602547220;3336802176;15939349396;0;0;0;0;0;0;0;0;0;0;0;0;0;0;0;0;0;0;0;0;0;0;0;0;0;0;0;0;0;0;0;0;0;0;0;0;0;0;0;0;0;0;0;12800;0;0;0;15385951346500;0;0;0;0;0;0;5908205317440;0;0;0;5908205317440;384;0;15385951346500;0;0;0;0;0;0;0;0;0;0;0;5908205317440;0;0;0;5908205317440;384;0;15385951346500;0;0;0;0;0;15385951346500;28314900499;28314900499;2376623538;2376623538;12;12;12;12;48475544592;48475544592;12907503530;12907503530;61383048122;193902178368;193902178368;51339875932;51339875932;245242054300;0;0;30691524061;0;0;0;30691524061;0;0;0;0;30691524061;15385951346500;0;0;0;0;0;0;1;0;0;1
IO-S2-50;19138166;19138166263500;19138166263500;1000000000000;6868,69;2786290095;688792;19537907231;27648158829;2844488;4025244;1000;38276332556;0;0;19537907231;27648158829;9838819491;25709263111;0;6270130;203239850;9838819491;25709263111;0;9472083128;1470944393;41135004541;22779068950;0;0;0;0;1143890039;729066879;8902006432;18;8020833102;5071584354;2949248748;0;38276332556;1;0;239782232;6221450;5654170042;2054049;21780;3786519788;0;32;0;0;0;0;0;586;0;5322265;24;323768;1721338;0;0;268;0;0;0;6300746480;0;8406240;1000026;125837120;0;3735088480;0;4;0;0;0;0;0;0;0;0;0;0;0;0;0;0;96699268;19216655;4974885086;2930032093;0;0;27648266842;8000;5071584734;2949248753;2812649;7867221;19138166263500;0;30166080958;0;259;19138166263500;19138166263500;0;0;0;3241;500;1;0;0;0;0;0;0;0;0;0;0;0;0;0;0;0;0;0;0;0;0;0;0;0;0;0;0;0;0;0;0;0;0;0;0;0;0;0;0;0;0;0;0;0;0;0;0;0;0;0;0;0;0;0;0;0;0;0;0;0;0;0;0;0;0;0;0;0;0;0;0;0;0;0;0;0;0;0;0;0;0;0;0;0;0;0;0;0;0;0;0;0;0;0;0;0;0;0;0;0;0;0;0;0;0;0;0;0;0;0;0;0;0;0;0;0;0;0;0;0;0;0;0;0;0;0;0;0;0;0;0;0;0;0;241328647104;40248810942;281577458046;241328647104;241328647104;23570857739;23570857739;30166080888;5071584665;35237665553;2949144050;2949144050;12609810354;2103065173;14712875527;12609810354;12609810354;1231615266;1231615266;12609810354;3334680439;15944490793;0;0;0;0;0;0;0;0;0;0;0;0;0;0;0;0;0;0;0;0;0;0;0;0;0;0;0;0;0;0;0;0;0;0;0;0;0;0;0;0;0;0;0;12800;0;0;0;19138166263500;0;0;0;0;0;0;7349055845280;0;0;0;7349055845280;384;0;19138166263500;0;0;0;0;0;0;0;0;0;0;0;7349055845280;0;0;0;7349055845280;384;0;19138166263500;0;0;0;0;0;19138166263500;35237665541;35237665541;2949144038;2949144038;12;12;12;12;60332161776;60332161776;16041457430;16041457430;76373619206;241328647104;241328647104;63819668681;63819668681;305148315785;0;0;38186809603;0;0;0;38186809603;0;0;0;0;38186809603;19138166263500;0;0;0;0;0;0;1;0;0;1
IO-S2-60;22890376;22890375590500;22890375590500;1000000000000;8229,31;2781566290;688788;23370278555;33056647330;2839883;4016940;1000;45780751210;0;0;23370278555;33056647330;11723421872;30784779851;0;6472246;238286993;11723421872;30784779851;0;11276692961;1727331254;49272626861;27283012970;0;0;0;0;1342494931;854777410;10630740577;18;9587807705;6066039399;3521768306;0;45780751210;1;0;280238388;6408934;6735273205;2464910;25770;4533103018;0;32;0;0;0;0;0;586;0;6386425;24;388208;2065278;0;0;268;0;0;0;7541717680;0;8406240;1200026;150683920;0;4480823680;0;4;0;0;0;0;0;0;0;0;0;0;0;0;0;0;111101523;20195713;5954937876;3501572593;0;0;33056755913;8000;6066039849;3521768311;3336279;9398781;22890375590500;0;36094382435;0;259;22890375590500;22890375590500;0;0;0;3811;500;1;0;0;0;0;0;0;0;0;0;0;0;0;0;0;0;0;0;0;0;0;0;0;0;0;0;0;0;0;0;0;0;0;0;0;0;0;0;0;0;0;0;0;0;0;0;0;0;0;0;0;0;0;0;0;0;0;0;0;0;0;0;0;0;0;0;0;0;0;0;0;0;0;0;0;0;0;0;0;0;0;0;0;0;0;0;0;0;0;0;0;0;0;0;0;0;0;0;0;0;0;0;0;0;0;0;0;0;0;0;0;0;0;0;0;0;0;0;0;0;0;0;0;0;0;0;0;0;0;0;0;0;0;0;288755058920;48149941012;336904999932;288755058920;288755058920;28149502456;28149502456;36094382365;6066039780;42160422145;3521663608;3521663608;12614692921;2103501571;14718194492;12614692921;12614692921;1229752755;1229752755;12614692921;3333254326;15947947247;0;0;0;0;0;0;0;0;0;0;0;0;0;0;0;0;0;0;0;0;0;0;0;0;0;0;0;0;0;0;0;0;0;0;0;0;0;0;0;0;0;0;0;12800;0;0;0;22890375590500;0;0;0;0;0;0;8789904227040;0;0;0;8789904227040;384;0;22890375590500;0;0;0;0;0;0;0;0;0;0;0;8789904227040;0;0;0;8789904227040;384;0;22890375590500;0;0;0;0;0;22890375590500;42160422133;42160422133;3521663596;3521663596;12;12;12;12;72188764730;72188764730;19175406776;19175406776;91364171506;288755058920;288755058920;76299443468;76299443468;365054502388;0;0;45682085753;0;0;0;45682085753;0;0;0;0;45682085753;22890375590500;0;0;0;0;0;0;1;0;0;1
IO-S2-70;26752768;26752768033000;26752768033000;1000000000000;9621,00;2780662908;688788;27312538148;38630161279;2838845;4015190;1000;53505536095;0;0;27312538148;38630161279;13680687936;36000670407;0;6675118;276739061;13680687936;36000670407;0;13153176498;2000754151;57608227804;31916627592;0;0;0;0;1560230308;992503656;12417210325;18;11204102514;7099108647;4104993867;0;53505536095;1;0;324902328;6596945;7849122922;2875791;29844;5306487836;0;32;0;0;0;0;0;586;0;7450689;24;452714;2409348;0;0;268;0;0;0;8830634120;0;12609360;1400038;176332280;0;5229765120;0;6;0;0;0;0;0;0;0;0;0;0;0;0;0;0;126808547;21177625;6972300100;4083816242;0;0;38630270437;8000;7099109176;4104993873;3910708;10930342;26752768033000;0;42187912964;0;259;26752768033000;26752768033000;0;0;0;4386;500;1;0;0;0;0;0;0;0;0;0;0;0;0;0;0;0;0;0;0;0;0;0;0;0;0;0;0;0;0;0;0;0;0;0;0;0;0;0;0;0;0;0;0;0;0;0;0;0;0;0;0;0;0;0;0;0;0;0;0;0;0;0;0;0;0;0;0;0;0;0;0;0;0;0;0;0;0;0;0;0;0;0;0;0;0;0;0;0;0;0;0;0;0;0;0;0;0;0;0;0;0;0;0;0;0;0;0;0;0;0;0;0;0;0;0;0;0;0;0;0;0;0;0;0;0;0;0;0;0;0;0;0;0;0;337503303152;56354777957;393858081109;337503303152;337503303152;32813792238;32813792238;42187912894;7099109107;49287022001;4104889170;4104889170;12615640473;2106502695;14722143168;12615640473;12615640473;1226556900;1226556900;12615640473;3333059595;15948700068;0;0;0;0;0;0;0;0;0;0;0;0;0;0;0;0;0;0;0;0;0;0;0;0;0;0;0;0;0;0;0;0;0;0;0;0;0;0;0;0;0;0;0;12800;0;0;0;26752768033000;0;0;0;0;0;0;10273062924960;0;0;0;10273062924960;384;0;26752768033000;0;0;0;0;0;0;0;0;0;0;0;10273062924960;0;0;0;10273062924960;384;0;26752768033000;0;0;0;0;0;26752768033000;49287021989;49287021989;4104889158;4104889158;12;12;12;12;84375825788;84375825788;22407996554;22407996554;106783822342;337503303152;337503303152;89168570195;89168570195;426671873347;0;0;53391911171;0;0;0;53391911171;0;0;0;0;53391911171;26752768033000;0;0;0;0;0;0;1;0;0;1
IO-S2-80;30504972;30504972017500;30504972017500;1000000000000;10978,41;2778633886;688788;31144904435;44038640804;2836924;4011387;1000;61009944064;0;0;31144904435;44038640804;15565281536;41076187147;0;6877000;311785605;15565281536;41076187147;0;14957774824;2257134683;65745850124;36420571612;0;0;0;0;1758831439;1118211631;14145940366;18;12771075005;8093562429;4677512576;0;61009944064;1;0;365357488;6784273;8930219331;3286698;33834;6053071066;0;32;0;0;0;0;0;586;0;8514849;24;517154;2753288;0;0;268;0;0;0;10071605320;0;12609360;1600038;201179080;0;5975500320;0;6;0;0;0;0;0;0;0;0;0;0;0;0;0;0;141209539;22155834;7952352890;4655356742;0;0;44038750532;8000;8093563028;4677512582;4434338;12461902;30504972017500;0;48116207695;0;259;30504972017500;30504972017500;0;0;0;4956;500;1;0;0;0;0;0;0;0;0;0;0;0;0;0;0;0;0;0;0;0;0;0;0;0;0;0;0;0;0;0;0;0;0;0;0;0;0;0;0;0;0;0;0;0;0;0;0;0;0;0;0;0;0;0;0;0;0;0;0;0;0;0;0;0;0;0;0;0;0;0;0;0;0;0;0;0;0;0;0;0;0;0;0;0;0;0;0;0;0;0;0;0;0;0;0;0;0;0;0;0;0;0;0;0;0;0;0;0;0;0;0;0;0;0;0;0;0;0;0;0;0;0;0;0;0;0;0;0;0;0;0;0;0;0;384929661000;64255898575;449185559575;384929661000;384929661000;37392430184;37392430184;48116207625;8093562959;56209770584;4677407879;4677407879;12618587579;2106407393;14724994972;12618587579;12618587579;1225781494;1225781494;12618587579;3332188887;15950776466;0;0;0;0;0;0;0;0;0;0;0;0;0;0;0;0;0;0;0;0;0;0;0;0;0;0;0;0;0;0;0;0;0;0;0;0;0;0;0;0;0;0;0;12800;0;0;0;30504972017500;0;0;0;0;0;0;11713909254720;0;0;0;11713909254720;384;0;30504972017500;0;0;0;0;0;0;0;0;0;0;0;11713909254720;0;0;0;11713909254720;384;0;30504972017500;0;0;0;0;0;30504972017500;56209770572;56209770572;4677407867;4677407867;12;12;12;12;96232415250;96232415250;25541941676;25541941676;121774356926;384929661000;384929661000;101648328759;101648328759;486577989759;0;0;60887178463;0;0;0;60887178463;0;0;0;0;60887178463;30504972017500;0;0;0;0;0;0;1;0;0;1
IO-S2-90;34257181;34257181016500;34257181016500;1000000000000;12298,67;2785438304;688792;34977275507;49447128870;2843989;4020527;1000;68514362062;0;0;34977275507;49447128870;17449883512;46151703887;0;7079080;346832749;17449883512;46151703887;0;16762384223;2513521353;73883472444;40924515632;0;0;0;0;1957436266;1243922225;15874674136;18;14338049401;9088017372;5250032029;0;68514362062;1;0;405813560;6971733;10011322259;3697590;37824;6799654296;0;32;0;0;0;0;0;586;0;9579009;24;581594;3097228;0;0;268;0;0;0;11312576520;0;12609360;1800038;226025880;0;6721235520;0;6;0;0;0;0;0;0;0;0;0;0;0;0;0;0;155611692;23134787;8932405680;5226897242;0;0;49447239168;8000;9088018041;5250032035;4957968;13993462;34257181016500;0;54044508699;0;259;34257181016500;34257181016500;0;0;0;5526;500;1;0;0;0;0;0;0;0;0;0;0;0;0;0;0;0;0;0;0;0;0;0;0;0;0;0;0;0;0;0;0;0;0;0;0;0;0;0;0;0;0;0;0;0;0;0;0;0;0;0;0;0;0;0;0;0;0;0;0;0;0;0;0;0;0;0;0;0;0;0;0;0;0;0;0;0;0;0;0;0;0;0;0;0;0;0;0;0;0;0;0;0;0;0;0;0;0;0;0;0;0;0;0;0;0;0;0;0;0;0;0;0;0;0;0;0;0;0;0;0;0;0;0;0;0;0;0;0;0;0;0;0;0;0;432356069032;72157027287;504513096319;432356069032;432356069032;41971073890;41971073890;54044508629;9088017972;63132526601;5249927332;5249927332;12620888707;2106332896;14727221603;12620888707;12620888707;1225175938;1225175938;12620888707;3331508834;15952397541;0;0;0;0;0;0;0;0;0;0;0;0;0;0;0;0;0;0;0;0;0;0;0;0;0;0;0;0;0;0;0;0;0;0;0;0;0;0;0;0;0;0;0;12800;0;0;0;34257181016500;0;0;0;0;0;0;13154757510720;0;0;0;13154757510720;384;0;34257181016500;0;0;0;0;0;0;0;0;0;0;0;13154757510720;0;0;0;13154757510720;384;0;34257181016500;0;0;0;0;0;34257181016500;63132526589;63132526589;5249927320;5249927320;12;12;12;12;108089017258;108089017258;28675890608;28675890608;136764907866;432356069032;432356069032;114128101177;114128101177;546484170209;0;0;68382453933;0;0;0;68382453933;0;0;0;0;68382453933;34257181016500;0;0;0;0;0;0;1;0;0;1
IO-S2-100;38009397;38009397272000;38009397272000;1000000000000;13801,65;2753975441;688788;38809653351;54855628968;2811958;3974571;1000;76018794573;0;0;38809653351;54855628968;19334497225;51227220627;0;7281514;381880641;19334497225;51227220627;0;18567008893;2769916328;82021094764;45428459652;0;0;0;0;2156045911;1369635962;17603413672;18;15905026793;10082474062;5822552731;0;76018794573;1;0;446271017;7159429;11092434094;4108375;41814;7546237526;0;32;0;0;0;0;0;586;0;10643169;24;646034;3441168;0;0;268;0;0;0;12553547720;0;12609360;2000038;250872680;0;7466970720;0;6;0;0;0;0;0;0;0;0;0;0;0;0;0;0;170015592;24114989;9912458470;5798437742;0;0;54855739836;8000;10082474800;5822552737;5481598;15525022;38009397272000;0;59972818956;0;259;38009397272000;38009397272000;0;0;0;6096;500;1;0;0;0;0;0;0;0;0;0;0;0;0;0;0;0;0;0;0;0;0;0;0;0;0;0;0;0;0;0;0;0;0;0;0;0;0;0;0;0;0;0;0;0;0;0;0;0;0;0;0;0;0;0;0;0;0;0;0;0;0;0;0;0;0;0;0;0;0;0;0;0;0;0;0;0;0;0;0;0;0;0;0;0;0;0;0;0;0;0;0;0;0;0;0;0;0;0;0;0;0;0;0;0;0;0;0;0;0;0;0;0;0;0;0;0;0;0;0;0;0;0;0;0;0;0;0;0;0;0;0;0;0;0;479782551088;80058169929;559840721017;479782551088;479782551088;46549727811;46549727811;59972818886;10082474731;70055293617;5822448034;5822448034;12622735048;2106273071;14729008119;12622735048;12622735048;1224689975;1224689975;12622735048;3330963047;15953698094;0;0;0;0;0;0;0;0;0;0;0;0;0;0;0;0;0;0;0;0;0;0;0;0;0;0;0;0;0;0;0;0;0;0;0;0;0;0;0;0;0;0;0;12800;0;0;0;38009397272000;0;0;0;0;0;0;14595608552640;0;0;0;14595608552640;384;0;38009397272000;0;0;0;0;0;0;0;0;0;0;0;14595608552640;0;0;0;14595608552640;384;0;38009397272000;0;0;0;0;0;38009397272000;70055293605;70055293605;5822448022;5822448022;12;12;12;12;119945637772;119945637772;31809845530;31809845530;151755483302;479782551088;479782551088;126607897740;126607897740;606390448828;0;0;75877741651;0;0;0;75877741651;0;0;0;0;75877741651;38009397272000;0;0;0;0;0;0;1;0;0;1
IO-S2-200;75751798;75751798044000;75751798044000;1000000000000;27554,02;2749209949;688792;77353087618;109270466480;2807324;3965681;1000;151503596117;0;0;77353087618;109270466480;38325752167;102263135659;0;9301594;739155516;38325752167;102263135659;0;36756727457;5367787547;163793275210;90727241056;0;0;0;0;4180315342;2650744719;35006181383;18;31673390052;20104239170;11569150882;0;151503596117;1;0;859237264;9033595;21968884870;8217504;81882;15065673002;0;32;0;0;0;0;0;586;0;21284977;24;1290566;6880828;0;0;268;0;0;0;25059150200;0;21015600;4000062;500943800;0;14930735200;0;10;0;0;0;0;0;0;0;0;0;0;0;0;0;0;316633932;33901842;19787605238;11535249040;0;0;109270583058;8000;20104240626;11569150890;10819496;30840624;75751798044000;0;119586217255;0;259;75751798044000;75751798044000;0;0;0;11806;500;1;0;0;0;0;0;0;0;0;0;0;0;0;0;0;0;0;0;0;0;0;0;0;0;0;0;0;0;0;0;0;0;0;0;0;0;0;0;0;0;0;0;0;0;0;0;0;0;0;0;0;0;0;0;0;0;0;0;0;0;0;0;0;0;0;0;0;0;0;0;0;0;0;0;0;0;0;0;0;0;0;0;0;0;0;0;0;0;0;0;0;0;0;0;0;0;0;0;0;0;0;0;0;0;0;0;0;0;0;0;0;0;0;0;0;0;0;0;0;0;0;0;0;0;0;0;0;0;0;0;0;0;0;0;956689737480;159676780398;1116366517878;956689737480;956689737480;92507390090;92507390090;119586217185;20104240557;139690457742;11569046187;11569046187;12629267716;2107894262;14737161978;12629267716;12629267716;1221190684;1221190684;12629267716;3329084946;15958352662;0;0;0;0;0;0;0;0;0;0;0;0;0;0;0;0;0;0;0;0;0;0;0;0;0;0;0;0;0;0;0;0;0;0;0;0;0;0;0;0;0;0;0;12800;0;0;0;75751798044000;0;0;0;0;0;0;29088690449280;0;0;0;29088690449280;384;0;75751798044000;0;0;0;0;0;0;0;0;0;0;0;29088690449280;0;0;0;29088690449280;384;0;75751798044000;0;0;0;0;0;75751798044000;139690457730;139690457730;11569046175;11569046175;12;12;12;12;239172434370;239172434370;63346573488;63346573488;302519007858;956689737480;956689737480;252184170488;252184170488;1208873907968;0;0;151259503929;0;0;0;151259503929;0;0;0;0;151259503929;75751798044000;0;0;0;0;0;0;1;0;0;1
IO-S2-300;11338386;113383860296000;113383860296000;1000000000000;40855,58;2775235693;688788;115786494510;163520035639;2834044;4002392;1000;226767720621;0;0;115786494510;163520035639;57244109057;153158676875;0;11310670;1093014755;57244109057;153158676875;0;54874274335;7948468755;245367477033;135896351858;0;0;0;0;6185374674;3919796399;52351075893;18;47392359641;30087350334;17305009307;0;226767720621;1;0;1267963662;10900404;32812420895;12332185;121880;22558306890;0;32;0;0;0;0;0;586;0;31926681;24;1935032;10320358;0;0;268;0;0;0;37516807440;0;25218720;6000074;750213360;0;22391293440;0;12;0;0;0;0;0;0;0;0;0;0;0;0;0;0;461907762;43652118;29625442572;17261357189;0;0;163520157922;8000;30087352499;17305009316;16106595;46156225;113383860296000;0;179034179492;0;259;113383860296000;113383860296000;0;0;0;17511;500;1;0;0;0;0;0;0;0;0;0;0;0;0;0;0;0;0;0;0;0;0;0;0;0;0;0;0;0;0;0;0;0;0;0;0;0;0;0;0;0;0;0;0;0;0;0;0;0;0;0;0;0;0;0;0;0;0;0;0;0;0;0;0;0;0;0;0;0;0;0;0;0;0;0;0;0;0;0;0;0;0;0;0;0;0;0;0;0;0;0;0;0;0;0;0;0;0;0;0;0;0;0;0;0;0;0;0;0;0;0;0;0;0;0;0;0;0;0;0;0;0;0;0;0;0;0;0;0;0;0;0;0;0;0;1432273435376;238991295627;1671264731003;1432273435376;1432273435376;138379113950;138379113950;179034179422;30087352430;209121531852;17304904613;17304904613;12632075073;2107807011;14739882084;12632075073;12632075073;1220448074;1220448074;12632075073;3328255085;15960330158;0;0;0;0;0;0;0;0;0;0;0;0;0;0;0;0;0;0;0;0;0;0;0;0;0;0;0;0;0;0;0;0;0;0;0;0;0;0;0;0;0;0;0;12800;0;0;0;113383860296000;0;0;0;0;0;0;43539402353760;0;0;0;43539402353760;384;0;113383860296000;0;0;0;0;0;0;0;0;0;0;0;43539402353760;0;0;0;43539402353760;384;0;113383860296000;0;0;0;0;0;113383860296000;209121531840;209121531840;17304904601;17304904601;12;12;12;12;358068358844;358068358844;94784514086;94784514086;452852872930;1432273435376;1432273435376;377370409577;377370409577;1809643844953;0;0;226426436465;0;0;0;226426436465;0;0;0;0;226426436465;113383860296000;0;0;0;0;0;0;1;0;0;1
IO-S2-400;151126136;151126136067000;151126136067000;1000000000000;54182,22;2789220275;688792;154329819636;217934684254;2848348;4022255;1000;302252272163;0;0;154329819636;217934684254;76235183006;204194591907;0;13321270;1450283384;76235183006;204194591907;0;73063766613;10546226888;327139657479;181195133262;0;0;0;0;8209590572;5200883848;69753726329;18;63160659463;40109082339;23051577124;0;302252272163;1;0;1680902988;12768248;43688746531;16447330;161934;30077742366;0;32;0;0;0;0;0;586;0;42568489;24;2579564;13760018;0;0;268;0;0;0;50022409920;0;33624960;8000098;1000284480;0;29855057920;0;16;0;0;0;0;0;0;0;0;0;0;0;0;0;0;608492999;53408637;39500589340;22998168487;0;0;217934812247;8000;40109085222;23051577135;21444493;61471827;151126136067000;0;238647407545;0;259;151126136067000;151126136067000;0;0;0;23221;500;1;0;0;0;0;0;0;0;0;0;0;0;0;0;0;0;0;0;0;0;0;0;0;0;0;0;0;0;0;0;0;0;0;0;0;0;0;0;0;0;0;0;0;0;0;0;0;0;0;0;0;0;0;0;0;0;0;0;0;0;0;0;0;0;0;0;0;0;0;0;0;0;0;0;0;0;0;0;0;0;0;0;0;0;0;0;0;0;0;0;0;0;0;0;0;0;0;0;0;0;0;0;0;0;0;0;0;0;0;0;0;0;0;0;0;0;0;0;0;0;0;0;0;0;0;0;0;0;0;0;0;0;0;0;1909179259800;318609552393;2227788812193;1909179259800;1909179259800;184336505681;184336505681;238647407475;40109085153;278756492628;23051472432;23051472432;12633018414;2108235946;14741254360;12633018414;12633018414;1219752655;1219752655;12633018414;3327988601;15961007015;0;0;0;0;0;0;0;0;0;0;0;0;0;0;0;0;0;0;0;0;0;0;0;0;0;0;0;0;0;0;0;0;0;0;0;0;0;0;0;0;0;0;0;12800;0;0;0;151126136067000;0;0;0;0;0;0;58032436249920;0;0;0;58032436249920;384;0;151126136067000;0;0;0;0;0;0;0;0;0;0;0;58032436249920;0;0;0;58032436249920;384;0;151126136067000;0;0;0;0;0;151126136067000;278756492616;278756492616;23051472420;23051472420;12;12;12;12;477294814950;477294814950;126321115170;126321115170;603615930120;1909179259800;1909179259800;502946058074;502946058074;2412125317874;0;0;301807965060;0;0;0;301807965060;0;0;0;0;301807965060;151126136067000;0;0;0;0;0;0;1;0;0;1
IO-S2-500;188758233;188758233012500;188758233012500;1000000000000;67634,92;2790840037;688792;192763260765;272184314724;2850055;4024317;1000;377516466054;0;0;192763260765;272184314724;95153600448;255090133123;0;15331264;1804147534;95153600448;255090133123;0;91181395542;13126954483;408713859302;226364244064;0;0;0;0;10214678780;6469958055;87098644044;18;78879640569;50092201008;28787439561;0;377516466054;1;0;2089635227;14635666;54532331270;20562503;201911;37570376254;0;32;0;0;0;0;0;586;0;53210193;24;3224030;17199548;0;0;268;0;0;0;62480067160;0;37828080;10000110;1249554040;0;37315616160;0;18;0;0;0;0;0;0;0;0;0;0;0;0;0;0;753774334;63162925;49338426674;28724276636;0;0;272184448422;8000;50092204600;28787439573;26731592;76787428;188758233012500;0;298095412095;0;259;188758233012500;188758233012500;0;0;0;28926;500;1;0;0;0;0;0;0;0;0;0;0;0;0;0;0;0;0;0;0;0;0;0;0;0;0;0;0;0;0;0;0;0;0;0;0;0;0;0;0;0;0;0;0;0;0;0;0;0;0;0;0;0;0;0;0;0;0;0;0;0;0;0;0;0;0;0;0;0;0;0;0;0;0;0;0;0;0;0;0;0;0;0;0;0;0;0;0;0;0;0;0;0;0;0;0;0;0;0;0;0;0;0;0;0;0;0;0;0;0;0;0;0;0;0;0;0;0;0;0;0;0;0;0;0;0;0;0;0;0;0;0;0;0;0;2384763296200;397924108223;2782687404423;2384763296200;2384763296200;230208256776;230208256776;298095412025;50092204531;348187616556;28787334870;28787334870;12633956454;2108115243;14742071697;12633956454;12633956454;1219593197;1219593197;12633956454;3327708439;15961664893;0;0;0;0;0;0;0;0;0;0;0;0;0;0;0;0;0;0;0;0;0;0;0;0;0;0;0;0;0;0;0;0;0;0;0;0;0;0;0;0;0;0;0;12800;0;0;0;188758233012500;0;0;0;0;0;0;72483161476800;0;0;0;72483161476800;384;0;188758233012500;0;0;0;0;0;0;0;0;0;0;0;72483161476800;0;0;0;72483161476800;384;0;188758233012500;0;0;0;0;0;188758233012500;348187616544;348187616544;28787334858;28787334858;12;12;12;12;596190824050;596190824050;157759078802;157759078802;753949902852;2384763296200;2384763296200;628132364999;628132364999;3012895661199;0;0;376974951426;0;0;0;376974951426;0;0;0;0;376974951426;188758233012500;0;0;0;0;0;0;1;0;0;1
IO-S2-600;226500515;226500515467000;226500515467000;1000000000000;81160,63;2790768386;688788;231306592256;326598974707;2849985;4024106;1000;453001030963;0;0;231306592256;326598974707;114144685534;306126048155;0;17342134;2161416948;114144685534;306126048155;0;109370902609;15724720804;490486039748;271663025468;0;0;0;0;12238899534;7751048926;104501299467;18;94647942950;60113934562;34534008388;0;453001030963;1;0;2502575770;16503693;65408665538;24677621;241986;45089811730;0;32;0;0;0;0;0;586;0;63852001;24;3868562;20639208;0;0;268;0;0;0;74985669640;0;46234320;12000134;1499625160;0;44779380640;0;22;0;0;0;0;0;0;0;0;0;0;0;0;0;0;900361120;72920454;59213573442;34461087934;0;0;326599114115;8000;60113938872;34534008402;32069490;92103030;226500515467000;0;357708648512;0;259;226500515467000;226500515467000;0;0;0;34636;500;1;0;0;0;0;0;0;0;0;0;0;0;0;0;0;0;0;0;0;0;0;0;0;0;0;0;0;0;0;0;0;0;0;0;0;0;0;0;0;0;0;0;0;0;0;0;0;0;0;0;0;0;0;0;0;0;0;0;0;0;0;0;0;0;0;0;0;0;0;0;0;0;0;0;0;0;0;0;0;0;0;0;0;0;0;0;0;0;0;0;0;0;0;0;0;0;0;0;0;0;0;0;0;0;0;0;0;0;0;0;0;0;0;0;0;0;0;0;0;0;0;0;0;0;0;0;0;0;0;0;0;0;0;0;2861669187536;477542376023;3339211563559;2861669187536;2861669187536;276165656391;276165656391;357708648442;60113938803;417822587245;34533903699;34533903699;12634272296;2108350063;14742622359;12634272296;12634272296;1219271646;1219271646;12634272296;3327621709;15961894005;0;0;0;0;0;0;0;0;0;0;0;0;0;0;0;0;0;0;0;0;0;0;0;0;0;0;0;0;0;0;0;0;0;0;0;0;0;0;0;0;0;0;0;12800;0;0;0;226500515467000;0;0;0;0;0;0;86976197939520;0;0;0;86976197939520;384;0;226500515467000;0;0;0;0;0;0;0;0;0;0;0;86976197939520;0;0;0;86976197939520;384;0;226500515467000;0;0;0;0;0;226500515467000;417822587233;417822587233;34533903687;34533903687;12;12;12;12;715417296884;715417296884;189295685004;189295685004;904712981888;2861669187536;2861669187536;753708032414;753708032414;3615377219950;0;0;452356490944;0;0;0;452356490944;0;0;0;0;452356490944;226500515467000;0;0;0;0;0;0;1;0;0;1
IO-S2-700;264132596;264132596365000;264132596365000;1000000000000;94913,97;2782863137;688788;269740018075;380848578236;2841942;4012566;1000;528265192759;0;0;269740018075;380848578236;133063076601;357021589371;0;19351444;2515279363;133063076601;357021589371;0;127488496183;18305429209;572060241571;316832136270;0;0;0;0;14243976790;9020115208;121846205139;18;110366917847;70097049561;40269868286;0;528265192759;1;0;2911305094;18370657;76252229906;28792873;281977;52582445618;0;32;0;0;0;0;0;586;0;74493705;24;4513028;24078738;0;0;268;0;0;0;87443326880;0;50437440;14000146;1748894720;0;52239938880;0;24;0;0;0;0;0;0;0;0;0;0;0;0;0;0;1045638785;82672203;69051410776;40187196083;0;0;380848723349;8000;70097054580;40269868301;37356589;107418631;264132596365000;0;417156632598;0;259;264132596365000;264132596365000;0;0;0;40341;500;1;0;0;0;0;0;0;0;0;0;0;0;0;0;0;0;0;0;0;0;0;0;0;0;0;0;0;0;0;0;0;0;0;0;0;0;0;0;0;0;0;0;0;0;0;0;0;0;0;0;0;0;0;0;0;0;0;0;0;0;0;0;0;0;0;0;0;0;0;0;0;0;0;0;0;0;0;0;0;0;0;0;0;0;0;0;0;0;0;0;0;0;0;0;0;0;0;0;0;0;0;0;0;0;0;0;0;0;0;0;0;0;0;0;0;0;0;0;0;0;0;0;0;0;0;0;0;0;0;0;0;0;0;0;3337253060224;556856904526;3894109964750;3337253060224;3337253060224;322037387655;322037387655;417156632528;70097054511;487253687039;40269763598;40269763598;12634764153;2108247570;14743011723;12634764153;12634764153;1219226222;1219226222;12634764153;3327473793;15962237946;0;0;0;0;0;0;0;0;0;0;0;0;0;0;0;0;0;0;0;0;0;0;0;0;0;0;0;0;0;0;0;0;0;0;0;0;0;0;0;0;0;0;0;12800;0;0;0;264132596365000;0;0;0;0;0;0;101426917004160;0;0;0;101426917004160;384;0;264132596365000;0;0;0;0;0;0;0;0;0;0;0;101426917004160;0;0;0;101426917004160;384;0;264132596365000;0;0;0;0;0;264132596365000;487253687027;487253687027;40269763586;40269763586;12;12;12;12;834313265056;834313265056;220733636218;220733636218;1055046901274;3337253060224;3337253060224;878894292181;878894292181;4216147352405;0;0;527523450637;0;0;0;527523450637;0;0;0;0;527523450637;264132596365000;0;0;0;0;0;0;1;0;0;1
IO-S2-800;301874865;301874864935000;301874864935000;1000000000000;108393,08;2785001180;688788;308283336319;435263214652;2844124;4015600;1000;603749729899;0;0;308283336319;435263214652;152054138586;408057504403;0;21361750;2872547163;152054138586;408057504403;0;145677972665;20903178661;653832422017;362130917674;0;0;0;0;16268187535;10301198965;139248850195;18;126135214913;80118779900;46016435013;0;603749729899;1;0;3324243113;20238310;87128546230;32908043;322066;60101881094;0;32;0;0;0;0;0;586;0;85135513;24;5157560;27518398;0;0;268;0;0;0;99948929360;0;58843680;16000170;1998965840;0;59703703360;0;28;0;0;0;0;0;0;0;0;0;0;0;0;0;0;1192222356;92427632;78926557544;45924007381;0;0;435263365475;8000;80118785637;46016435030;42694487;122734233;301874864935000;0;476769851566;0;259;301874864935000;301874864935000;0;0;0;46051;500;1;0;0;0;0;0;0;0;0;0;0;0;0;0;0;0;0;0;0;0;0;0;0;0;0;0;0;0;0;0;0;0;0;0;0;0;0;0;0;0;0;0;0;0;0;0;0;0;0;0;0;0;0;0;0;0;0;0;0;0;0;0;0;0;0;0;0;0;0;0;0;0;0;0;0;0;0;0;0;0;0;0;0;0;0;0;0;0;0;0;0;0;0;0;0;0;0;0;0;0;0;0;0;0;0;0;0;0;0;0;0;0;0;0;0;0;0;0;0;0;0;0;0;0;0;0;0;0;0;0;0;0;0;0;3814158811968;636475149434;4450633961402;3814158811968;3814158811968;367994770928;367994770928;476769851496;80118785568;556888637064;46016330327;46016330327;12634900268;2108407235;14743307504;12634900268;12634900268;1219030842;1219030842;12634900268;3327438078;15962338346;0;0;0;0;0;0;0;0;0;0;0;0;0;0;0;0;0;0;0;0;0;0;0;0;0;0;0;0;0;0;0;0;0;0;0;0;0;0;0;0;0;0;0;12800;0;0;0;301874864935000;0;0;0;0;0;0;115919948135040;0;0;0;115919948135040;384;0;301874864935000;0;0;0;0;0;0;0;0;0;0;0;115919948135040;0;0;0;115919948135040;384;0;301874864935000;0;0;0;0;0;301874864935000;556888637052;556888637052;46016330315;46016330315;12;12;12;12;953539702992;953539702992;252270231790;252270231790;1205809934782;3814158811968;3814158811968;1004469920362;1004469920362;4818628732330;0;0;602904967391;0;0;0;602904967391;0;0;0;0;602904967391;301874864935000;0;0;0;0;0;0;1;0;0;1
IO-S2-900;339617129;339617128604000;339617128604000;1000000000000;122021,20;2783263354;688788;346826649808;489677842411;2842348;4013056;1000;679234257237;0;0;346826649808;489677842411;171045192038;459093419435;0;23371912;3229814256;171045192038;459093419435;0;163867437866;23500921643;735604602463;407429699078;0;0;0;0;18292394115;11582279680;156651491837;18;141903510279;90140509129;51763001150;0;679234257237;1;0;3737180273;22105865;98004855747;37023175;362141;67621316570;0;32;0;0;0;0;0;586;0;95777321;24;5802092;30958058;0;0;268;0;0;0;112454531840;0;67249920;18000194;2249036960;0;67167467840;0;32;0;0;0;0;0;0;0;0;0;0;0;0;0;0;1338804817;102182471;88801704312;51660818679;0;0;489677998944;8000;90140515584;51763001169;48032385;138049835;339617128604000;0;536383064634;0;259;339617128604000;339617128604000;0;0;0;51761;500;1;0;0;0;0;0;0;0;0;0;0;0;0;0;0;0;0;0;0;0;0;0;0;0;0;0;0;0;0;0;0;0;0;0;0;0;0;0;0;0;0;0;0;0;0;0;0;0;0;0;0;0;0;0;0;0;0;0;0;0;0;0;0;0;0;0;0;0;0;0;0;0;0;0;0;0;0;0;0;0;0;0;0;0;0;0;0;0;0;0;0;0;0;0;0;0;0;0;0;0;0;0;0;0;0;0;0;0;0;0;0;0;0;0;0;0;0;0;0;0;0;0;0;0;0;0;0;0;0;0;0;0;0;0;4291064516512;716093388080;5007157904592;4291064516512;4291064516512;413952149963;413952149963;536383064564;90140515515;626523580079;51762896466;51762896466;12635006173;2108531425;14743537598;12635006173;12635006173;1218878894;1218878894;12635006173;3327410318;15962416492;0;0;0;0;0;0;0;0;0;0;0;0;0;0;0;0;0;0;0;0;0;0;0;0;0;0;0;0;0;0;0;0;0;0;0;0;0;0;0;0;0;0;0;12800;0;0;0;339617128604000;0;0;0;0;0;0;130412977384320;0;0;0;130412977384320;384;0;339617128604000;0;0;0;0;0;0;0;0;0;0;0;130412977384320;0;0;0;130412977384320;384;0;339617128604000;0;0;0;0;0;339617128604000;626523580067;626523580067;51762896454;51762896454;12;12;12;12;1072766129128;1072766129128;283806823962;283806823962;1356572953090;4291064516512;4291064516512;1130045538043;1130045538043;5421110054555;0;0;678286476545;0;0;0;678286476545;0;0;0;0;678286476545;339617128604000;0;0;0;0;0;0;1;0;0;1
IO-S2-1000;377249218;377249218340500;377249218340500;1000000000000;135360,84;2786989331;688788;385260083248;543927459609;2846171;4018352;1000;754498436710;0;0;385260083248;543927459609;189963596234;509988960651;0;25381870;3583677289;189963596234;509988960651;0;181985046973;26081638227;817178804286;452598809880;0;0;0;0;20297476027;12851347673;173996405913;18;157622489666;100123626577;57498863089;0;754498436710;1;0;4145911554;23973261;108848429303;41137986;402132;75113950458;0;32;0;0;0;0;0;586;0;106419025;24;6446558;34397588;0;0;268;0;0;0;124912189080;0;71453040;20000206;2498306520;0;74628026080;0;34;0;0;0;0;0;0;0;0;0;0;0;0;0;0;1484084931;111936261;98639541646;57386926828;0;0;543927621847;8000;100123633742;57498863109;53319484;153365436;377249218340500;0;595831060349;0;259;377249218340500;377249218340500;0;0;0;57466;500;1;0;0;0;0;0;0;0;0;0;0;0;0;0;0;0;0;0;0;0;0;0;0;0;0;0;0;0;0;0;0;0;0;0;0;0;0;0;0;0;0;0;0;0;0;0;0;0;0;0;0;0;0;0;0;0;0;0;0;0;0;0;0;0;0;0;0;0;0;0;0;0;0;0;0;0;0;0;0;0;0;0;0;0;0;0;0;0;0;0;0;0;0;0;0;0;0;0;0;0;0;0;0;0;0;0;0;0;0;0;0;0;0;0;0;0;0;0;0;0;0;0;0;0;0;0;0;0;0;0;0;0;0;0;4766648482232;795407941052;5562056423284;4766648482232;4766648482232;459823899685;459823899685;595831060279;100123633673;695954693952;57498758406;57498758406;12635277293;2108441588;14743718881;12635277293;12635277293;1218886289;1218886289;12635277293;3327327877;15962605170;0;0;0;0;0;0;0;0;0;0;0;0;0;0;0;0;0;0;0;0;0;0;0;0;0;0;0;0;0;0;0;0;0;0;0;0;0;0;0;0;0;0;0;12800;0;0;0;377249218340500;0;0;0;0;0;0;144863699843040;0;0;0;144863699843040;384;0;377249218340500;0;0;0;0;0;0;0;0;0;0;0;144863699843040;0;0;0;144863699843040;384;0;377249218340500;0;0;0;0;0;377249218340500;695954693940;695954693940;57498758394;57498758394;12;12;12;12;1191662120558;1191662120558;315244784158;315244784158;1506906904716;4766648482232;4766648482232;1255231840737;1255231840737;6021880322969;0;0;753453452358;0;0;0;753453452358;0;0;0;0;753453452358;377249218340500;0;0;0;0;0;0;1;0;0;1
IO-S2-2000;754231204;754231203538500;754231203538500;1000000000000;271135,06;2781754646;689812;770253780548;1087413728470;2840849;4010598;1000;1508462407106;0;0;770253780548;1087413728470;379583572781;1019786618650;0;45481922;7142712009;379583572781;1019786618650;0;363592524736;51991071238;1634108696557;905067943126;0;0;0;0;40462957744;25614123779;347791919551;18;315108218129;200186479739;114921738390;0;1508462407106;1;0;8258450186;42643123;217480539948;82315215;815272;150201099116;0;32;0;0;0;0;0;586;0;212836661;24;12891608;68794065;0;0;268;0;0;0;249776432920;0;138702960;40000396;4995811480;0;149252845920;0;66;0;0;0;0;0;0;0;0;0;0;0;0;0;0;2944707375;209509838;197241772364;114712228552;0;0;1087413947789;8000;200186494052;114921738435;106495273;306521456;754231203538500;0;1191302459184;0;261;754231203538500;754231203538500;0;0;0;114546;500;1;0;0;0;0;0;0;0;0;0;0;0;0;0;0;0;0;0;0;0;0;0;0;0;0;0;0;0;0;0;0;0;0;0;0;0;0;0;0;0;0;0;0;0;0;0;0;0;0;0;0;0;0;0;0;0;0;0;0;0;0;0;0;0;0;0;0;0;0;0;0;0;0;0;0;0;0;0;0;0;0;0;0;0;0;0;0;0;0;0;0;0;0;0;0;0;0;0;0;0;0;0;0;0;0;0;0;0;0;0;0;0;0;0;0;0;0;0;0;0;0;0;0;0;0;0;0;0;0;0;0;0;0;0;9530419672904;1590375969094;11120795641998;9530419672904;9530419672904;919055486295;919055486295;1191302459113;200186493982;1391488953095;114921633732;114921633732;12635939256;2108605374;14744544630;12635939256;12635939256;1218532834;1218532834;12635939256;3327138209;15963077465;0;0;0;0;0;0;0;0;0;0;0;0;0;0;0;0;0;0;0;0;0;0;0;0;0;0;0;0;0;0;0;0;0;0;0;0;0;0;0;0;0;0;0;12800;0;0;0;754231203538500;0;0;0;0;0;0;289624782158880;0;0;0;289624782158880;384;0;754231203538500;0;0;0;0;0;0;0;0;0;0;0;289624782158880;0;0;0;289624782158880;384;0;754231203538500;0;0;0;0;0;754231203538500;1391488953083;1391488953083;114921633720;114921633720;12;12;12;12;2382604918226;2382604918226;630216255428;630216255428;3012821173654;9530419672904;9530419672904;2509431455389;2509431455389;12039851128293;0;0;1506410586827;0;0;0;1506410586827;0;0;0;0;1506410586827;754231203538500;0;0;0;0;0;0;1;0;0;1
IO-S3-10;4830448;4830448398000;4830448398000;1000000000000;2157,80;2238597659;688788;4828784748;7196590670;2237827;3335150;1000;9660896825;0;0;4828784748;7196590670;3432944248;5446972371;0;25984504;146288122;3432944248;5446972371;0;3761395908;1269122310;8654397381;4798245810;0;0;0;0;970444214;574294009;2485031406;18;1999287621;1239789184;759498437;0;9660896825;1;0;204200493;24373676;2217132906;1267748;400823;801766908;0;32;0;0;0;0;0;586;0;7415485;24;6445568;14595638;0;0;268;0;0;0;1336861680;0;8406240;200026;26449920;0;752147680;0;4;0;0;0;0;0;0;0;0;0;0;0;0;0;0;180291978;113994844;1059497206;645503593;0;0;7196752833;8000;1239796214;759498442;718009;1740971;4830448398000;0;7293090903;0;259;4830448398000;4830448398000;0;0;0;57391;500;1;0;0;0;0;0;0;0;0;0;0;0;0;0;0;0;0;0;0;0;0;0;0;0;0;0;0;0;0;0;0;0;0;0;0;0;0;0;0;0;0;0;0;0;0;0;0;0;0;0;0;0;0;0;0;0;0;0;0;0;0;0;0;0;0;0;0;0;0;0;0;0;0;0;0;0;0;0;0;0;0;0;0;0;0;0;0;0;0;0;0;0;0;0;0;0;0;0;0;0;0;0;0;0;0;0;0;0;0;0;0;0;0;0;0;0;0;0;0;0;0;0;0;0;0;0;0;0;0;0;0;0;0;0;58344726664;9565120125;67909846789;58344726664;58344726664;5909986613;5909986613;7293090833;1239796145;8532886978;759393739;759393739;12078532231;1980172302;14058704533;12078532231;12078532231;1223486129;1223486129;12078532231;3203658431;15282190662;0;0;0;0;0;0;0;0;0;0;0;0;0;0;0;0;0;0;0;0;0;0;0;0;0;0;0;0;0;0;0;0;0;0;0;0;0;0;0;0;0;0;0;12800;0;0;0;4830448398000;0;0;0;0;0;0;1854892185120;0;0;0;1854892185120;384;0;4830448398000;0;0;0;0;0;0;0;0;0;0;0;1854892185120;0;0;0;1854892185120;384;0;4830448398000;0;0;0;0;0;4830448398000;8532886966;8532886966;759393727;759393727;12;12;12;12;14586181666;14586181666;3998379768;3998379768;18584561434;58344726664;58344726664;15475106738;15475106738;73819833402;0;0;9292280717;0;0;0;9292280717;0;0;0;0;9292280717;4830448398000;0;0;0;0;0;0;1;0;0;1
IO-S3-20;8575672;8575672333000;8575672333000;1000000000000;3449,51;2486054288;688792;8654978355;12593293572;2509045;3650747;1000;17151344695;0;0;8654978355;12593293572;5306260210;10522087331;0;25984564;180503738;5306260210;10522087331;0;5550971431;1517294440;16791313821;9301836770;0;0;0;0;1162837909;696525313;4208815882;18;3563815825;2232793340;1331022485;0;17151344695;1;0;243400589;24373726;3289387064;1667748;400823;1548334178;0;32;0;0;0;0;0;586;0;8415505;24;6445568;14795638;0;0;268;0;0;0;2577832880;0;8406240;400026;51296720;0;1497882880;0;4;0;0;0;0;0;0;0;0;0;0;0;0;0;0;193292064;113994892;2039501276;1217027593;0;0;12593455735;8000;2232800370;1331022490;1241519;3272521;8575672333000;0;13213029478;0;259;8575672333000;8575672333000;0;0;0;57391;500;1;0;0;0;0;0;0;0;0;0;0;0;0;0;0;0;0;0;0;0;0;0;0;0;0;0;0;0;0;0;0;0;0;0;0;0;0;0;0;0;0;0;0;0;0;0;0;0;0;0;0;0;0;0;0;0;0;0;0;0;0;0;0;0;0;0;0;0;0;0;0;0;0;0;0;0;0;0;0;0;0;0;0;0;0;0;0;0;0;0;0;0;0;0;0;0;0;0;0;0;0;0;0;0;0;0;0;0;0;0;0;0;0;0;0;0;0;0;0;0;0;0;0;0;0;0;0;0;0;0;0;0;0;0;105704235264;17457153333;123161388597;105704235264;105704235264;10482179005;10482179005;13213029408;2232800301;15445829709;1330917787;1330917787;12326058081;2035660022;14361718104;12326058081;12326058081;1222315709;1222315709;12326058081;3257975731;15584033812;0;0;0;0;0;0;0;0;0;0;0;0;0;0;0;0;0;0;0;0;0;0;0;0;0;0;0;0;0;0;0;0;0;0;0;0;0;0;0;0;0;0;0;12800;0;0;0;8575672333000;0;0;0;0;0;0;3293058176160;0;0;0;3293058176160;384;0;8575672333000;0;0;0;0;0;0;0;0;0;0;0;3293058176160;0;0;0;3293058176160;384;0;8575672333000;0;0;0;0;0;8575672333000;15445829697;15445829697;1330917775;1330917775;12;12;12;12;26426058816;26426058816;7127436176;7127436176;33553494992;105704235264;105704235264;27939332338;27939332338;133643567602;0;0;16776747496;0;0;0;16776747496;0;0;0;0;16776747496;8575672333000;0;0;0;0;0;0;1;0;0;1
IO-S3-30;12320896;12320896368500;12320896368500;1000000000000;4855,71;2537406034;688792;12481172040;17989996635;2570414;3704919;1000;24641792766;0;0;12481172040;17989996635;7179576333;15597202291;0;25984624;214719380;7179576333;15597202291;0;7340547109;1765466679;24928230261;13805427730;0;0;0;0;1355231743;818756681;5932600438;18;5128344057;3225797521;1902546536;0;24641792766;1;0;282600711;24373776;4361641355;2067748;400823;2294901448;0;32;0;0;0;0;0;586;0;9415525;24;6445568;14995638;0;0;268;0;0;0;3818804080;0;8406240;600026;76143520;0;2243618080;0;4;0;0;0;0;0;0;0;0;0;0;0;0;0;0;206292175;113994943;3019505346;1788551593;0;0;17990158798;8000;3225804551;1902546541;1765029;4804071;12320896368500;0;19132968171;0;259;12320896368500;12320896368500;0;0;0;57391;500;1;0;0;0;0;0;0;0;0;0;0;0;0;0;0;0;0;0;0;0;0;0;0;0;0;0;0;0;0;0;0;0;0;0;0;0;0;0;0;0;0;0;0;0;0;0;0;0;0;0;0;0;0;0;0;0;0;0;0;0;0;0;0;0;0;0;0;0;0;0;0;0;0;0;0;0;0;0;0;0;0;0;0;0;0;0;0;0;0;0;0;0;0;0;0;0;0;0;0;0;0;0;0;0;0;0;0;0;0;0;0;0;0;0;0;0;0;0;0;0;0;0;0;0;0;0;0;0;0;0;0;0;0;0;153063744808;25349186681;178412931489;153063744808;153063744808;15054371409;15054371409;19132968101;3225804482;22358772583;1902441838;1902441838;12423101391;2057414162;14480515553;12423101391;12423101391;1221856832;1221856832;12423101391;3279270995;15702372385;0;0;0;0;0;0;0;0;0;0;0;0;0;0;0;0;0;0;0;0;0;0;0;0;0;0;0;0;0;0;0;0;0;0;0;0;0;0;0;0;0;0;0;12800;0;0;0;12320896368500;0;0;0;0;0;0;4731224205600;0;0;0;4731224205600;384;0;12320896368500;0;0;0;0;0;0;0;0;0;0;0;4731224205600;0;0;0;4731224205600;384;0;12320896368500;0;0;0;0;0;12320896368500;22358772571;22358772571;1902441826;1902441826;12;12;12;12;38265936202;38265936202;10256492640;10256492640;48522428842;153063744808;153063744808;40403558090;40403558090;193467302898;0;0;24261214421;0;0;0;24261214421;0;0;0;0;24261214421;12320896368500;0;0;0;0;0;0;1;0;0;1
IO-S3-40;1606612;16066120357500;16066120357500;1000000000000;6359,15;2526457784;688792;16307365690;23386699626;2564394;3677646;1000;32132240744;0;0;16307365690;23386699626;9052892382;20672317251;0;25984684;248935008;9052892382;20672317251;0;9130122749;2013638885;33065146701;18309018690;0;0;0;0;1547625502;940988016;7656384954;18;6692872279;4218801691;2474070588;0;32132240744;1;0;321800819;24373827;5433895576;2467748;400830;3041468718;0;32;0;0;0;0;0;586;0;10415545;24;6445568;15195638;0;0;268;0;0;0;5059775280;0;8406240;800026;100990320;0;2989353280;0;4;0;0;0;0;0;0;0;0;0;0;0;0;0;0;219292275;113994995;3999509416;2360075593;0;0;23386861789;8000;4218808721;2474070593;2288539;6335621;16066120357500;0;25052906808;0;259;16066120357500;16066120357500;0;0;0;57391;500;1;0;0;0;0;0;0;0;0;0;0;0;0;0;0;0;0;0;0;0;0;0;0;0;0;0;0;0;0;0;0;0;0;0;0;0;0;0;0;0;0;0;0;0;0;0;0;0;0;0;0;0;0;0;0;0;0;0;0;0;0;0;0;0;0;0;0;0;0;0;0;0;0;0;0;0;0;0;0;0;0;0;0;0;0;0;0;0;0;0;0;0;0;0;0;0;0;0;0;0;0;0;0;0;0;0;0;0;0;0;0;0;0;0;0;0;0;0;0;0;0;0;0;0;0;0;0;0;0;0;0;0;0;0;200423253904;33241219981;233664473885;200423253904;200423253904;19626563829;19626563829;25052906738;4218808652;29271715390;2473965890;2473965890;12474900564;2069025953;14543926517;12474900564;12474900564;1221611901;1221611901;12474900564;3290637854;15765538417;0;0;0;0;0;0;0;0;0;0;0;0;0;0;0;0;0;0;0;0;0;0;0;0;0;0;0;0;0;0;0;0;0;0;0;0;0;0;0;0;0;0;0;12800;0;0;0;16066120357500;0;0;0;0;0;0;6169390217280;0;0;0;6169390217280;384;0;16066120357500;0;0;0;0;0;0;0;0;0;0;0;6169390217280;0;0;0;6169390217280;384;0;16066120357500;0;0;0;0;0;16066120357500;29271715378;29271715378;2473965878;2473965878;12;12;12;12;50105813476;50105813476;13385549084;13385549084;63491362560;200423253904;200423253904;52867783810;52867783810;253291037714;0;0;31745681280;0;0;0;31745681280;0;0;0;0;31745681280;16066120357500;0;0;0;0;0;0;1;0;0;1
IO-S3-50;19811344;19811344270500;19811344270500;1000000000000;7592,32;2609393637;688788;20133559271;28783402477;2651833;3791122;1000;39622688570;0;0;20133559271;28783402477;10926208293;25747432211;0;25984744;283150619;10926208293;25747432211;0;10919698225;2261810981;41202063141;22812609650;0;0;0;0;1740019164;1063219296;9380169414;18;8257400479;5211805845;3045594634;0;39622688570;1;0;361000909;24373877;6506149687;2867748;400830;3788035988;0;32;0;0;0;0;0;586;0;11415565;24;6445568;15395638;0;0;268;0;0;0;6300746480;0;8406240;1000026;125837120;0;3735088480;0;4;0;0;0;0;0;0;0;0;0;0;0;0;0;0;232292359;113995041;4979513486;2931599593;0;0;28783564640;8000;5211812875;3045594639;2812049;7867171;19811344270500;0;30972845364;0;259;19811344270500;19811344270500;0;0;0;57391;500;1;0;0;0;0;0;0;0;0;0;0;0;0;0;0;0;0;0;0;0;0;0;0;0;0;0;0;0;0;0;0;0;0;0;0;0;0;0;0;0;0;0;0;0;0;0;0;0;0;0;0;0;0;0;0;0;0;0;0;0;0;0;0;0;0;0;0;0;0;0;0;0;0;0;0;0;0;0;0;0;0;0;0;0;0;0;0;0;0;0;0;0;0;0;0;0;0;0;0;0;0;0;0;0;0;0;0;0;0;0;0;0;0;0;0;0;0;0;0;0;0;0;0;0;0;0;0;0;0;0;0;0;0;0;247782762352;41133253168;288916015520;247782762352;247782762352;24198756213;24198756213;30972845294;5211812806;36184658100;3045489936;3045489936;12507115063;2076247457;14583362521;12507115063;12507115063;1221459578;1221459578;12507115063;3297707035;15804822099;0;0;0;0;0;0;0;0;0;0;0;0;0;0;0;0;0;0;0;0;0;0;0;0;0;0;0;0;0;0;0;0;0;0;0;0;0;0;0;0;0;0;0;12800;0;0;0;19811344270500;0;0;0;0;0;0;7607556200160;0;0;0;7607556200160;384;0;19811344270500;0;0;0;0;0;0;0;0;0;0;0;7607556200160;0;0;0;7607556200160;384;0;19811344270500;0;0;0;0;0;19811344270500;36184658088;36184658088;3045489924;3045489924;12;12;12;12;61945690588;61945690588;16514605484;16514605484;78460296072;247782762352;247782762352;65332009381;65332009381;313114771733;0;0;39230148036;0;0;0;39230148036;0;0;0;0;39230148036;19811344270500;0;0;0;0;0;0;1;0;0;1
IO-S3-60;23556568;23556568292500;23556568292500;1000000000000;8912,18;2643188328;688792;23959752943;34180105516;2688428;3835213;1000;47113136614;0;0;23959752943;34180105516;12799524392;30822547171;0;25984804;317366258;12799524392;30822547171;0;12709273876;2509983203;49338979581;27316200610;0;0;0;0;1932412982;1185450650;11103953960;18;9821928707;6204810024;3617118683;0;47113136614;1;0;400201028;24373927;7578403958;3267748;400830;4534603258;0;32;0;0;0;0;0;586;0;12415585;24;6445568;15595638;0;0;268;0;0;0;7541717680;0;8406240;1200026;150683920;0;4480823680;0;4;0;0;0;0;0;0;0;0;0;0;0;0;0;0;245292468;113995090;5959517556;3503123593;0;0;34180267679;8000;6204817054;3617118688;3335559;9398721;23556568292500;0;36892784041;0;259;23556568292500;23556568292500;0;0;0;57391;500;1;0;0;0;0;0;0;0;0;0;0;0;0;0;0;0;0;0;0;0;0;0;0;0;0;0;0;0;0;0;0;0;0;0;0;0;0;0;0;0;0;0;0;0;0;0;0;0;0;0;0;0;0;0;0;0;0;0;0;0;0;0;0;0;0;0;0;0;0;0;0;0;0;0;0;0;0;0;0;0;0;0;0;0;0;0;0;0;0;0;0;0;0;0;0;0;0;0;0;0;0;0;0;0;0;0;0;0;0;0;0;0;0;0;0;0;0;0;0;0;0;0;0;0;0;0;0;0;0;0;0;0;0;0;295142271768;49025286524;344167558292;295142271768;295142271768;28770948609;28770948609;36892783971;6204816985;43097600956;3617013985;3617013985;12529086075;2081172687;14610258762;12529086075;12529086075;1221355685;1221355685;12529086075;3302528372;15831614447;0;0;0;0;0;0;0;0;0;0;0;0;0;0;0;0;0;0;0;0;0;0;0;0;0;0;0;0;0;0;0;0;0;0;0;0;0;0;0;0;0;0;0;12800;0;0;0;23556568292500;0;0;0;0;0;0;9045722224320;0;0;0;9045722224320;384;0;23556568292500;0;0;0;0;0;0;0;0;0;0;0;9045722224320;0;0;0;9045722224320;384;0;23556568292500;0;0;0;0;0;23556568292500;43097600944;43097600944;3617013973;3617013973;12;12;12;12;73785567942;73785567942;19643661940;19643661940;93429229882;295142271768;295142271768;77796235133;77796235133;372938506901;0;0;46714614941;0;0;0;46714614941;0;0;0;0;46714614941;23556568292500;0;0;0;0;0;0;1;0;0;1
IO-S3-70;27411971;27411971263500;27411971263500;1000000000000;10300,48;2661231906;688788;27895830959;39741827016;2708206;3858249;1000;54823942556;0;0;27895830959;39741827016;14745497342;36038035947;0;25985434;354986362;14745497342;36038035947;0;14570714280;2775186550;57673874644;31949462172;0;0;0;0;2143934383;1319695751;12885470891;18;11435775481;7236427419;4199348062;0;54823942556;1;0;443608152;24374380;8683399540;3667808;400914;5307972116;0;32;0;0;0;0;0;586;0;13415709;24;6445634;15795768;0;0;268;0;0;0;8830634120;0;12609360;1400038;176332280;0;5229765120;0;6;0;0;0;0;0;0;0;0;0;0;0;0;0;0;259596359;113997320;6976831060;4085350742;0;0;39741989184;8000;7236434458;4199348068;3909879;10930273;27411971263500;0;42977946499;0;259;27411971263500;27411971263500;0;0;0;57396;500;1;0;0;0;0;0;0;0;0;0;0;0;0;0;0;0;0;0;0;0;0;0;0;0;0;0;0;0;0;0;0;0;0;0;0;0;0;0;0;0;0;0;0;0;0;0;0;0;0;0;0;0;0;0;0;0;0;0;0;0;0;0;0;0;0;0;0;0;0;0;0;0;0;0;0;0;0;0;0;0;0;0;0;0;0;0;0;0;0;0;0;0;0;0;0;0;0;0;0;0;0;0;0;0;0;0;0;0;0;0;0;0;0;0;0;0;0;0;0;0;0;0;0;0;0;0;0;0;0;0;0;0;0;0;343823571432;57221019307;401044590739;343823571432;343823571432;33428780685;33428780685;42977946429;7236434389;50214380818;4199243365;4199243365;12542825473;2087446348;14630271821;12542825473;12542825473;1219495685;1219495685;12542825473;3306942033;15849767507;0;0;0;0;0;0;0;0;0;0;0;0;0;0;0;0;0;0;0;0;0;0;0;0;0;0;0;0;0;0;0;0;0;0;0;0;0;0;0;0;0;0;0;12800;0;0;0;27411971263500;0;0;0;0;0;0;10526196965280;0;0;0;10526196965280;384;0;27411971263500;0;0;0;0;0;0;0;0;0;0;0;10526196965280;0;0;0;10526196965280;384;0;27411971263500;0;0;0;0;0;27411971263500;50214380806;50214380806;4199243353;4199243353;12;12;12;12;85955892858;85955892858;22871355508;22871355508;108827248366;343823571432;343823571432;90649799992;90649799992;434473371424;0;0;54413624183;0;0;0;54413624183;0;0;0;0;54413624183;27411971263500;0;0;0;0;0;0;1;0;0;1
IO-S3-80;31157195;31157195275500;31157195275500;1000000000000;11654,34;2673441909;688788;31722024627;45138530042;2721907;3873110;1000;62314390580;0;0;31722024627;45138530042;16618813428;41113150907;0;25985494;389201998;16618813428;41113150907;0;16360289927;3023358764;65810791084;36453053132;0;0;0;0;2336328186;1441927107;14609255429;18;13000303707;8229431594;4770872113;0;62314390580;1;0;482808268;24374430;9755653800;4067808;400914;6054539386;0;32;0;0;0;0;0;586;0;14415729;24;6445634;15995768;0;0;268;0;0;0;10071605320;0;12609360;1600038;201179080;0;5975500320;0;6;0;0;0;0;0;0;0;0;0;0;0;0;0;0;272596464;113997371;7956835130;4656874742;0;0;45138692210;8000;8229438633;4770872119;4433389;12461823;31157195275500;0;48897885165;0;259;31157195275500;31157195275500;0;0;0;57396;500;1;0;0;0;0;0;0;0;0;0;0;0;0;0;0;0;0;0;0;0;0;0;0;0;0;0;0;0;0;0;0;0;0;0;0;0;0;0;0;0;0;0;0;0;0;0;0;0;0;0;0;0;0;0;0;0;0;0;0;0;0;0;0;0;0;0;0;0;0;0;0;0;0;0;0;0;0;0;0;0;0;0;0;0;0;0;0;0;0;0;0;0;0;0;0;0;0;0;0;0;0;0;0;0;0;0;0;0;0;0;0;0;0;0;0;0;0;0;0;0;0;0;0;0;0;0;0;0;0;0;0;0;0;0;391183080760;65113052607;456296133367;391183080760;391183080760;38000973089;38000973089;48897885095;8229438564;57127323659;4770767416;4770767416;12555144239;2089823941;14644968179;12555144239;12555144239;1219653205;1219653205;12555144239;3309477146;15864621385;0;0;0;0;0;0;0;0;0;0;0;0;0;0;0;0;0;0;0;0;0;0;0;0;0;0;0;0;0;0;0;0;0;0;0;0;0;0;0;0;0;0;0;12800;0;0;0;31157195275500;0;0;0;0;0;0;11964362986080;0;0;0;11964362986080;384;0;31157195275500;0;0;0;0;0;0;0;0;0;0;0;11964362986080;0;0;0;11964362986080;384;0;31157195275500;0;0;0;0;0;31157195275500;57127323647;57127323647;4770767404;4770767404;12;12;12;12;97795770190;97795770190;26000411960;26000411960;123796182150;391183080760;391183080760;103114025696;103114025696;494297106456;0;0;61898091075;0;0;0;61898091075;0;0;0;0;61898091075;31157195275500;0;0;0;0;0;0;1;0;0;1
IO-S3-90;34902419;34902419287500;34902419287500;1000000000000;13028,38;2678952909;688788;35548218295;50535233068;2728522;3878857;1000;69804838604;0;0;35548218295;50535233068;18492129514;46188265867;0;25985554;423417634;18492129514;46188265867;0;18149865574;3271530978;73947707524;40956644092;0;0;0;0;2528721989;1564158463;16333039967;18;14564831933;9222435769;5342396164;0;69804838604;1;0;522008384;24374480;10827908060;4467808;400914;6801106656;0;32;0;0;0;0;0;586;0;15415749;24;6445634;16195768;0;0;268;0;0;0;11312576520;0;12609360;1800038;226025880;0;6721235520;0;6;0;0;0;0;0;0;0;0;0;0;0;0;0;0;285596569;113997422;8936839200;5228398742;0;0;50535395236;8000;9222442808;5342396170;4956899;13993373;34902419287500;0;54817823831;0;259;34902419287500;34902419287500;0;0;0;57396;500;1;0;0;0;0;0;0;0;0;0;0;0;0;0;0;0;0;0;0;0;0;0;0;0;0;0;0;0;0;0;0;0;0;0;0;0;0;0;0;0;0;0;0;0;0;0;0;0;0;0;0;0;0;0;0;0;0;0;0;0;0;0;0;0;0;0;0;0;0;0;0;0;0;0;0;0;0;0;0;0;0;0;0;0;0;0;0;0;0;0;0;0;0;0;0;0;0;0;0;0;0;0;0;0;0;0;0;0;0;0;0;0;0;0;0;0;0;0;0;0;0;0;0;0;0;0;0;0;0;0;0;0;0;0;438542590088;73005085907;511547675995;438542590088;438542590088;42573165493;42573165493;54817823761;9222442739;64040266500;5342291467;5342291467;12564819260;2091691275;14656510535;12564819260;12564819260;1219776920;1219776920;12564819260;3311468195;15876287455;0;0;0;0;0;0;0;0;0;0;0;0;0;0;0;0;0;0;0;0;0;0;0;0;0;0;0;0;0;0;0;0;0;0;0;0;0;0;0;0;0;0;0;12800;0;0;0;34902419287500;0;0;0;0;0;0;13402529006400;0;0;0;13402529006400;384;0;34902419287500;0;0;0;0;0;0;0;0;0;0;0;13402529006400;0;0;0;13402529006400;384;0;34902419287500;0;0;0;0;0;34902419287500;64040266488;64040266488;5342291455;5342291455;12;12;12;12;109635647522;109635647522;29129468412;29129468412;138765115934;438542590088;438542590088;115578251400;115578251400;554120841488;0;0;69382557967;0;0;0;69382557967;0;0;0;0;69382557967;34902419287500;0;0;0;0;0;0;1;0;0;1
IO-S3-100;38647643;38647643289500;38647643289500;1000000000000;14454,67;2673713877;688792;39374411964;55931936086;2723993;3869473;1000;77295286608;0;0;39374411964;55931936086;20365445592;51263380827;0;25985614;457633265;20365445592;51263380827;0;19939441246;3519703193;82084623964;45460235052;0;0;0;0;2721115762;1686389817;18056824487;18;16129360151;10215439935;5913920216;0;77295286608;1;0;561208495;24374530;11900162318;4867810;400914;7547673926;0;32;0;0;0;0;0;586;0;16415769;24;6445634;16395768;0;0;268;0;0;0;12553547720;0;12609360;2000038;250872680;0;7466970720;0;6;0;0;0;0;0;0;0;0;0;0;0;0;0;0;298596665;113997474;9916843270;5799922742;0;0;55932098254;8000;10215446973;5913920222;5480409;15524923;38647643289500;0;60737762486;0;259;38647643289500;38647643289500;0;0;0;57396;500;1;0;0;0;0;0;0;0;0;0;0;0;0;0;0;0;0;0;0;0;0;0;0;0;0;0;0;0;0;0;0;0;0;0;0;0;0;0;0;0;0;0;0;0;0;0;0;0;0;0;0;0;0;0;0;0;0;0;0;0;0;0;0;0;0;0;0;0;0;0;0;0;0;0;0;0;0;0;0;0;0;0;0;0;0;0;0;0;0;0;0;0;0;0;0;0;0;0;0;0;0;0;0;0;0;0;0;0;0;0;0;0;0;0;0;0;0;0;0;0;0;0;0;0;0;0;0;0;0;0;0;0;0;0;485902099328;80897119144;566799218472;485902099328;485902099328;47145357896;47145357896;60737762416;10215446904;70953209320;5913815519;5913815519;12572619129;2093196693;14665815823;12572619129;12572619129;1219876657;1219876657;12572619129;3313073350;15885692480;0;0;0;0;0;0;0;0;0;0;0;0;0;0;0;0;0;0;0;0;0;0;0;0;0;0;0;0;0;0;0;0;0;0;0;0;0;0;0;0;0;0;0;12800;0;0;0;38647643289500;0;0;0;0;0;0;14840695023360;0;0;0;14840695023360;384;0;38647643289500;0;0;0;0;0;0;0;0;0;0;0;14840695023360;0;0;0;14840695023360;384;0;38647643289500;0;0;0;0;0;38647643289500;70953209308;70953209308;5913815507;5913815507;12;12;12;12;121475524832;121475524832;32258524846;32258524846;153734049678;485902099328;485902099328;128042477040;128042477040;613944576368;0;0;76867024839;0;0;0;76867024839;0;0;0;0;76867024839;38647643289500;0;0;0;0;0;0;1;0;0;1
IO-S3-200;76320241;76320241421500;76320241421500;1000000000000;28265,38;2700131079;688788;77856117431;110229003460;2754469;3899788;1000;152640482872;0;0;77856117431;110229003460;39243920346;102295278059;0;25987354;806598576;39243920346;102295278059;0;37978927424;6035487723;163849745610;90755485856;0;0;0;0;4683309067;2932730925;35410134717;18;31873279539;20222708149;11650571390;0;152640482872;1;0;961623687;24375836;22688187694;8867932;401082;15066949802;0;32;0;0;0;0;0;586;0;26416177;24;6445766;18396028;0;0;268;0;0;0;25059150200;0;21015600;4000062;500943800;0;14930735200;0;10;0;0;0;0;0;0;0;0;0;0;0;0;0;0;431205311;114002350;19791502838;11536569040;0;0;110229165638;8000;20222715205;11650571398;10817129;30840427;76320241421500;0;120267596843;0;259;76320241421500;76320241421500;0;0;0;57406;500;1;0;0;0;0;0;0;0;0;0;0;0;0;0;0;0;0;0;0;0;0;0;0;0;0;0;0;0;0;0;0;0;0;0;0;0;0;0;0;0;0;0;0;0;0;0;0;0;0;0;0;0;0;0;0;0;0;0;0;0;0;0;0;0;0;0;0;0;0;0;0;0;0;0;0;0;0;0;0;0;0;0;0;0;0;0;0;0;0;0;0;0;0;0;0;0;0;0;0;0;0;0;0;0;0;0;0;0;0;0;0;0;0;0;0;0;0;0;0;0;0;0;0;0;0;0;0;0;0;0;0;0;0;0;962140774184;160424851291;1122565625475;962140774184;962140774184;93038561318;93038561318;120267596773;20222715136;140490311909;11650466695;11650466695;12606626450;2101996119;14708622569;12606626450;12606626450;1219054861;1219054861;12606626450;3321050981;15927677431;0;0;0;0;0;0;0;0;0;0;0;0;0;0;0;0;0;0;0;0;0;0;0;0;0;0;0;0;0;0;0;0;0;0;0;0;0;0;0;0;0;0;0;12800;0;0;0;76320241421500;0;0;0;0;0;0;29306972706240;0;0;0;29306972706240;384;0;76320241421500;0;0;0;0;0;0;0;0;0;0;0;29306972706240;0;0;0;29306972706240;384;0;76320241421500;0;0;0;0;0;76320241421500;140490311897;140490311897;11650466683;11650466683;12;12;12;12;240535193546;240535193546;63746363662;63746363662;304281557208;962140774184;962140774184;253463412609;253463412609;1215604186793;0;0;152140778604;0;0;0;152140778604;0;0;0;0;152140778604;76320241421500;0;0;0;0;0;0;1;0;0;1
IO-S3-300;11388266;113882660346000;113882660346000;1000000000000;41516,11;2743095964;688788;116227938326;164361051931;2799587;3958971;1000;227765320721;0;0;116227938326;164361051931;58049737803;153186801475;0;25988524;1152159358;58049737803;153186801475;0;55946548448;8534240854;245416888633;135921066058;0;0;0;0;6626374433;4167058085;52705712356;18;47567880311;30191363089;17376517222;0;227765320721;1;0;1357831808;24376741;33443471372;12867993;401180;22559424090;0;32;0;0;0;0;0;586;0;36416481;24;6445832;20396158;0;0;268;0;0;0;37516807440;0;25218720;6000074;750213360;0;22391293440;0;12;0;0;0;0;0;0;0;0;0;0;0;0;0;0;562510117;114005033;29628852972;17262512189;0;0;164361214114;8000;30191370154;17376517231;16103039;46155929;113882660346000;0;179632207116;0;259;113882660346000;113882660346000;0;0;0;57411;500;1;0;0;0;0;0;0;0;0;0;0;0;0;0;0;0;0;0;0;0;0;0;0;0;0;0;0;0;0;0;0;0;0;0;0;0;0;0;0;0;0;0;0;0;0;0;0;0;0;0;0;0;0;0;0;0;0;0;0;0;0;0;0;0;0;0;0;0;0;0;0;0;0;0;0;0;0;0;0;0;0;0;0;0;0;0;0;0;0;0;0;0;0;0;0;0;0;0;0;0;0;0;0;0;0;0;0;0;0;0;0;0;0;0;0;0;0;0;0;0;0;0;0;0;0;0;0;0;0;0;0;0;0;0;1437057656368;239648883757;1676706540125;1437057656368;1437057656368;138846125033;138846125033;179632207046;30191370085;209823577131;17376412528;17376412528;12618757342;2104349187;14723106529;12618757342;12618757342;1219203385;1219203385;12618757342;3323552573;15942309915;0;0;0;0;0;0;0;0;0;0;0;0;0;0;0;0;0;0;0;0;0;0;0;0;0;0;0;0;0;0;0;0;0;0;0;0;0;0;0;0;0;0;0;12800;0;0;0;113882660346000;0;0;0;0;0;0;43730941572960;0;0;0;43730941572960;384;0;113882660346000;0;0;0;0;0;0;0;0;0;0;0;43730941572960;0;0;0;43730941572960;384;0;113882660346000;0;0;0;0;0;113882660346000;209823577119;209823577119;17376412516;17376412516;12;12;12;12;359264414092;359264414092;95135565226;95135565226;454399979318;1437057656368;1437057656368;378495008790;378495008790;1815552665158;0;0;227199989659;0;0;0;227199989659;0;0;0;0;227199989659;113882660346000;0;0;0;0;0;0;1;0;0;1
IO-S3-400;151555258;151555258369000;151555258369000;1000000000000;55262,11;2742480391;688792;154709643696;218658119106;2799561;3956746;1000;303110516767;0;0;154709643696;218658119106;76928212362;204218698707;0;25990264;1501124645;76928212362;204218698707;0;73986034378;11050025218;327182010279;181216316862;0;0;0;0;8588567605;5413399117;70059022509;18;63311799668;40198631282;23113168386;0;303110516767;1;0;1758246975;24378045;44231496596;16868115;401334;30078699966;0;32;0;0;0;0;0;586;0;46416889;24;6445964;22396418;0;0;268;0;0;0;50022409920;0;33624960;8000098;1000284480;0;29855057920;0;16;0;0;0;0;0;0;0;0;0;0;0;0;0;0;695118742;114009899;39503512540;22999158487;0;0;218658281299;8000;40198638365;23113168397;21439759;61471433;151555258369000;0;239162041357;0;259;151555258369000;151555258369000;0;0;0;57421;500;1;0;0;0;0;0;0;0;0;0;0;0;0;0;0;0;0;0;0;0;0;0;0;0;0;0;0;0;0;0;0;0;0;0;0;0;0;0;0;0;0;0;0;0;0;0;0;0;0;0;0;0;0;0;0;0;0;0;0;0;0;0;0;0;0;0;0;0;0;0;0;0;0;0;0;0;0;0;0;0;0;0;0;0;0;0;0;0;0;0;0;0;0;0;0;0;0;0;0;0;0;0;0;0;0;0;0;0;0;0;0;0;0;0;0;0;0;0;0;0;0;0;0;0;0;0;0;0;0;0;0;0;0;0;1913296330296;319176615755;2232472946051;1913296330296;1913296330296;184739328391;184739328391;239162041287;40198638296;279360679583;23113063694;23113063694;12624414031;2106008193;14730422224;12624414031;12624414031;1218956903;1218956903;12624414031;3324965096;15949379127;0;0;0;0;0;0;0;0;0;0;0;0;0;0;0;0;0;0;0;0;0;0;0;0;0;0;0;0;0;0;0;0;0;0;0;0;0;0;0;0;0;0;0;12800;0;0;0;151555258369000;0;0;0;0;0;0;58197219214080;0;0;0;58197219214080;384;0;151555258369000;0;0;0;0;0;0;0;0;0;0;0;58197219214080;0;0;0;58197219214080;384;0;151555258369000;0;0;0;0;0;151555258369000;279360679571;279360679571;23113063682;23113063682;12;12;12;12;478324082574;478324082574;126623403980;126623403980;604947486554;1913296330296;1913296330296;503915944146;503915944146;2417212274442;0;0;302473743277;0;0;0;302473743277;0;0;0;0;302473743277;151555258369000;0;0;0;0;0;0;1;0;0;1
IO-S3-500;189117677;189117677341500;189117677341500;1000000000000;69073,36;2737924876;688788;193081464641;272790167663;2795310;3949282;1000;378235354712;0;0;193081464641;272790167663;95734029911;255110222123;0;25991434;1846685442;95734029911;255110222123;0;91953655416;13548778363;408749153302;226381897064;0;0;0;0;10531633061;6647726344;87354600195;18;79006400449;50167286230;28839114219;0;378235354712;1;0;2154455112;24378947;54986780375;20868176;401411;37571174254;0;32;0;0;0;0;0;586;0;56417193;24;6446030;24396548;0;0;268;0;0;0;62480067160;0;37828080;10000110;1249554040;0;37315616160;0;18;0;0;0;0;0;0;0;0;0;0;0;0;0;0;826423556;114012583;49340862674;28725101636;0;0;272790329861;8000;50167293322;28839114231;26725669;76786935;189117677341500;0;298526651690;0;259;189117677341500;189117677341500;0;0;0;57426;500;1;0;0;0;0;0;0;0;0;0;0;0;0;0;0;0;0;0;0;0;0;0;0;0;0;0;0;0;0;0;0;0;0;0;0;0;0;0;0;0;0;0;0;0;0;0;0;0;0;0;0;0;0;0;0;0;0;0;0;0;0;0;0;0;0;0;0;0;0;0;0;0;0;0;0;0;0;0;0;0;0;0;0;0;0;0;0;0;0;0;0;0;0;0;0;0;0;0;0;0;0;0;0;0;0;0;0;0;0;0;0;0;0;0;0;0;0;0;0;0;0;0;0;0;0;0;0;0;0;0;0;0;0;0;2388213212960;398400648146;2786613861106;2388213212960;2388213212960;230546892074;230546892074;298526651620;50167293253;348693944873;28839009528;28839009528;12628186040;2106628284;14734814324;12628186040;12628186040;1219065797;1219065797;12628186040;3325694081;15953880122;0;0;0;0;0;0;0;0;0;0;0;0;0;0;0;0;0;0;0;0;0;0;0;0;0;0;0;0;0;0;0;0;0;0;0;0;0;0;0;0;0;0;0;12800;0;0;0;189117677341500;0;0;0;0;0;0;72621188099520;0;0;0;72621188099520;384;0;189117677341500;0;0;0;0;0;0;0;0;0;0;0;72621188099520;0;0;0;72621188099520;384;0;189117677341500;0;0;0;0;0;189117677341500;348693944861;348693944861;28839009516;28839009516;12;12;12;12;597053303240;597053303240;158012605562;158012605562;755065908802;2388213212960;2388213212960;628947540220;628947540220;3017160753180;0;0;377532954401;0;0;0;377532954401;0;0;0;0;377532954401;189117677341500;0;0;0;0;0;0;1;0;0;1
IO-S3-600;226790275;226790275347500;226790275347500;1000000000000;82889,67;2736049794;688788;231563169995;327087234821;2793631;3946055;1000;453580550724;0;0;231563169995;327087234821;114612504447;306142119355;0;25993174;2195650722;114612504447;306142119355;0;109993141402;16064562761;490514274948;271677147868;0;0;0;0;12493826193;7894067351;104707910322;18;94750319800;60174554415;34575765385;0;453580550724;1;0;2554870272;24380254;65774805564;24868298;401586;45090450130;0;32;0;0;0;0;0;586;0;66417601;24;6446162;26396808;0;0;268;0;0;0;74985669640;0;46234320;12000134;1499625160;0;44779380640;0;22;0;0;0;0;0;0;0;0;0;0;0;0;0;0;959032173;114017451;59215522242;34461747934;0;0;327087397029;8000;60174561525;34575765399;32062389;92102439;226790275347500;0;358056485898;0;259;226790275347500;226790275347500;0;0;0;57436;500;1;0;0;0;0;0;0;0;0;0;0;0;0;0;0;0;0;0;0;0;0;0;0;0;0;0;0;0;0;0;0;0;0;0;0;0;0;0;0;0;0;0;0;0;0;0;0;0;0;0;0;0;0;0;0;0;0;0;0;0;0;0;0;0;0;0;0;0;0;0;0;0;0;0;0;0;0;0;0;0;0;0;0;0;0;0;0;0;0;0;0;0;0;0;0;0;0;0;0;0;0;0;0;0;0;0;0;0;0;0;0;0;0;0;0;0;0;0;0;0;0;0;0;0;0;0;0;0;0;0;0;0;0;0;2864451886624;477928380180;3342380266804;2864451886624;2864451886624;276440095468;276440095468;358056485828;60174561456;418231047284;34575660696;34575660696;12630399969;2107358349;14737758317;12630399969;12630399969;1218923938;1218923938;12630399969;3326282287;15956682255;0;0;0;0;0;0;0;0;0;0;0;0;0;0;0;0;0;0;0;0;0;0;0;0;0;0;0;0;0;0;0;0;0;0;0;0;0;0;0;0;0;0;0;12800;0;0;0;226790275347500;0;0;0;0;0;0;87087465733440;0;0;0;87087465733440;384;0;226790275347500;0;0;0;0;0;0;0;0;0;0;0;87087465733440;0;0;0;87087465733440;384;0;226790275347500;0;0;0;0;0;226790275347500;418231047272;418231047272;34575660684;34575660684;12;12;12;12;716112971656;716112971656;189500444304;189500444304;905613415960;2864451886624;2864451886624;754368475648;754368475648;3618820362272;0;0;452806707980;0;0;0;452806707980;0;0;0;0;452806707980;226790275347500;0;0;0;0;0;0;1;0;0;1
IO-S3-700;264352694;264352694349500;264352694349500;1000000000000;96388,80;2742566398;688788;269934990962;381219283430;2800481;3955016;1000;528705388728;0;0;269934990962;381219283430;133418322044;357033642771;0;25994344;2541211523;133418322044;357033642771;0;127960762540;18563315973;572081417971;316842728070;0;0;0;0;14436891667;9128394584;122003488023;18;110444920592;70143209370;40301711222;0;528705388728;1;0;2951078413;24381158;76530089368;28868359;401677;52582924418;0;32;0;0;0;0;0;586;0;76417905;24;6446228;28396938;0;0;268;0;0;0;87443326880;0;50437440;14000146;1748894720;0;52239938880;0;24;0;0;0;0;0;0;0;0;0;0;0;0;0;0;1090336994;114020139;69052872376;40187691083;0;0;381219445643;8000;70143216489;40301711237;37348299;107417941;264352694349500;0;417421096260;0;259;264352694349500;264352694349500;0;0;0;57441;500;1;0;0;0;0;0;0;0;0;0;0;0;0;0;0;0;0;0;0;0;0;0;0;0;0;0;0;0;0;0;0;0;0;0;0;0;0;0;0;0;0;0;0;0;0;0;0;0;0;0;0;0;0;0;0;0;0;0;0;0;0;0;0;0;0;0;0;0;0;0;0;0;0;0;0;0;0;0;0;0;0;0;0;0;0;0;0;0;0;0;0;0;0;0;0;0;0;0;0;0;0;0;0;0;0;0;0;0;0;0;0;0;0;0;0;0;0;0;0;0;0;0;0;0;0;0;0;0;0;0;0;0;0;0;3339368769520;557152412667;3896521182187;3339368769520;3339368769520;322247659191;322247659191;417421096190;70143216420;487564312610;40301606534;40301606534;12632247906;2107610115;14739858021;12632247906;12632247906;1219006525;1219006525;12632247906;3326616640;15958864546;0;0;0;0;0;0;0;0;0;0;0;0;0;0;0;0;0;0;0;0;0;0;0;0;0;0;0;0;0;0;0;0;0;0;0;0;0;0;0;0;0;0;0;12800;0;0;0;264352694349500;0;0;0;0;0;0;101511434630400;0;0;0;101511434630400;384;0;264352694349500;0;0;0;0;0;0;0;0;0;0;0;101511434630400;0;0;0;101511434630400;384;0;264352694349500;0;0;0;0;0;264352694349500;487564312598;487564312598;40301606522;40301606522;12;12;12;12;834842192380;834842192380;220889645908;220889645908;1055731838288;3339368769520;3339368769520;879400071858;879400071858;4218768841378;0;0;527865919144;0;0;0;527865919144;0;0;0;0;527865919144;264352694349500;0;0;0;0;0;0;1;0;0;1
IO-S3-800;302025292;302025292452000;302025292452000;1000000000000;109542,93;2757141000;688788;308416696399;435516350751;2815487;3975760;1000;604050584933;0;0;308416696399;435516350751;152296796739;408065540003;0;25996084;2890176825;152296796739;408065540003;0;146000248759;21079100512;653846539617;362137978874;0;0;0;0;16399084922;10374735665;139356798219;18;126188839972;80150477574;46038362398;0;604050584933;1;0;3351493595;24382467;87318114675;32868481;401866;60102200294;0;32;0;0;0;0;0;586;0;86418313;24;6446360;30397198;0;0;268;0;0;0;99948929360;0;58843680;16000170;1998965840;0;59703703360;0;28;0;0;0;0;0;0;0;0;0;0;0;0;0;0;1222945630;114025017;78927531944;45924337381;0;0;435516512974;8000;80150484711;46038362415;42685019;122733445;302025292452000;0;476950930581;0;259;302025292452000;302025292452000;0;0;0;57451;500;1;0;0;0;0;0;0;0;0;0;0;0;0;0;0;0;0;0;0;0;0;0;0;0;0;0;0;0;0;0;0;0;0;0;0;0;0;0;0;0;0;0;0;0;0;0;0;0;0;0;0;0;0;0;0;0;0;0;0;0;0;0;0;0;0;0;0;0;0;0;0;0;0;0;0;0;0;0;0;0;0;0;0;0;0;0;0;0;0;0;0;0;0;0;0;0;0;0;0;0;0;0;0;0;0;0;0;0;0;0;0;0;0;0;0;0;0;0;0;0;0;0;0;0;0;0;0;0;0;0;0;0;0;0;3815607444088;636680144749;4452287588837;3815607444088;3815607444088;368140862641;368140862641;476950930511;80150484642;557101415153;46038257712;46038257712;12633403690;2108035852;14741439542;12633403690;12633403690;1218907396;1218907396;12633403690;3326943248;15960346938;0;0;0;0;0;0;0;0;0;0;0;0;0;0;0;0;0;0;0;0;0;0;0;0;0;0;0;0;0;0;0;0;0;0;0;0;0;0;0;0;0;0;0;12800;0;0;0;302025292452000;0;0;0;0;0;0;115977712301760;0;0;0;115977712301760;384;0;302025292452000;0;0;0;0;0;0;0;0;0;0;0;115977712301760;0;0;0;115977712301760;384;0;302025292452000;0;0;0;0;0;302025292452000;557101415141;557101415141;46038257700;46038257700;12;12;12;12;953901861022;953901861022;252377484708;252377484708;1206279345730;3815607444088;3815607444088;1004821007390;1004821007390;4820428451478;0;0;603139672865;0;0;0;603139672865;0;0;0;0;603139672865;302025292452000;0;0;0;0;0;0;1;0;0;1
IO-S3-900;339697891;339697890561500;339697890561500;1000000000000;122418,62;2774887435;688792;346898401845;489813418077;2833706;4001135;1000;679395781152;0;0;346898401845;489813418077;171175271443;459097437235;0;25997824;3239142130;171175271443;459097437235;0;164039734931;23594885023;735611661263;407433229678;0;0;0;0;18361278192;11621076746;156710108433;18;141932759360;90157745786;51775013574;0;679395781152;1;0;3751908780;24383774;98106139995;36868603;402041;67621476170;0;32;0;0;0;0;0;586;0;96418721;24;6446492;32397458;0;0;268;0;0;0;112454531840;0;67249920;18000194;2249036960;0;67167467840;0;32;0;0;0;0;0;0;0;0;0;0;0;0;0;0;1355554274;114029895;88802191512;51660983679;0;0;489813580310;8000;90157752941;51775013593;48021739;138048949;339697890561500;0;536480764920;0;259;339697890561500;339697890561500;0;0;0;57461;500;1;0;0;0;0;0;0;0;0;0;0;0;0;0;0;0;0;0;0;0;0;0;0;0;0;0;0;0;0;0;0;0;0;0;0;0;0;0;0;0;0;0;0;0;0;0;0;0;0;0;0;0;0;0;0;0;0;0;0;0;0;0;0;0;0;0;0;0;0;0;0;0;0;0;0;0;0;0;0;0;0;0;0;0;0;0;0;0;0;0;0;0;0;0;0;0;0;0;0;0;0;0;0;0;0;0;0;0;0;0;0;0;0;0;0;0;0;0;0;0;0;0;0;0;0;0;0;0;0;0;0;0;0;0;4291846118800;716207876879;5008053995679;4291846118800;4291846118800;414034066091;414034066091;536480764850;90157752872;626638517722;51774908890;51774908890;12634303121;2108367160;14742670281;12634303121;12634303121;1218830254;1218830254;12634303121;3327197414;15961500535;0;0;0;0;0;0;0;0;0;0;0;0;0;0;0;0;0;0;0;0;0;0;0;0;0;0;0;0;0;0;0;0;0;0;0;0;0;0;0;0;0;0;0;12800;0;0;0;339697890561500;0;0;0;0;0;0;130443989976000;0;0;0;130443989976000;384;0;339697890561500;0;0;0;0;0;0;0;0;0;0;0;130443989976000;0;0;0;130443989976000;384;0;339697890561500;0;0;0;0;0;339697890561500;626638517710;626638517710;51774908878;51774908878;12;12;12;12;1072961529700;1072961529700;283865323524;283865323524;1356826853224;4291846118800;4291846118800;1130241942970;1130241942970;5422088061770;0;0;678413426612;0;0;0;678413426612;0;0;0;0;678413426612;339697890561500;0;0;0;0;0;0;1;0;0;1
IO-S3-1000;37726031;377260309579000;377260309579000;1000000000000;135830,44;2777435603;688792;385270222831;543945466715;2836406;4004592;1000;754520619187;0;0;385270222831;543945466715;189981089069;509988960651;0;25998994;3584702933;189981089069;509988960651;0;182007356130;26093638261;817178804286;452598809880;0;0;0;0;20304343676;12855403995;174005686135;18;157627360149;100126400738;57500959411;0;754520619187;1;0;4148116923;24384678;108861423829;40868666;402132;75113950458;0;32;0;0;0;0;0;586;0;106419025;24;6446558;34397588;0;0;268;0;0;0;124912189080;0;71453040;20000206;2498306520;0;74628026080;0;34;0;0;0;0;0;0;0;0;0;0;0;0;0;0;1486859092;114032583;98639541646;57386926828;0;0;543945628953;8000;100126407903;57500959431;53307649;153364451;377260309579000;0;595845375303;0;259;377260309579000;377260309579000;0;0;0;57466;500;1;0;0;0;0;0;0;0;0;0;0;0;0;0;0;0;0;0;0;0;0;0;0;0;0;0;0;0;0;0;0;0;0;0;0;0;0;0;0;0;0;0;0;0;0;0;0;0;0;0;0;0;0;0;0;0;0;0;0;0;0;0;0;0;0;0;0;0;0;0;0;0;0;0;0;0;0;0;0;0;0;0;0;0;0;0;0;0;0;0;0;0;0;0;0;0;0;0;0;0;0;0;0;0;0;0;0;0;0;0;0;0;0;0;0;0;0;0;0;0;0;0;0;0;0;0;0;0;0;0;0;0;0;0;4766763001864;795431909329;5562194911193;4766763001864;4766763001864;459841629815;459841629815;595845375233;100126407834;695971783067;57500854728;57500854728;12635209379;2108443134;14743652513;12635209379;12635209379;1218897451;1218897451;12635209379;3327340585;15962549964;0;0;0;0;0;0;0;0;0;0;0;0;0;0;0;0;0;0;0;0;0;0;0;0;0;0;0;0;0;0;0;0;0;0;0;0;0;0;0;0;0;0;0;12800;0;0;0;377260309579000;0;0;0;0;0;0;144867958878720;0;0;0;144867958878720;384;0;377260309579000;0;0;0;0;0;0;0;0;0;0;0;144867958878720;0;0;0;144867958878720;384;0;377260309579000;0;0;0;0;0;377260309579000;695971783055;695971783055;57500854716;57500854716;12;12;12;12;1191690750466;1191690750466;315254525124;315254525124;1506945275590;4766763001864;4766763001864;1255273539144;1255273539144;6022036541008;0;0;753472637795;0;0;0;753472637795;0;0;0;0;753472637795;377260309579000;0;0;0;0;0;0;1;0;0;1
IO-S3-2000;752908939;752908939120500;752908939120500;1000000000000;270864,11;2779655616;681476;769084540626;1085182431308;2839374;4006372;1000;1505817878270;0;0;769084540626;1085182431308;377446881364;1019710280285;0;7377456;6985144523;377446881364;1019710280285;0;360745951715;50435540198;1633974579213;905000861651;0;0;0;0;39285728742;24954782547;346855658130;18;314645601634;199912041645;114733559989;0;1505817878270;1;0;8020786896;7221486;215804934421;80123183;56745;150198066700;0;32;0;0;0;0;0;586;0;200650061;24;648008;41445437;0;0;268;0;0;0;249776432920;0;138702960;40000396;4995811480;0;149252845920;0;66;0;0;0;0;0;0;0;0;0;0;0;0;0;0;2679526107;24466527;197232515538;114709093462;0;0;1085182542327;8000;199912042659;114733560034;106471614;306519487;752908939120500;0;1189719987588;0;261;752908939120500;752908939120500;0;0;0;6246;500;1;0;0;0;0;0;0;0;0;0;0;0;0;0;0;0;0;0;0;0;0;0;0;0;0;0;0;0;0;0;0;0;0;0;0;0;0;0;0;0;0;0;0;0;0;0;0;0;0;0;0;0;0;0;0;0;0;0;0;0;0;0;0;0;0;0;0;0;0;0;0;0;0;0;0;0;0;0;0;0;0;0;0;0;0;0;0;0;0;0;0;0;0;0;0;0;0;0;0;0;0;0;0;0;0;0;0;0;0;0;0;0;0;0;0;0;0;0;0;0;0;0;0;0;0;0;0;0;0;0;0;0;0;0;9517759900136;1588658590608;11106418490744;9517759900136;9517759900136;917837749507;917837749507;1189719987517;199912042589;1389632030106;114733455331;114733455331;12641316108;2110027532;14751343640;12641316108;12641316108;1219055455;1219055455;12641316108;3329082987;15970399095;0;0;0;0;0;0;0;0;0;0;0;0;0;0;0;0;0;0;0;0;0;0;0;0;0;0;0;0;0;0;0;0;0;0;0;0;0;0;0;0;0;0;0;12800;0;0;0;752908939120500;0;0;0;0;0;0;289117032622560;0;0;0;289117032622560;384;0;752908939120500;0;0;0;0;0;0;0;0;0;0;0;289117032622560;0;0;0;289117032622560;384;0;752908939120500;0;0;0;0;0;752908939120500;1389632030094;1389632030094;114733455319;114733455319;12;12;12;12;2379439975034;2379439975034;629290995840;629290995840;3008730970874;9517759900136;9517759900136;2506496340115;2506496340115;12024256240251;0;0;1504365485437;0;0;0;1504365485437;0;0;0;0;1504365485437;752908939120500;0;0;0;0;0;0;1;0;0;1
OoO-N-10;4193133;4193133414500;4193133414500;1000000000000;1586,63;2642794137;689044;4264879104;6121801970;2688013;3858370;1000;8386266858;0;0;4264879104;6121801970;2403472053;5410812171;0;7331096;70624338;2403472053;5410812171;0;2390845118;520352548;8590868181;4766470410;0;0;0;0;405963456;257891355;2032394789;18;1775359700;1107055837;668303863;0;8386266858;1;0;89447443;7192372;1410505302;486878;41723;800330508;0;32;0;0;0;0;0;586;0;1642885;24;645968;1641038;0;0;268;0;0;0;1336861680;0;8406240;200026;26449920;0;752147680;0;4;0;0;0;0;0;0;0;0;0;0;0;0;0;0;51943431;24285270;1055112406;644018593;0;0;6121912834;8000;1107056565;668303868;718011;1740971;4193133414500;0;6529343992;0;259;4193133414500;4193133414500;0;0;0;6091;500;1;0;0;0;0;0;0;0;0;0;0;0;0;0;0;0;0;0;0;0;0;0;0;0;0;0;0;0;0;0;0;0;0;0;0;0;0;0;0;0;0;0;0;0;0;0;0;0;0;0;0;0;0;0;0;0;0;0;0;0;0;0;0;0;0;0;0;0;0;0;0;0;0;0;0;0;0;0;0;0;0;0;0;0;0;0;0;0;0;0;0;0;0;0;0;0;0;0;0;0;0;0;0;0;0;0;0;0;0;0;0;0;0;0;0;0;0;0;0;0;0;0;0;0;0;0;0;0;0;0;0;0;0;0;52234751376;8728147197;60962898573;52234751376;52234751376;5315813811;5315813811;6529343922;1107056495;7636400417;668199165;668199165;12457211878;2081533387;14538745264;12457211878;12457211878;1267742589;1267742589;12457211878;3349275976;15806487853;0;0;0;0;0;0;0;0;0;0;0;0;0;0;0;0;0;0;0;0;0;0;0;0;0;0;0;0;0;0;0;0;0;0;0;0;0;0;0;0;0;0;0;12800;0;0;0;4193133414500;0;0;0;0;0;0;1610163231360;0;0;0;1610163231360;384;0;4193133414500;0;0;0;0;0;0;0;0;0;0;0;1610163231360;0;0;0;1610163231360;384;0;4193133414500;0;0;0;0;0;4193133414500;7636400405;7636400405;668199153;668199153;12;12;12;12;13058687844;13058687844;3550511320;3550511320;16609199164;52234751376;52234751376;14043961008;14043961008;66278712384;0;0;8304599582;0;0;0;8304599582;0;0;0;0;8304599582;4193133414500;0;0;0;0;0;0;1;0;0;0
OoO-N-20;7938357;7938357349500;7938357349500;1000000000000;3072,34;2583813971;689044;8091072711;11518504872;2633520;3749097;1000;15876714728;0;0;8091072711;11518504872;4276788015;10485927131;0;7331156;104839954;4276788015;10485927131;0;4180420641;768524678;16727784621;9270061370;0;0;0;0;598357151;380122659;3756179265;18;3339887904;2100059993;1239827911;0;15876714728;1;0;128647539;7192422;2482759460;886878;41723;1546897778;0;32;0;0;0;0;0;586;0;2642905;24;645968;1841038;0;0;268;0;0;0;2577832880;0;8406240;400026;51296720;0;1497882880;0;4;0;0;0;0;0;0;0;0;0;0;0;0;0;0;64943517;24285318;2035116476;1215542593;0;0;11518615736;8000;2100060721;1239827916;1241521;3272521;7938357349500;0;12449282567;0;259;7938357349500;7938357349500;0;0;0;6091;500;1;0;0;0;0;0;0;0;0;0;0;0;0;0;0;0;0;0;0;0;0;0;0;0;0;0;0;0;0;0;0;0;0;0;0;0;0;0;0;0;0;0;0;0;0;0;0;0;0;0;0;0;0;0;0;0;0;0;0;0;0;0;0;0;0;0;0;0;0;0;0;0;0;0;0;0;0;0;0;0;0;0;0;0;0;0;0;0;0;0;0;0;0;0;0;0;0;0;0;0;0;0;0;0;0;0;0;0;0;0;0;0;0;0;0;0;0;0;0;0;0;0;0;0;0;0;0;0;0;0;0;0;0;0;99594259976;16620180405;116214440381;99594259976;99594259976;9888006203;9888006203;12449282497;2100060651;14549343148;1239723213;1239723213;12545953223;2093654855;14639608078;12545953223;12545953223;1245598525;1245598525;12545953223;3339253380;15885206603;0;0;0;0;0;0;0;0;0;0;0;0;0;0;0;0;0;0;0;0;0;0;0;0;0;0;0;0;0;0;0;0;0;0;0;0;0;0;0;0;0;0;0;12800;0;0;0;7938357349500;0;0;0;0;0;0;3048329222400;0;0;0;3048329222400;384;0;7938357349500;0;0;0;0;0;0;0;0;0;0;0;3048329222400;0;0;0;3048329222400;384;0;7938357349500;0;0;0;0;0;7938357349500;14549343136;14549343136;1239723201;1239723201;12;12;12;12;24898564994;24898564994;6679567728;6679567728;31578132722;99594259976;99594259976;26508186608;26508186608;126102446584;0;0;15789066361;0;0;0;15789066361;0;0;0;0;15789066361;7938357349500;0;0;0;0;0;0;1;0;0;0
OoO-N-30;11683581;11683581385000;11683581385000;1000000000000;4520,90;2584348300;689048;11917266396;16915207935;2636038;3741557;1000;23367162799;0;0;11917266396;16915207935;6150104138;15561042091;0;7331216;139055596;6150104138;15561042091;0;5969996319;1016696917;24864701061;13773652330;0;0;0;0;790750985;502354027;5479963821;18;4904416136;3093064174;1811351962;0;23367162799;1;0;167847661;7192472;3555013751;1286878;41723;2293465048;0;32;0;0;0;0;0;586;0;3642925;24;645968;2041038;0;0;268;0;0;0;3818804080;0;8406240;600026;76143520;0;2243618080;0;4;0;0;0;0;0;0;0;0;0;0;0;0;0;0;77943628;24285369;3015120546;1787066593;0;0;16915318799;8000;3093064902;1811351967;1765031;4804071;11683581385000;0;18369221260;0;259;11683581385000;11683581385000;0;0;0;6091;500;1;0;0;0;0;0;0;0;0;0;0;0;0;0;0;0;0;0;0;0;0;0;0;0;0;0;0;0;0;0;0;0;0;0;0;0;0;0;0;0;0;0;0;0;0;0;0;0;0;0;0;0;0;0;0;0;0;0;0;0;0;0;0;0;0;0;0;0;0;0;0;0;0;0;0;0;0;0;0;0;0;0;0;0;0;0;0;0;0;0;0;0;0;0;0;0;0;0;0;0;0;0;0;0;0;0;0;0;0;0;0;0;0;0;0;0;0;0;0;0;0;0;0;0;0;0;0;0;0;0;0;0;0;0;146953769520;24512213753;171465983273;146953769520;146953769520;14460198607;14460198607;18369221190;3093064832;21462286022;1811247264;1811247264;12577801675;2098005136;14675806812;12577801675;12577801675;1237651207;1237651207;12577801675;3335656343;15913458019;0;0;0;0;0;0;0;0;0;0;0;0;0;0;0;0;0;0;0;0;0;0;0;0;0;0;0;0;0;0;0;0;0;0;0;0;0;0;0;0;0;0;0;12800;0;0;0;11683581385000;0;0;0;0;0;0;4486495251840;0;0;0;4486495251840;384;0;11683581385000;0;0;0;0;0;0;0;0;0;0;0;4486495251840;0;0;0;4486495251840;384;0;11683581385000;0;0;0;0;0;11683581385000;21462286010;21462286010;1811247252;1811247252;12;12;12;12;36738442380;36738442380;9808624192;9808624192;46547066572;146953769520;146953769520;38972412360;38972412360;185926181880;0;0;23273533286;0;0;0;23273533286;0;0;0;0;23273533286;11683581385000;0;0;0;0;0;0;1;0;0;0
OoO-N-40;15428805;15428805374000;15428805374000;1000000000000;5959,57;2588911163;689048;15743460046;22311910926;2641709;3743877;1000;30857610777;0;0;15743460046;22311910926;8023420187;20636157051;0;7331276;173271224;8023420187;20636157051;0;7759571959;1264869123;33001617501;18277243290;0;0;0;0;983144744;624585362;7203748337;18;6468944358;4086068344;2382876014;0;30857610777;1;0;207047769;7192523;4627267972;1686878;41730;3040032318;0;32;0;0;0;0;0;586;0;4642945;24;645968;2241038;0;0;268;0;0;0;5059775280;0;8406240;800026;100990320;0;2989353280;0;4;0;0;0;0;0;0;0;0;0;0;0;0;0;0;90943728;24285421;3995124616;2358590593;0;0;22312021790;8000;4086069072;2382876019;2288541;6335621;15428805374000;0;24289159897;0;259;15428805374000;15428805374000;0;0;0;6091;500;1;0;0;0;0;0;0;0;0;0;0;0;0;0;0;0;0;0;0;0;0;0;0;0;0;0;0;0;0;0;0;0;0;0;0;0;0;0;0;0;0;0;0;0;0;0;0;0;0;0;0;0;0;0;0;0;0;0;0;0;0;0;0;0;0;0;0;0;0;0;0;0;0;0;0;0;0;0;0;0;0;0;0;0;0;0;0;0;0;0;0;0;0;0;0;0;0;0;0;0;0;0;0;0;0;0;0;0;0;0;0;0;0;0;0;0;0;0;0;0;0;0;0;0;0;0;0;0;0;0;0;0;0;0;194313278616;32404247053;226717525669;194313278616;194313278616;19032391027;19032391027;24289159827;4086069002;28375228829;2382771316;2382771316;12594188202;2100243426;14694431628;12594188202;12594188202;1233562195;1233562195;12594188202;3333805621;15927993823;0;0;0;0;0;0;0;0;0;0;0;0;0;0;0;0;0;0;0;0;0;0;0;0;0;0;0;0;0;0;0;0;0;0;0;0;0;0;0;0;0;0;0;12800;0;0;0;15428805374000;0;0;0;0;0;0;5924661264000;0;0;0;5924661264000;384;0;15428805374000;0;0;0;0;0;0;0;0;0;0;0;5924661264000;0;0;0;5924661264000;384;0;15428805374000;0;0;0;0;0;15428805374000;28375228817;28375228817;2382771304;2382771304;12;12;12;12;48578319654;48578319654;12937680636;12937680636;61516000290;194313278616;194313278616;51436638080;51436638080;245749916696;0;0;30758000145;0;0;0;30758000145;0;0;0;0;30758000145;15428805374000;0;0;0;0;0;0;1;0;0;0
OoO-N-50;19174029;19174029287000;19174029287000;1000000000000;7407,27;2588541522;689044;19569653627;27708613777;2641952;3740732;1000;38348058603;0;0;19569653627;27708613777;9896736098;25711272011;0;7331336;207486835;9896736098;25711272011;0;9549147435;1513041219;41138533941;22780834250;0;0;0;0;1175538406;746816642;8927532797;18;8033472558;5079072498;2954400060;0;38348058603;1;0;246247859;7192573;5699522083;2086878;41730;3786599588;0;32;0;0;0;0;0;586;0;5642965;24;645968;2441038;0;0;268;0;0;0;6300746480;0;8406240;1000026;125837120;0;3735088480;0;4;0;0;0;0;0;0;0;0;0;0;0;0;0;0;103943812;24285467;4975128686;2930114593;0;0;27708724641;8000;5079073226;2954400065;2812051;7867171;19174029287000;0;30209098453;0;259;19174029287000;19174029287000;0;0;0;6091;500;1;0;0;0;0;0;0;0;0;0;0;0;0;0;0;0;0;0;0;0;0;0;0;0;0;0;0;0;0;0;0;0;0;0;0;0;0;0;0;0;0;0;0;0;0;0;0;0;0;0;0;0;0;0;0;0;0;0;0;0;0;0;0;0;0;0;0;0;0;0;0;0;0;0;0;0;0;0;0;0;0;0;0;0;0;0;0;0;0;0;0;0;0;0;0;0;0;0;0;0;0;0;0;0;0;0;0;0;0;0;0;0;0;0;0;0;0;0;0;0;0;0;0;0;0;0;0;0;0;0;0;0;0;0;241672787064;40296280240;281969067304;241672787064;241672787064;23604583411;23604583411;30209098383;5079073156;35288171539;2954295362;2954295362;12604173252;2101607317;14705780568;12604173252;12604173252;1231070583;1231070583;12604173252;3332677900;15936851151;0;0;0;0;0;0;0;0;0;0;0;0;0;0;0;0;0;0;0;0;0;0;0;0;0;0;0;0;0;0;0;0;0;0;0;0;0;0;0;0;0;0;0;12800;0;0;0;19174029287000;0;0;0;0;0;0;7362827246400;0;0;0;7362827246400;384;0;19174029287000;0;0;0;0;0;0;0;0;0;0;0;7362827246400;0;0;0;7362827246400;384;0;19174029287000;0;0;0;0;0;19174029287000;35288171527;35288171527;2954295350;2954295350;12;12;12;12;60418196766;60418196766;16066737036;16066737036;76484933802;241672787064;241672787064;63900863651;63900863651;305573650715;0;0;38242466901;0;0;0;38242466901;0;0;0;0;38242466901;19174029287000;0;0;0;0;0;0;1;0;0;0
OoO-N-60;22919253;22919253309000;22919253309000;1000000000000;8863,38;2585837642;689044;23395847299;33105316816;2639609;3735068;1000;45838506647;0;0;23395847299;33105316816;11770052197;30786386971;0;7331396;241702474;11770052197;30786386971;0;11338723086;1761213441;49275450381;27284425210;0;0;0;0;1367932224;869047996;10651317343;18;9598000786;6072076677;3525924109;0;45838506647;1;0;285447978;7192623;6771776354;2486878;41730;4533166858;0;32;0;0;0;0;0;586;0;6642985;24;645968;2641038;0;0;268;0;0;0;7541717680;0;8406240;1200026;150683920;0;4480823680;0;4;0;0;0;0;0;0;0;0;0;0;0;0;0;0;116943921;24285516;5955132756;3501638593;0;0;33105427680;8000;6072077405;3525924114;3335561;9398721;22919253309000;0;36129037130;0;259;22919253309000;22919253309000;0;0;0;6091;500;1;0;0;0;0;0;0;0;0;0;0;0;0;0;0;0;0;0;0;0;0;0;0;0;0;0;0;0;0;0;0;0;0;0;0;0;0;0;0;0;0;0;0;0;0;0;0;0;0;0;0;0;0;0;0;0;0;0;0;0;0;0;0;0;0;0;0;0;0;0;0;0;0;0;0;0;0;0;0;0;0;0;0;0;0;0;0;0;0;0;0;0;0;0;0;0;0;0;0;0;0;0;0;0;0;0;0;0;0;0;0;0;0;0;0;0;0;0;0;0;0;0;0;0;0;0;0;0;0;0;0;0;0;0;289032296480;48188313596;337220610076;289032296480;289032296480;28176775807;28176775807;36129037060;6072077335;42201114395;3525819411;3525819411;12610894979;2102525460;14713420439;12610894979;12610894979;1229393272;1229393272;12610894979;3331918731;15942813710;0;0;0;0;0;0;0;0;0;0;0;0;0;0;0;0;0;0;0;0;0;0;0;0;0;0;0;0;0;0;0;0;0;0;0;0;0;0;0;0;0;0;0;12800;0;0;0;22919253309000;0;0;0;0;0;0;8800993271040;0;0;0;8800993271040;384;0;22919253309000;0;0;0;0;0;0;0;0;0;0;0;8800993271040;0;0;0;8800993271040;384;0;22919253309000;0;0;0;0;0;22919253309000;42201114383;42201114383;3525819399;3525819399;12;12;12;12;72258074120;72258074120;19195793492;19195793492;91453867612;289032296480;289032296480;76365089403;76365089403;365397385883;0;0;45726933806;0;0;0;45726933806;0;0;0;0;45726933806;22919253309000;0;0;0;0;0;0;1;0;0;0
OoO-N-70;26774656;26774656280000;26774656280000;1000000000000;10361,48;2584055986;689044;27331925315;38667038316;2637839;3731805;1000;53549312589;0;0;27331925315;38667038316;13716025147;36001875747;0;7332026;279322578;13716025147;36001875747;0;13200163490;2026416788;57610345444;31917686772;0;0;0;0;1579453625;1003293097;12432834274;18;11211847560;7103694072;4108153488;0;53549312589;1;0;328855102;7193076;7876771936;2886938;41814;5306535716;0;32;0;0;0;0;0;586;0;7643109;24;646034;2841168;0;0;268;0;0;0;8830634120;0;12609360;1400038;176332280;0;5229765120;0;6;0;0;0;0;0;0;0;0;0;0;0;0;0;0;131247812;24287746;6972446260;4083865742;0;0;38667149185;8000;7103694809;4108153494;3909881;10930273;26774656280000;0;42214199588;0;259;26774656280000;26774656280000;0;0;0;6096;500;1;0;0;0;0;0;0;0;0;0;0;0;0;0;0;0;0;0;0;0;0;0;0;0;0;0;0;0;0;0;0;0;0;0;0;0;0;0;0;0;0;0;0;0;0;0;0;0;0;0;0;0;0;0;0;0;0;0;0;0;0;0;0;0;0;0;0;0;0;0;0;0;0;0;0;0;0;0;0;0;0;0;0;0;0;0;0;0;0;0;0;0;0;0;0;0;0;0;0;0;0;0;0;0;0;0;0;0;0;0;0;0;0;0;0;0;0;0;0;0;0;0;0;0;0;0;0;0;0;0;0;0;0;0;337713596144;56384046379;394097642523;337713596144;337713596144;32834607883;32834607883;42214199518;7103694739;49317894257;4108048791;4108048791;12613181384;2105873771;14719055154;12613181384;12613181384;1226331630;1226331630;12613181384;3332205401;15945386784;0;0;0;0;0;0;0;0;0;0;0;0;0;0;0;0;0;0;0;0;0;0;0;0;0;0;0;0;0;0;0;0;0;0;0;0;0;0;0;0;0;0;0;12800;0;0;0;26774656280000;0;0;0;0;0;0;10281468011520;0;0;0;10281468011520;384;0;26774656280000;0;0;0;0;0;0;0;0;0;0;0;10281468011520;0;0;0;10281468011520;384;0;26774656280000;0;0;0;0;0;26774656280000;49317894245;49317894245;4108048779;4108048779;12;12;12;12;84428399036;84428399036;22423487060;22423487060;106851886096;337713596144;337713596144;89218654262;89218654262;426932250406;0;0;53425943048;0;0;0;53425943048;0;0;0;0;53425943048;26774656280000;0;0;0;0;0;0;1;0;0;0
OoO-N-80;3051988;30519880292000;30519880292000;1000000000000;11785,02;2589719166;689044;31158118983;44063741342;2643876;3738963;1000;61039760613;0;0;31158118983;44063741342;15589341233;41076990707;0;7332086;313538214;15589341233;41076990707;0;14989739137;2274589002;65747261884;36421277732;0;0;0;0;1771847428;1125524453;14156618812;18;12776375786;8096698247;4679677539;0;61039760613;1;0;368055218;7193126;8949026196;3286938;41814;6053102986;0;32;0;0;0;0;0;586;0;8643129;24;646034;3041168;0;0;268;0;0;0;10071605320;0;12609360;1600038;201179080;0;5975500320;0;6;0;0;0;0;0;0;0;0;0;0;0;0;0;0;144247917;24287797;7952450330;4655389742;0;0;44063852211;8000;8096698984;4679677545;4433391;12461823;30519880292000;0;48134138254;0;259;30519880292000;30519880292000;0;0;0;6096;500;1;0;0;0;0;0;0;0;0;0;0;0;0;0;0;0;0;0;0;0;0;0;0;0;0;0;0;0;0;0;0;0;0;0;0;0;0;0;0;0;0;0;0;0;0;0;0;0;0;0;0;0;0;0;0;0;0;0;0;0;0;0;0;0;0;0;0;0;0;0;0;0;0;0;0;0;0;0;0;0;0;0;0;0;0;0;0;0;0;0;0;0;0;0;0;0;0;0;0;0;0;0;0;0;0;0;0;0;0;0;0;0;0;0;0;0;0;0;0;0;0;0;0;0;0;0;0;0;0;0;0;0;0;0;385073105472;64276079679;449349185151;385073105472;385073105472;37406800287;37406800287;48134138184;8096698914;56230837098;4679572842;4679572842;12617123717;2106039705;14723163422;12617123717;12617123717;1225653572;1225653572;12617123717;3331693276;15948816993;0;0;0;0;0;0;0;0;0;0;0;0;0;0;0;0;0;0;0;0;0;0;0;0;0;0;0;0;0;0;0;0;0;0;0;0;0;0;0;0;0;0;0;12800;0;0;0;30519880292000;0;0;0;0;0;0;11719634032320;0;0;0;11719634032320;384;0;30519880292000;0;0;0;0;0;0;0;0;0;0;0;11719634032320;0;0;0;11719634032320;384;0;30519880292000;0;0;0;0;0;30519880292000;56230837086;56230837086;4679572830;4679572830;12;12;12;12;96268276368;96268276368;25552543512;25552543512;121820819880;385073105472;385073105472;101682879966;101682879966;486755985438;0;0;60910409940;0;0;0;60910409940;0;0;0;0;60910409940;30519880292000;0;0;0;0;0;0;1;0;0;0
OoO-N-90;34265104;34265104304000;34265104304000;1000000000000;13262,29;2583649846;689048;34984312651;49460444368;2637879;3729406;1000;68530208637;0;0;34984312651;49460444368;17462657319;46152105667;0;7332146;347753850;17462657319;46152105667;0;16779314784;2522761216;73884178324;40924868692;0;0;0;0;1964241231;1247755809;15880403350;18;14340904012;9089702422;5251201590;0;68530208637;1;0;407255334;7193176;10021280456;3686938;41814;6799670256;0;32;0;0;0;0;0;586;0;9643149;24;646034;3241168;0;0;268;0;0;0;11312576520;0;12609360;1800038;226025880;0;6721235520;0;6;0;0;0;0;0;0;0;0;0;0;0;0;0;0;157248022;24287848;8932454400;5226913742;0;0;49460555237;8000;9089703159;5251201596;4956901;13993373;34265104304000;0;54054076920;0;259;34265104304000;34265104304000;0;0;0;6096;500;1;0;0;0;0;0;0;0;0;0;0;0;0;0;0;0;0;0;0;0;0;0;0;0;0;0;0;0;0;0;0;0;0;0;0;0;0;0;0;0;0;0;0;0;0;0;0;0;0;0;0;0;0;0;0;0;0;0;0;0;0;0;0;0;0;0;0;0;0;0;0;0;0;0;0;0;0;0;0;0;0;0;0;0;0;0;0;0;0;0;0;0;0;0;0;0;0;0;0;0;0;0;0;0;0;0;0;0;0;0;0;0;0;0;0;0;0;0;0;0;0;0;0;0;0;0;0;0;0;0;0;0;0;0;432432614800;72168112979;504600727779;432432614800;432432614800;41978992691;41978992691;54054076850;9089703089;63143779939;5251096893;5251096893;12620204245;2106169365;14726373610;12620204245;12620204245;1225123739;1225123739;12620204245;3331293104;15951497349;0;0;0;0;0;0;0;0;0;0;0;0;0;0;0;0;0;0;0;0;0;0;0;0;0;0;0;0;0;0;0;0;0;0;0;0;0;0;0;0;0;0;0;12800;0;0;0;34265104304000;0;0;0;0;0;0;13157800053120;0;0;0;13157800053120;384;0;34265104304000;0;0;0;0;0;0;0;0;0;0;0;13157800053120;0;0;0;13157800053120;384;0;34265104304000;0;0;0;0;0;34265104304000;63143779927;63143779927;5251096881;5251096881;12;12;12;12;108108153700;108108153700;28681599964;28681599964;136789753664;432432614800;432432614800;114147105670;114147105670;546579720470;0;0;68394876832;0;0;0;68394876832;0;0;0;0;68394876832;34265104304000;0;0;0;0;0;0;1;0;0;0
OoO-N-100;38010328;38010328306000;38010328306000;1000000000000;14700,43;2585660171;689044;38810506320;54857147386;2640092;3731668;1000;76020656641;0;0;38810506320;54857147386;19335973397;51227220627;0;7332206;381969481;19335973397;51227220627;0;18568890456;2770933431;82021094764;45428459652;0;0;0;0;2156635004;1369987163;17604187870;18;15905432230;10082706588;5822725642;0;76020656641;1;0;446455445;7193226;11093534714;4086940;41814;7546237526;0;32;0;0;0;0;0;586;0;10643169;24;646034;3441168;0;0;268;0;0;0;12553547720;0;12609360;2000038;250872680;0;7466970720;0;6;0;0;0;0;0;0;0;0;0;0;0;0;0;0;170248118;24287900;9912458470;5798437742;0;0;54857258255;8000;10082707324;5822725648;5480411;15524923;38010328306000;0;59974015575;0;259;38010328306000;38010328306000;0;0;0;6096;500;1;0;0;0;0;0;0;0;0;0;0;0;0;0;0;0;0;0;0;0;0;0;0;0;0;0;0;0;0;0;0;0;0;0;0;0;0;0;0;0;0;0;0;0;0;0;0;0;0;0;0;0;0;0;0;0;0;0;0;0;0;0;0;0;0;0;0;0;0;0;0;0;0;0;0;0;0;0;0;0;0;0;0;0;0;0;0;0;0;0;0;0;0;0;0;0;0;0;0;0;0;0;0;0;0;0;0;0;0;0;0;0;0;0;0;0;0;0;0;0;0;0;0;0;0;0;0;0;0;0;0;0;0;0;479792124040;80060146216;559852270256;479792124040;479792124040;46551185094;46551185094;59974015505;10082707254;70056722759;5822620945;5822620945;12622677715;2106273473;14728951188;12622677715;12622677715;1224698317;1224698317;12622677715;3330971790;15953649505;0;0;0;0;0;0;0;0;0;0;0;0;0;0;0;0;0;0;0;0;0;0;0;0;0;0;0;0;0;0;0;0;0;0;0;0;0;0;0;0;0;0;0;12800;0;0;0;38010328306000;0;0;0;0;0;0;14595966069600;0;0;0;14595966069600;384;0;38010328306000;0;0;0;0;0;0;0;0;0;0;0;14595966069600;0;0;0;14595966069600;384;0;38010328306000;0;0;0;0;0;38010328306000;70056722747;70056722747;5822620933;5822620933;12;12;12;12;119948031010;119948031010;31810656398;31810656398;151758687408;479792124040;479792124040;126611331310;126611331310;606403455350;0;0;75879343704;0;0;0;75879343704;0;0;0;0;75879343704;38010328306000;0;0;0;0;0;0;1;0;0;0
OoO-N-200;75682926;75682926438000;75682926438000;1000000000000;29240,37;2588302904;689044;77292211787;109154214760;2643339;3732997;1000;151365852905;0;0;77292211787;109154214760;38214448151;102259117859;0;7333946;730934792;38214448151;102259117859;0;36608376634;5286717961;163786216410;90723710456;0;0;0;0;4118828309;2616328271;34957498100;18;31649351618;20089974802;11559376816;0;151365852905;1;0;846870637;7194532;21881560090;8087062;41982;15065513402;0;32;0;0;0;0;0;586;0;20643577;24;646166;5441428;0;0;268;0;0;0;25059150200;0;21015600;4000062;500943800;0;14930735200;0;10;0;0;0;0;0;0;0;0;0;0;0;0;0;0;302856764;24292776;19787118038;11535084040;0;0;109154325639;8000;20089975556;11559376824;10817131;30840427;75682926438000;0;119503849932;0;259;75682926438000;75682926438000;0;0;0;6106;500;1;0;0;0;0;0;0;0;0;0;0;0;0;0;0;0;0;0;0;0;0;0;0;0;0;0;0;0;0;0;0;0;0;0;0;0;0;0;0;0;0;0;0;0;0;0;0;0;0;0;0;0;0;0;0;0;0;0;0;0;0;0;0;0;0;0;0;0;0;0;0;0;0;0;0;0;0;0;0;0;0;0;0;0;0;0;0;0;0;0;0;0;0;0;0;0;0;0;0;0;0;0;0;0;0;0;0;0;0;0;0;0;0;0;0;0;0;0;0;0;0;0;0;0;0;0;0;0;0;0;0;0;0;0;956030798896;159587878363;1115618677259;956030798896;956030798896;92444388516;92444388516;119503849862;20089975486;139593825348;11559272121;11559272121;12632053805;2108637785;14740691590;12632053805;12632053805;1221469529;1221469529;12632053805;3330107314;15962161119;0;0;0;0;0;0;0;0;0;0;0;0;0;0;0;0;0;0;0;0;0;0;0;0;0;0;0;0;0;0;0;0;0;0;0;0;0;0;0;0;0;0;0;12800;0;0;0;75682926438000;0;0;0;0;0;0;29062243752480;0;0;0;29062243752480;384;0;75682926438000;0;0;0;0;0;0;0;0;0;0;0;29062243752480;0;0;0;29062243752480;384;0;75682926438000;0;0;0;0;0;75682926438000;139593825336;139593825336;11559272109;11559272109;12;12;12;12;239007699724;239007699724;63298495214;63298495214;302306194938;956030798896;956030798896;252032266879;252032266879;1208063065775;0;0;151153097469;0;0;0;151153097469;0;0;0;0;151153097469;75682926438000;0;0;0;0;0;0;1;0;0;0
OoO-N-300;113245345;113245345362500;113245345362500;1000000000000;43549,95;2600355086;689044;115664032682;163286263231;2655893;3749401;1000;226490690754;0;0;115664032682;163286263231;57020265608;153150641275;0;7335116;1076495574;57020265608;153150641275;0;54575997658;7785471092;245353359433;135889290658;0;0;0;0;6061893675;3850655431;52253075739;18;47343952390;30058629742;17285322648;0;226490690754;1;0;1243078758;7195437;32636843768;12087123;42080;22557987690;0;32;0;0;0;0;0;586;0;30643881;24;646232;7441558;0;0;268;0;0;0;37516807440;0;25218720;6000074;750213360;0;22391293440;0;12;0;0;0;0;0;0;0;0;0;0;0;0;0;0;434161570;24295459;29624468172;17261027189;0;0;163286374115;8000;30058630505;17285322657;16103041;46155929;113245345362500;0;178868460205;0;259;113245345362500;113245345362500;0;0;0;6111;500;1;0;0;0;0;0;0;0;0;0;0;0;0;0;0;0;0;0;0;0;0;0;0;0;0;0;0;0;0;0;0;0;0;0;0;0;0;0;0;0;0;0;0;0;0;0;0;0;0;0;0;0;0;0;0;0;0;0;0;0;0;0;0;0;0;0;0;0;0;0;0;0;0;0;0;0;0;0;0;0;0;0;0;0;0;0;0;0;0;0;0;0;0;0;0;0;0;0;0;0;0;0;0;0;0;0;0;0;0;0;0;0;0;0;0;0;0;0;0;0;0;0;0;0;0;0;0;0;0;0;0;0;0;0;1430947681080;238811910829;1669759591909;1430947681080;1430947681080;138251952231;138251952231;178868460135;30058630435;208927090570;17285217954;17285217954;12635818951;2108801117;14744620069;12635818951;12635818951;1220817966;1220817966;12635818951;3329619084;15965438035;0;0;0;0;0;0;0;0;0;0;0;0;0;0;0;0;0;0;0;0;0;0;0;0;0;0;0;0;0;0;0;0;0;0;0;0;0;0;0;0;0;0;0;12800;0;0;0;113245345362500;0;0;0;0;0;0;43486212619200;0;0;0;43486212619200;384;0;113245345362500;0;0;0;0;0;0;0;0;0;0;0;43486212619200;0;0;0;43486212619200;384;0;113245345362500;0;0;0;0;0;113245345362500;208927090558;208927090558;17285217942;17285217942;12;12;12;12;357736920270;357736920270;94687696778;94687696778;452424617048;1430947681080;1430947681080;377063863060;377063863060;1808011544140;0;0;226212308524;0;0;0;226212308524;0;0;0;0;226212308524;113245345362500;0;0;0;0;0;0;1;0;0;0
OoO-S1-10;4123012;4123012401500;4123012401500;1000000000000;1557,89;2646544682;689048;4202834189;6003548393;2697782;3853653;1000;8246024832;0;0;4202834189;6003548393;2290203981;5406834549;0;5278396;62299782;2290203981;5406834549;0;2240049984;437969418;8583879969;4762975116;0;0;0;0;343860411;223080260;1982591748;18;1750720816;1092451280;658269536;0;8246024832;1;0;76821508;5301877;1321756560;401232;2222;800172504;0;32;0;0;0;0;0;586;0;1007899;24;8012;216032;0;0;268;0;0;0;1336861680;0;8406240;200026;26449920;0;752147680;0;4;0;0;0;0;0;0;0;0;0;0;0;0;0;0;37821202;14414293;1054630078;643855243;0;0;6003653614;8000;1092451317;658269541;718023;1740972;4123012401500;0;6445310628;0;259;4123012401500;4123012401500;0;0;0;448;500;1;0;0;0;0;0;0;0;0;0;0;0;0;0;0;0;0;0;0;0;0;0;0;0;0;0;0;0;0;0;0;0;0;0;0;0;0;0;0;0;0;0;0;0;0;0;0;0;0;0;0;0;0;0;0;0;0;0;0;0;0;0;0;0;0;0;0;0;0;0;0;0;0;0;0;0;0;0;0;0;0;0;0;0;0;0;0;0;0;0;0;0;0;0;0;0;0;0;0;0;0;0;0;0;0;0;0;0;0;0;0;0;0;0;0;0;0;0;0;0;0;0;0;0;0;0;0;0;0;0;0;0;0;0;51562484464;8636047820;60198532284;51562484464;51562484464;5250430906;5250430906;6445310558;1092451247;7537761805;658164838;658164838;12506022161;2094596615;14600618776;12506022161;12506022161;1273445334;1273445334;12506022161;3368041949;15874064111;0;0;0;0;0;0;0;0;0;0;0;0;0;0;0;0;0;0;0;0;0;0;0;0;0;0;0;0;0;0;0;0;0;0;0;0;0;0;0;0;0;0;0;12800;0;0;0;4123012401500;0;0;0;0;0;0;1583236762560;0;0;0;1583236762560;384;0;4123012401500;0;0;0;0;0;0;0;0;0;0;0;1583236762560;0;0;0;1583236762560;384;0;4123012401500;0;0;0;0;0;4123012401500;7537761793;7537761793;658164826;658164826;12;12;12;12;12890621116;12890621116;3501232170;3501232170;16391853286;51562484464;51562484464;13886478726;13886478726;65448963190;0;0;8195926643;0;0;0;8195926643;0;0;0;0;8195926643;4123012401500;0;0;0;0;0;0;1;0;0;1
OoO-S1-20;7868238;7868237517000;7868237517000;1000000000000;2979,57;2640725895;689048;8029028905;11400253268;2694690;3826136;1000;15736475063;0;0;8029028905;11400253268;4163521871;10481949509;0;5278510;96515526;4163521871;10481949509;0;4029628028;686142928;16720796409;9266566076;0;0;0;0;536254918;345312109;3706377143;18;3315249495;2085455717;1229793778;0;15736475063;1;0;116021826;5301963;2394012193;801219;2222;1546739774;0;32;0;0;0;0;0;586;0;2007919;24;8012;416032;0;0;268;0;0;0;2577832880;0;8406240;400026;51296720;0;1497882880;0;4;0;0;0;0;0;0;0;0;0;0;0;0;0;0;50821569;14414535;2034634148;1215379243;0;0;11400358489;8000;2085455754;1229793783;1241533;3272522;7868237517000;0;12365250700;0;259;7868237517000;7868237517000;0;0;0;448;500;1;0;0;0;0;0;0;0;0;0;0;0;0;0;0;0;0;0;0;0;0;0;0;0;0;0;0;0;0;0;0;0;0;0;0;0;0;0;0;0;0;0;0;0;0;0;0;0;0;0;0;0;0;0;0;0;0;0;0;0;0;0;0;0;0;0;0;0;0;0;0;0;0;0;0;0;0;0;0;0;0;0;0;0;0;0;0;0;0;0;0;0;0;0;0;0;0;0;0;0;0;0;0;0;0;0;0;0;0;0;0;0;0;0;0;0;0;0;0;0;0;0;0;0;0;0;0;0;0;0;0;0;0;0;98922005040;16528083182;115450088222;98922005040;98922005040;9822624860;9822624860;12365250630;2085455684;14450706314;1229689080;1229689080;12572320653;2100608065;14672928718;12572320653;12572320653;1248389470;1248389470;12572320653;3348997534;15921318187;0;0;0;0;0;0;0;0;0;0;0;0;0;0;0;0;0;0;0;0;0;0;0;0;0;0;0;0;0;0;0;0;0;0;0;0;0;0;0;0;0;0;0;12800;0;0;0;7868237517000;0;0;0;0;0;0;3021403206720;0;0;0;3021403206720;384;0;7868237517000;0;0;0;0;0;0;0;0;0;0;0;3021403206720;0;0;0;3021403206720;384;0;7868237517000;0;0;0;0;0;7868237517000;14450706302;14450706302;1229689068;1229689068;12;12;12;12;24730501260;24730501260;6630289528;6630289528;31360790788;98922005040;98922005040;26350708042;26350708042;125272713082;0;0;15680395394;0;0;0;15680395394;0;0;0;0;15680395394;7868237517000;0;0;0;0;0;0;1;0;0;1
OoO-S1-30;11613459;11613459388500;11613459388500;1000000000000;4419,08;2628024365;689048;11855220550;16796952699;2682733;3801004;1000;23226918806;0;0;11855220550;16796952699;6036834442;15557064469;0;5278474;130730928;6036834442;15557064469;0;5819199050;934312611;24857712849;13770157036;0;0;0;0;728647240;467542449;5430160031;18;4879776867;3078459386;1801317481;0;23226918806;1;0;155221544;5301949;3466263756;1201239;2222;2293307044;0;32;0;0;0;0;0;586;0;3007939;24;8012;616032;0;0;268;0;0;0;3818804080;0;8406240;600026;76143520;0;2243618080;0;4;0;0;0;0;0;0;0;0;0;0;0;0;0;0;63821168;14414238;3014638218;1786903243;0;0;16797057920;8000;3078459423;1801317486;1765043;4804072;11613459388500;0;18285186657;0;259;11613459388500;11613459388500;0;0;0;448;500;1;0;0;0;0;0;0;0;0;0;0;0;0;0;0;0;0;0;0;0;0;0;0;0;0;0;0;0;0;0;0;0;0;0;0;0;0;0;0;0;0;0;0;0;0;0;0;0;0;0;0;0;0;0;0;0;0;0;0;0;0;0;0;0;0;0;0;0;0;0;0;0;0;0;0;0;0;0;0;0;0;0;0;0;0;0;0;0;0;0;0;0;0;0;0;0;0;0;0;0;0;0;0;0;0;0;0;0;0;0;0;0;0;0;0;0;0;0;0;0;0;0;0;0;0;0;0;0;0;0;0;0;0;0;146281492696;24420112682;170701605378;146281492696;146281492696;14394814484;14394814484;18285186587;3078459353;21363645940;1801212783;1801212783;12595858633;2102742332;14698600965;12595858633;12595858633;1239494108;1239494108;12595858633;3342236440;15938095073;0;0;0;0;0;0;0;0;0;0;0;0;0;0;0;0;0;0;0;0;0;0;0;0;0;0;0;0;0;0;0;0;0;0;0;0;0;0;0;0;0;0;0;12800;0;0;0;11613459388500;0;0;0;0;0;0;4459568405280;0;0;0;4459568405280;384;0;11613459388500;0;0;0;0;0;0;0;0;0;0;0;4459568405280;0;0;0;4459568405280;384;0;11613459388500;0;0;0;0;0;11613459388500;21363645928;21363645928;1801212771;1801212771;12;12;12;12;36570373174;36570373174;9759344272;9759344272;46329717446;146281492696;146281492696;38814927166;38814927166;185096419862;0;0;23164858723;0;0;0;23164858723;0;0;0;0;23164858723;11613459388500;0;0;0;0;0;0;1;0;0;1
OoO-S1-40;15358685;15358684839000;15358684839000;1000000000000;5855,19;2623090657;689048;15681415575;22193658137;2678209;3790427;1000;30717369707;0;0;15681415575;22193658137;7910152883;20632179429;0;5278600;164946716;7910152883;20632179429;0;7608777821;1182486533;32994629289;18273747996;0;0;0;0;921042011;589774467;7153945680;18;6444305674;4071463903;2372841771;0;30717369707;1;0;194421926;5302044;4538519810;1601224;2229;3039874314;0;32;0;0;0;0;0;586;0;4007959;24;8012;816032;0;0;268;0;0;0;5059775280;0;8406240;800026;100990320;0;2989353280;0;4;0;0;0;0;0;0;0;0;0;0;0;0;0;0;76821615;14414528;3994642288;2358427243;0;0;22193763358;8000;4071463940;2372841776;2288553;6335622;15358684839000;0;24205127145;0;259;15358684839000;15358684839000;0;0;0;448;500;1;0;0;0;0;0;0;0;0;0;0;0;0;0;0;0;0;0;0;0;0;0;0;0;0;0;0;0;0;0;0;0;0;0;0;0;0;0;0;0;0;0;0;0;0;0;0;0;0;0;0;0;0;0;0;0;0;0;0;0;0;0;0;0;0;0;0;0;0;0;0;0;0;0;0;0;0;0;0;0;0;0;0;0;0;0;0;0;0;0;0;0;0;0;0;0;0;0;0;0;0;0;0;0;0;0;0;0;0;0;0;0;0;0;0;0;0;0;0;0;0;0;0;0;0;0;0;0;0;0;0;0;0;0;193641016600;32312148620;225953165220;193641016600;193641016600;18967008814;18967008814;24205127075;4071463870;28276590945;2372737073;2372737073;12607916539;2103835645;14711752184;12607916539;12607916539;1234937041;1234937041;12607916539;3338772686;15946689225;0;0;0;0;0;0;0;0;0;0;0;0;0;0;0;0;0;0;0;0;0;0;0;0;0;0;0;0;0;0;0;0;0;0;0;0;0;0;0;0;0;0;0;12800;0;0;0;15358684839000;0;0;0;0;0;0;5897734978560;0;0;0;5897734978560;384;0;15358684839000;0;0;0;0;0;0;0;0;0;0;0;5897734978560;0;0;0;5897734978560;384;0;15358684839000;0;0;0;0;0;15358684839000;28276590933;28276590933;2372737061;2372737061;12;12;12;12;48410254150;48410254150;12888401886;12888401886;61298656036;193641016600;193641016600;51279157434;51279157434;244920174034;0;0;30649328018;0;0;0;30649328018;0;0;0;0;30649328018;15358684839000;0;0;0;0;0;0;1;0;0;1
OoO-S1-50;19103908;19103908049500;19103908049500;1000000000000;7255,10;2633169433;689044;19507608491;27590359803;2688813;3802892;1000;38207816128;0;0;19507608491;27590359803;9783467634;25707294389;0;5278630;199162247;9783467634;25707294389;0;9398351772;1430657789;41131545729;22777338956;0;0;0;0;1113435173;712005402;8877729605;18;8008833599;5064467892;2944365707;0;38207816128;1;0;233621886;5302074;5610773026;2001229;2229;3786441584;0;32;0;0;0;0;0;586;0;5007979;24;8012;1016032;0;0;268;0;0;0;6300746480;0;8406240;1000026;125837120;0;3735088480;0;4;0;0;0;0;0;0;0;0;0;0;0;0;0;0;89821534;14414464;4974646358;2929951243;0;0;27590465024;8000;5064467929;2944365712;2812063;7867172;19103908049500;0;30125064816;0;259;19103908049500;19103908049500;0;0;0;448;500;1;0;0;0;0;0;0;0;0;0;0;0;0;0;0;0;0;0;0;0;0;0;0;0;0;0;0;0;0;0;0;0;0;0;0;0;0;0;0;0;0;0;0;0;0;0;0;0;0;0;0;0;0;0;0;0;0;0;0;0;0;0;0;0;0;0;0;0;0;0;0;0;0;0;0;0;0;0;0;0;0;0;0;0;0;0;0;0;0;0;0;0;0;0;0;0;0;0;0;0;0;0;0;0;0;0;0;0;0;0;0;0;0;0;0;0;0;0;0;0;0;0;0;0;0;0;0;0;0;0;0;0;0;0;241000517968;40204180597;281204698565;241000517968;241000517968;23539200328;23539200328;30125064746;5064467859;35189532605;2944261009;2944261009;12615246961;2104500320;14719747281;12615246961;12615246961;1232166752;1232166752;12615246961;3336667071;15951914033;0;0;0;0;0;0;0;0;0;0;0;0;0;0;0;0;0;0;0;0;0;0;0;0;0;0;0;0;0;0;0;0;0;0;0;0;0;0;0;0;0;0;0;12800;0;0;0;19103908049500;0;0;0;0;0;0;7335900691200;0;0;0;7335900691200;384;0;19103908049500;0;0;0;0;0;0;0;0;0;0;0;7335900691200;0;0;0;7335900691200;384;0;19103908049500;0;0;0;0;0;19103908049500;35189532593;35189532593;2944260997;2944260997;12;12;12;12;60250129492;60250129492;16017457736;16017457736;76267587228;241000517968;241000517968;63743380925;63743380925;304743898893;0;0;38133793614;0;0;0;38133793614;0;0;0;0;38133793614;19103908049500;0;0;0;0;0;0;1;0;0;1
OoO-S1-60;22849134;22849133869000;22849133869000;1000000000000;8669,81;2635483358;689048;23333803890;32987065929;2691387;3804821;1000;45698267767;0;0;23333803890;32987065929;11656786765;30782409349;0;5278756;233378110;11656786765;30782409349;0;11187931450;1678832255;49268462169;27280929916;0;0;0;0;1305830355;834237743;10601515460;18;9573362492;6057472482;3515890010;0;45698267767;1;0;272822327;5302168;6683029674;2401230;2229;4533008854;0;32;0;0;0;0;0;586;0;6007999;24;8012;1216032;0;0;268;0;0;0;7541717680;0;8406240;1200026;150683920;0;4480823680;0;4;0;0;0;0;0;0;0;0;0;0;0;0;0;0;102822054;14414767;5954650428;3501475243;0;0;32987171150;8000;6057472519;3515890015;3335573;9398722;22849133869000;0;36045005728;0;259;22849133869000;22849133869000;0;0;0;448;500;1;0;0;0;0;0;0;0;0;0;0;0;0;0;0;0;0;0;0;0;0;0;0;0;0;0;0;0;0;0;0;0;0;0;0;0;0;0;0;0;0;0;0;0;0;0;0;0;0;0;0;0;0;0;0;0;0;0;0;0;0;0;0;0;0;0;0;0;0;0;0;0;0;0;0;0;0;0;0;0;0;0;0;0;0;0;0;0;0;0;0;0;0;0;0;0;0;0;0;0;0;0;0;0;0;0;0;0;0;0;0;0;0;0;0;0;0;0;0;0;0;0;0;0;0;0;0;0;0;0;0;0;0;0;288360045264;48096216687;336456261951;288360045264;288360045264;28111394650;28111394650;36045005658;6057472449;42102478107;3515785312;3515785312;12620174004;2104947039;14725121043;12620174004;12620174004;1230304606;1230304606;12620174004;3335251646;15955425649;0;0;0;0;0;0;0;0;0;0;0;0;0;0;0;0;0;0;0;0;0;0;0;0;0;0;0;0;0;0;0;0;0;0;0;0;0;0;0;0;0;0;0;12800;0;0;0;22849133869000;0;0;0;0;0;0;8774067406080;0;0;0;8774067406080;384;0;22849133869000;0;0;0;0;0;0;0;0;0;0;0;8774067406080;0;0;0;8774067406080;384;0;22849133869000;0;0;0;0;0;22849133869000;42102478095;42102478095;3515785300;3515785300;12;12;12;12;72090011316;72090011316;19146515522;19146515522;91236526838;288360045264;288360045264;76207611337;76207611337;364567656601;0;0;45618263419;0;0;0;45618263419;0;0;0;0;45618263419;22849133869000;0;0;0;0;0;0;1;0;0;1
OoO-S1-70;26704535;26704535422000;26704535422000;1000000000000;10177,95;2623763427;689048;27269880534;38548784973;2679309;3787480;1000;53409070873;0;0;27269880534;38548784973;13602757299;35997898125;0;5279338;270998030;13602757299;35997898125;0;13049368630;1944033796;57603357232;31914191478;0;0;0;0;1517350648;968482026;12383031381;18;11187208756;7089089557;4098119199;0;53409070873;1;0;316229201;5302589;7788023348;2801284;2313;5306377712;0;32;0;0;0;0;0;586;0;7008123;24;8078;1416162;0;0;268;0;0;0;8830634120;0;12609360;1400038;176332280;0;5229765120;0;6;0;0;0;0;0;0;0;0;0;0;0;0;0;0;117125625;14416807;6971963932;4083702392;0;0;38548890199;8000;7089089603;4098119205;3909893;10930274;26704535422000;0;42130166434;0;259;26704535422000;26704535422000;0;0;0;453;500;1;0;0;0;0;0;0;0;0;0;0;0;0;0;0;0;0;0;0;0;0;0;0;0;0;0;0;0;0;0;0;0;0;0;0;0;0;0;0;0;0;0;0;0;0;0;0;0;0;0;0;0;0;0;0;0;0;0;0;0;0;0;0;0;0;0;0;0;0;0;0;0;0;0;0;0;0;0;0;0;0;0;0;0;0;0;0;0;0;0;0;0;0;0;0;0;0;0;0;0;0;0;0;0;0;0;0;0;0;0;0;0;0;0;0;0;0;0;0;0;0;0;0;0;0;0;0;0;0;0;0;0;0;0;337041330912;56291947450;393333278362;337041330912;337041330912;32769225320;32769225320;42130166364;7089089533;49219255897;4098014502;4098014502;12621126920;2107954569;14729081489;12621126920;12621126920;1227103367;1227103367;12621126920;3335057935;15956184856;0;0;0;0;0;0;0;0;0;0;0;0;0;0;0;0;0;0;0;0;0;0;0;0;0;0;0;0;0;0;0;0;0;0;0;0;0;0;0;0;0;0;0;12800;0;0;0;26704535422000;0;0;0;0;0;0;10254541602240;0;0;0;10254541602240;384;0;26704535422000;0;0;0;0;0;0;0;0;0;0;0;10254541602240;0;0;0;10254541602240;384;0;26704535422000;0;0;0;0;0;26704535422000;49219255885;49219255885;4098014490;4098014490;12;12;12;12;84260332728;84260332728;22374208070;22374208070;106634540798;337041330912;337041330912;89061172770;89061172770;426102503682;0;0;53317270399;0;0;0;53317270399;0;0;0;0;53317270399;26704535422000;0;0;0;0;0;0;1;0;0;1
OoO-S1-80;30449758;30449758042000;30449758042000;1000000000000;11571,75;2631387068;689048;31096072914;43945485715;2687240;3797652;1000;60899516113;0;0;31096072914;43945485715;15476071161;41073013085;0;5279326;305213530;15476071161;41073013085;0;14838941401;2192204456;65740273672;36417782438;0;0;0;0;1709743559;1090712820;14106814789;18;12751736392;8082093392;4669643000;0;60899516113;1;0;355429047;5302591;8860275936;3201310;2313;6052944982;0;32;0;0;0;0;0;586;0;8008143;24;8078;1616162;0;0;268;0;0;0;10071605320;0;12609360;1600038;201179080;0;5975500320;0;6;0;0;0;0;0;0;0;0;0;0;0;0;0;0;130125390;14416608;7951968002;4655226392;0;0;43945590941;8000;8082093438;4669643006;4433403;12461824;30449758042000;0;48050103312;0;259;30449758042000;30449758042000;0;0;0;453;500;1;0;0;0;0;0;0;0;0;0;0;0;0;0;0;0;0;0;0;0;0;0;0;0;0;0;0;0;0;0;0;0;0;0;0;0;0;0;0;0;0;0;0;0;0;0;0;0;0;0;0;0;0;0;0;0;0;0;0;0;0;0;0;0;0;0;0;0;0;0;0;0;0;0;0;0;0;0;0;0;0;0;0;0;0;0;0;0;0;0;0;0;0;0;0;0;0;0;0;0;0;0;0;0;0;0;0;0;0;0;0;0;0;0;0;0;0;0;0;0;0;0;0;0;0;0;0;0;0;0;0;0;0;0;384400825936;64183977930;448584803866;384400825936;384400825936;37341415650;37341415650;48050103242;8082093368;56132196610;4669538303;4669538303;12624101164;2107864957;14731966121;12624101164;12624101164;1226328813;1226328813;12624101164;3334193771;15958294934;0;0;0;0;0;0;0;0;0;0;0;0;0;0;0;0;0;0;0;0;0;0;0;0;0;0;0;0;0;0;0;0;0;0;0;0;0;0;0;0;0;0;0;12800;0;0;0;30449758042000;0;0;0;0;0;0;11692707088320;0;0;0;11692707088320;384;0;30449758042000;0;0;0;0;0;0;0;0;0;0;0;11692707088320;0;0;0;11692707088320;384;0;30449758042000;0;0;0;0;0;30449758042000;56132196598;56132196598;4669538291;4669538291;12;12;12;12;96100206484;96100206484;25503263342;25503263342;121603469826;384400825936;384400825936;101525393580;101525393580;485926219516;0;0;60801734913;0;0;0;60801734913;0;0;0;0;60801734913;30449758042000;0;0;0;0;0;0;1;0;0;1
OoO-S1-90;34194983;34194982630500;34194982630500;1000000000000;13031,56;2624012247;689048;34922267115;49342189686;2679822;3786360;1000;68389965290;0;0;34922267115;49342189686;17349388167;46148128045;0;5279416;339429222;17349388167;46148128045;0;16628518237;2440377312;73877190112;40921373398;0;0;0;0;1902137730;1212944407;15830599796;18;14316264863;9075097708;5241167155;0;68389965290;1;0;394629275;5302661;9932530887;3601299;2313;6799512252;0;32;0;0;0;0;0;586;0;9008163;24;8078;1816162;0;0;268;0;0;0;11312576520;0;12609360;1800038;226025880;0;6721235520;0;6;0;0;0;0;0;0;0;0;0;0;0;0;0;0;143125636;14416763;8931972072;5226750392;0;0;49342294912;8000;9075097754;5241167161;4956913;13993374;34194982630500;0;53970042719;0;259;34194982630500;34194982630500;0;0;0;453;500;1;0;0;0;0;0;0;0;0;0;0;0;0;0;0;0;0;0;0;0;0;0;0;0;0;0;0;0;0;0;0;0;0;0;0;0;0;0;0;0;0;0;0;0;0;0;0;0;0;0;0;0;0;0;0;0;0;0;0;0;0;0;0;0;0;0;0;0;0;0;0;0;0;0;0;0;0;0;0;0;0;0;0;0;0;0;0;0;0;0;0;0;0;0;0;0;0;0;0;0;0;0;0;0;0;0;0;0;0;0;0;0;0;0;0;0;0;0;0;0;0;0;0;0;0;0;0;0;0;0;0;0;0;0;431760341192;72076012404;503836353596;431760341192;431760341192;41913608918;41913608918;53970042649;9075097684;63045140333;5241062458;5241062458;12626423761;2107794970;14734218731;12626423761;12626423761;1225723942;1225723942;12626423761;3333518913;15959942674;0;0;0;0;0;0;0;0;0;0;0;0;0;0;0;0;0;0;0;0;0;0;0;0;0;0;0;0;0;0;0;0;0;0;0;0;0;0;0;0;0;0;0;12800;0;0;0;34194982630500;0;0;0;0;0;0;13130873330400;0;0;0;13130873330400;384;0;34194982630500;0;0;0;0;0;0;0;0;0;0;0;13130873330400;0;0;0;13130873330400;384;0;34194982630500;0;0;0;0;0;34194982630500;63045140321;63045140321;5241062446;5241062446;12;12;12;12;107940085298;107940085298;28632320284;28632320284;136572405582;431760341192;431760341192;113989621322;113989621322;545749962514;0;0;68286202791;0;0;0;68286202791;0;0;0;0;68286202791;34194982630500;0;0;0;0;0;0;1;0;0;1
OoO-S1-100;37940207;37940207320500;37940207320500;1000000000000;14423,77;2630393966;689048;38748461448;54738893892;2686430;3795047;1000;75880414670;0;0;38748461448;54738893892;19222705413;51223243005;0;5279500;373644941;19222705413;51223243005;0;18418095465;2688550397;82014106552;45424964358;0;0;0;0;2094532035;1335176151;17554384810;18;15880793331;10068102030;5812691301;0;75880414670;1;0;433829508;5302727;11004786065;4001303;2313;7546079522;0;32;0;0;0;0;0;586;0;10008183;24;8078;2016162;0;0;268;0;0;0;12553547720;0;12609360;2000038;250872680;0;7466970720;0;6;0;0;0;0;0;0;0;0;0;0;0;0;0;0;156125888;14416909;9911976142;5798274392;0;0;54738999118;8000;10068102075;5812691307;5480423;15524924;37940207320500;0;59889982226;0;259;37940207320500;37940207320500;0;0;0;453;500;1;0;0;0;0;0;0;0;0;0;0;0;0;0;0;0;0;0;0;0;0;0;0;0;0;0;0;0;0;0;0;0;0;0;0;0;0;0;0;0;0;0;0;0;0;0;0;0;0;0;0;0;0;0;0;0;0;0;0;0;0;0;0;0;0;0;0;0;0;0;0;0;0;0;0;0;0;0;0;0;0;0;0;0;0;0;0;0;0;0;0;0;0;0;0;0;0;0;0;0;0;0;0;0;0;0;0;0;0;0;0;0;0;0;0;0;0;0;0;0;0;0;0;0;0;0;0;0;0;0;0;0;0;0;479119857248;79968046645;559087903893;479119857248;479119857248;46485802023;46485802023;59889982156;10068102005;69958084161;5812586604;5812586604;12628287800;2107738789;14736026590;12628287800;12628287800;1225238482;1225238482;12628287800;3332977271;15961265072;0;0;0;0;0;0;0;0;0;0;0;0;0;0;0;0;0;0;0;0;0;0;0;0;0;0;0;0;0;0;0;0;0;0;0;0;0;0;0;0;0;0;0;12800;0;0;0;37940207320500;0;0;0;0;0;0;14569039611360;0;0;0;14569039611360;384;0;37940207320500;0;0;0;0;0;0;0;0;0;0;0;14569039611360;0;0;0;14569039611360;384;0;37940207320500;0;0;0;0;0;37940207320500;69958084149;69958084149;5812586592;5812586592;12;12;12;12;119779964312;119779964312;31761377218;31761377218;151541341530;479119857248;479119857248;126453848668;126453848668;605573705916;0;0;75770670765;0;0;0;75770670765;0;0;0;0;75770670765;37940207320500;0;0;0;0;0;0;1;0;0;1
OoO-S1-200;75612804;75612803641000;75612803641000;1000000000000;28425,27;2660056215;689048;77230165196;109035958221;2716955;3835882;1000;151225607311;0;0;77230165196;109035958221;38101177187;102255140237;0;5281162;722610052;38101177187;102255140237;0;36457577690;5204332766;163779228198;90720215162;0;0;0;0;4056724082;2581516375;34907693666;18;31624712011;20075369823;11549342188;0;151225607311;1;0;834244367;5303981;21792809144;8001437;2481;15065355398;0;32;0;0;0;0;0;586;0;20008591;24;8210;4016422;0;0;268;0;0;0;25059150200;0;21015600;4000062;500943800;0;14930735200;0;10;0;0;0;0;0;0;0;0;0;0;0;0;0;0;288734113;14421498;19786635710;11534920690;0;0;109036063457;8000;20075369886;11549342196;10817143;30840428;75612803641000;0;119419814286;0;259;75612803641000;75612803641000;0;0;0;463;500;1;0;0;0;0;0;0;0;0;0;0;0;0;0;0;0;0;0;0;0;0;0;0;0;0;0;0;0;0;0;0;0;0;0;0;0;0;0;0;0;0;0;0;0;0;0;0;0;0;0;0;0;0;0;0;0;0;0;0;0;0;0;0;0;0;0;0;0;0;0;0;0;0;0;0;0;0;0;0;0;0;0;0;0;0;0;0;0;0;0;0;0;0;0;0;0;0;0;0;0;0;0;0;0;0;0;0;0;0;0;0;0;0;0;0;0;0;0;0;0;0;0;0;0;0;0;0;0;0;0;0;0;0;0;955358513728;159495775660;1114854289388;955358513728;955358513728;92379003182;92379003182;119419814216;20075369816;139495184032;11549237493;11549237493;12634877530;2109375238;14744252768;12634877530;12634877530;1221737573;1221737573;12634877530;3331112810;15965990341;0;0;0;0;0;0;0;0;0;0;0;0;0;0;0;0;0;0;0;0;0;0;0;0;0;0;0;0;0;0;0;0;0;0;0;0;0;0;0;0;0;0;0;12800;0;0;0;75612803641000;0;0;0;0;0;0;29035316598240;0;0;0;29035316598240;384;0;75612803641000;0;0;0;0;0;0;0;0;0;0;0;29035316598240;0;0;0;29035316598240;384;0;75612803641000;0;0;0;0;0;75612803641000;139495184020;139495184020;11549237481;11549237481;12;12;12;12;238839628432;238839628432;63249214618;63249214618;302088843050;955358513728;955358513728;251874778842;251874778842;1207233292570;0;0;151044421525;0;0;0;151044421525;0;0;0;0;151044421525;75612803641000;0;0;0;0;0;0;1;0;0;1
OoO-S2-10;4129308;4129307935000;4129307935000;1000000000000;1572,89;2625293703;689044;4208402225;6014169774;2675579;3823634;1000;8258615899;0;0;4208402225;6014169774;2300375738;5407196151;0;5460680;63049024;2300375738;5407196151;0;2253599059;445372530;8584515261;4763292870;0;0;0;0;349456135;226215227;1987053401;18;1752926205;1093759182;659167023;0;8258615899;1;0;77953622;5470857;1329731228;410866;5813;800186868;0;32;0;0;0;0;0;586;0;1065625;24;66008;345578;0;0;268;0;0;0;1336861680;0;8406240;200026;26449920;0;752147680;0;4;0;0;0;0;0;0;0;0;0;0;0;0;0;0;39085256;15296930;1054673926;643870093;0;0;6014275508;8000;1093759282;659167028;718131;1740981;4129307935000;0;6452848350;0;259;4129307935000;4129307935000;0;0;0;961;500;1;0;0;0;0;0;0;0;0;0;0;0;0;0;0;0;0;0;0;0;0;0;0;0;0;0;0;0;0;0;0;0;0;0;0;0;0;0;0;0;0;0;0;0;0;0;0;0;0;0;0;0;0;0;0;0;0;0;0;0;0;0;0;0;0;0;0;0;0;0;0;0;0;0;0;0;0;0;0;0;0;0;0;0;0;0;0;0;0;0;0;0;0;0;0;0;0;0;0;0;0;0;0;0;0;0;0;0;0;0;0;0;0;0;0;0;0;0;0;0;0;0;0;0;0;0;0;0;0;0;0;0;0;0;51622786240;8644252022;60267038262;51622786240;51622786240;5256250559;5256250559;6452848280;1093759212;7546607492;659062325;659062325;12501558870;2093390020;14594948890;12501558870;12501558870;1272913196;1272913196;12501558870;3366303216;15867862085;0;0;0;0;0;0;0;0;0;0;0;0;0;0;0;0;0;0;0;0;0;0;0;0;0;0;0;0;0;0;0;0;0;0;0;0;0;0;0;0;0;0;0;12800;0;0;0;4129307935000;0;0;0;0;0;0;1585654247040;0;0;0;1585654247040;384;0;4129307935000;0;0;0;0;0;0;0;0;0;0;0;1585654247040;0;0;0;1585654247040;384;0;4129307935000;0;0;0;0;0;4129307935000;7546607480;7546607480;659062313;659062313;12;12;12;12;12905696560;12905696560;3505643074;3505643074;16411339634;51622786240;51622786240;13900502581;13900502581;65523288821;0;0;8205669817;0;0;0;8205669817;0;0;0;0;8205669817;4129307935000;0;0;0;0;0;0;1;0;0;1
OoO-S2-20;7881523;7881522608500;7881522608500;1000000000000;2940,97;2679908061;689048;8040778593;11422667234;2734059;3883983;1000;15763045246;0;0;8040778593;11422667234;4184986873;10482712891;0;5663042;98096739;4184986873;10482712891;0;4058220390;701765673;16722137581;9267236890;0;0;0;0;548064668;351928241;3715791694;18;3319902962;2088215496;1231687466;0;15763045246;1;0;118410775;5658505;2410841089;821670;9803;1546770098;0;32;0;0;0;0;0;586;0;2129785;24;130448;689518;0;0;268;0;0;0;2577832880;0;8406240;400026;51296720;0;1497882880;0;4;0;0;0;0;0;0;0;0;0;0;0;0;0;0;53488780;16276873;2034726716;1215410593;0;0;11422773538;8000;2088215666;1231687471;1241761;3272541;7881522608500;0;12381156605;0;259;7881522608500;7881522608500;0;0;0;1531;500;1;0;0;0;0;0;0;0;0;0;0;0;0;0;0;0;0;0;0;0;0;0;0;0;0;0;0;0;0;0;0;0;0;0;0;0;0;0;0;0;0;0;0;0;0;0;0;0;0;0;0;0;0;0;0;0;0;0;0;0;0;0;0;0;0;0;0;0;0;0;0;0;0;0;0;0;0;0;0;0;0;0;0;0;0;0;0;0;0;0;0;0;0;0;0;0;0;0;0;0;0;0;0;0;0;0;0;0;0;0;0;0;0;0;0;0;0;0;0;0;0;0;0;0;0;0;0;0;0;0;0;0;0;0;99049252280;16545391775;115594644055;99049252280;99049252280;9834902390;9834902390;12381156535;2088215596;14469372131;1231582768;1231582768;12567273762;2099263378;14666537140;12567273762;12567273762;1247842946;1247842946;12567273762;3347106324;15914380086;0;0;0;0;0;0;0;0;0;0;0;0;0;0;0;0;0;0;0;0;0;0;0;0;0;0;0;0;0;0;0;0;0;0;0;0;0;0;0;0;0;0;0;12800;0;0;0;7881522608500;0;0;0;0;0;0;3026504681760;0;0;0;3026504681760;384;0;7881522608500;0;0;0;0;0;0;0;0;0;0;0;3026504681760;0;0;0;3026504681760;384;0;7881522608500;0;0;0;0;0;7881522608500;14469372119;14469372119;1231582756;1231582756;12;12;12;12;24762313070;24762313070;6639596728;6639596728;31401909798;99049252280;99049252280;26380294165;26380294165;125429546445;0;0;15700954899;0;0;0;15700954899;0;0;0;0;15700954899;7881522608500;0;0;0;0;0;0;1;0;0;1
OoO-S2-30;11633736;11633736475500;11633736475500;1000000000000;4418,46;2632986382;689048;11873154147;16831163248;2687172;3809285;1000;23267472980;0;0;11873154147;16831163248;6069596582;15558229631;0;5865380;133144349;6069596582;15558229631;0;5862839743;958157711;24859759901;13771180910;0;0;0;0;746672572;477640731;5444529456;18;4886879444;3082671636;1804207808;0;23267472980;1;0;158867800;5846137;3491949807;1232462;13793;2293353328;0;32;0;0;0;0;0;586;0;3193945;24;194888;1033458;0;0;268;0;0;0;3818804080;0;8406240;600026;76143520;0;2243618080;0;4;0;0;0;0;0;0;0;0;0;0;0;0;0;0;67892130;17256715;3014779506;1786951093;0;0;16831270122;8000;3082671876;1804207813;1765391;4804101;11633736475500;0;18309463879;0;259;11633736475500;11633736475500;0;0;0;2101;500;1;0;0;0;0;0;0;0;0;0;0;0;0;0;0;0;0;0;0;0;0;0;0;0;0;0;0;0;0;0;0;0;0;0;0;0;0;0;0;0;0;0;0;0;0;0;0;0;0;0;0;0;0;0;0;0;0;0;0;0;0;0;0;0;0;0;0;0;0;0;0;0;0;0;0;0;0;0;0;0;0;0;0;0;0;0;0;0;0;0;0;0;0;0;0;0;0;0;0;0;0;0;0;0;0;0;0;0;0;0;0;0;0;0;0;0;0;0;0;0;0;0;0;0;0;0;0;0;0;0;0;0;0;0;146475710472;24446530599;170922241071;146475710472;146475710472;14413553521;14413553521;18309463809;3082671806;21392135615;1804103110;1804103110;12590598969;2101348148;14691947117;12590598969;12590598969;1238944474;1238944474;12590598969;3340292622;15930891591;0;0;0;0;0;0;0;0;0;0;0;0;0;0;0;0;0;0;0;0;0;0;0;0;0;0;0;0;0;0;0;0;0;0;0;0;0;0;0;0;0;0;0;12800;0;0;0;11633736475500;0;0;0;0;0;0;4467354806880;0;0;0;4467354806880;384;0;11633736475500;0;0;0;0;0;0;0;0;0;0;0;4467354806880;0;0;0;4467354806880;384;0;11633736475500;0;0;0;0;0;11633736475500;21392135603;21392135603;1804103098;1804103098;12;12;12;12;36618927618;36618927618;9773549832;9773549832;46392477450;146475710472;146475710472;38860084120;38860084120;185335794592;0;0;23196238725;0;0;0;23196238725;0;0;0;0;23196238725;11633736475500;0;0;0;0;0;0;1;0;0;1
OoO-S2-40;15385951;15385950981000;15385950981000;1000000000000;5877,38;2617823959;689048;15705530324;22239660376;2672198;3783940;1000;30771901991;0;0;15705530324;22239660376;7954207383;20633746371;0;6067742;168192035;7954207383;20633746371;0;7667460592;1214550581;32997382221;18275124930;0;0;0;0;945280943;603353575;7173267675;18;6453856167;4077127923;2376728244;0;30771901991;1;0;199324934;6033786;4573059373;1643255;17790;3039936558;0;32;0;0;0;0;0;586;0;4258105;24;259328;1377398;0;0;268;0;0;0;5059775280;0;8406240;800026;100990320;0;2989353280;0;4;0;0;0;0;0;0;0;0;0;0;0;0;0;0;82295627;18236651;3994832296;2358491593;0;0;22239767820;8000;4077128233;2376728249;2289021;6335661;15385950981000;0;24237771939;0;259;15385950981000;15385950981000;0;0;0;2671;500;1;0;0;0;0;0;0;0;0;0;0;0;0;0;0;0;0;0;0;0;0;0;0;0;0;0;0;0;0;0;0;0;0;0;0;0;0;0;0;0;0;0;0;0;0;0;0;0;0;0;0;0;0;0;0;0;0;0;0;0;0;0;0;0;0;0;0;0;0;0;0;0;0;0;0;0;0;0;0;0;0;0;0;0;0;0;0;0;0;0;0;0;0;0;0;0;0;0;0;0;0;0;0;0;0;0;0;0;0;0;0;0;0;0;0;0;0;0;0;0;0;0;0;0;0;0;0;0;0;0;0;0;0;0;193902174952;32347670383;226249845335;193902174952;193902174952;18992205369;18992205369;24237771869;4077128163;28314900032;2376623546;2376623546;12602547297;2102416056;14704963354;12602547297;12602547297;1234386187;1234386187;12602547297;3336802244;15939349541;0;0;0;0;0;0;0;0;0;0;0;0;0;0;0;0;0;0;0;0;0;0;0;0;0;0;0;0;0;0;0;0;0;0;0;0;0;0;0;0;0;0;0;12800;0;0;0;15385950981000;0;0;0;0;0;0;5908205176800;0;0;0;5908205176800;384;0;15385950981000;0;0;0;0;0;0;0;0;0;0;0;5908205176800;0;0;0;5908205176800;384;0;15385950981000;0;0;0;0;0;15385950981000;28314900020;28314900020;2376623534;2376623534;12;12;12;12;48475543738;48475543738;12907503418;12907503418;61383047156;193902174952;193902174952;51339875752;51339875752;245242050704;0;0;30691523578;0;0;0;30691523578;0;0;0;0;30691523578;15385950981000;0;0;0;0;0;0;1;0;0;1
OoO-S2-50;19138166;19138165898000;19138165898000;1000000000000;7286,78;2626421867;689044;19537906903;27648158197;2681280;3794289;1000;38276331825;0;0;19537906903;27648158197;9838818864;25709263111;0;6270122;203239762;9838818864;25709263111;0;9472082382;1470943949;41135004541;22779068950;0;0;0;0;1143889573;729066631;8902006189;18;8020833047;5071584303;2949248744;0;38276331825;1;0;239782136;6221446;5654169470;2054049;21780;3786519788;0;32;0;0;0;0;0;586;0;5322265;24;323768;1721338;0;0;268;0;0;0;6300746480;0;8406240;1000026;125837120;0;3735088480;0;4;0;0;0;0;0;0;0;0;0;0;0;0;0;0;96699217;19216651;4974885086;2930032093;0;0;27648266211;8000;5071584683;2949248749;2812651;7867221;19138165898000;0;30166080531;0;259;19138165898000;19138165898000;0;0;0;3241;500;1;0;0;0;0;0;0;0;0;0;0;0;0;0;0;0;0;0;0;0;0;0;0;0;0;0;0;0;0;0;0;0;0;0;0;0;0;0;0;0;0;0;0;0;0;0;0;0;0;0;0;0;0;0;0;0;0;0;0;0;0;0;0;0;0;0;0;0;0;0;0;0;0;0;0;0;0;0;0;0;0;0;0;0;0;0;0;0;0;0;0;0;0;0;0;0;0;0;0;0;0;0;0;0;0;0;0;0;0;0;0;0;0;0;0;0;0;0;0;0;0;0;0;0;0;0;0;0;0;0;0;0;0;0;241328643688;40248810794;281577454482;241328643688;241328643688;23570857707;23570857707;30166080461;5071584613;35237665074;2949144046;2949144046;12609810416;2103065205;14712875622;12609810416;12609810416;1231615288;1231615288;12609810416;3334680493;15944490910;0;0;0;0;0;0;0;0;0;0;0;0;0;0;0;0;0;0;0;0;0;0;0;0;0;0;0;0;0;0;0;0;0;0;0;0;0;0;0;0;0;0;0;12800;0;0;0;19138165898000;0;0;0;0;0;0;7349055705120;0;0;0;7349055705120;384;0;19138165898000;0;0;0;0;0;0;0;0;0;0;0;7349055705120;0;0;0;7349055705120;384;0;19138165898000;0;0;0;0;0;19138165898000;35237665062;35237665062;2949144034;2949144034;12;12;12;12;60332160922;60332160922;16041457318;16041457318;76373618240;241328643688;241328643688;63819668501;63819668501;305148312189;0;0;38186809120;0;0;0;38186809120;0;0;0;0;38186809120;19138165898000;0;0;0;0;0;0;1;0;0;1
OoO-S2-60;22890375;22890375225000;22890375225000;1000000000000;8711,24;2627681650;689048;23370278227;33056646698;2682772;3794710;1000;45780750479;0;0;23370278227;33056646698;11723421245;30784779851;0;6472238;238286905;11723421245;30784779851;0;11276692215;1727330810;49272626861;27283012970;0;0;0;0;1342494465;854777162;10630740334;18;9587807650;6066039348;3521768302;0;45780750479;1;0;280238292;6408930;6735272633;2464910;25770;4533103018;0;32;0;0;0;0;0;586;0;6386425;24;388208;2065278;0;0;268;0;0;0;7541717680;0;8406240;1200026;150683920;0;4480823680;0;4;0;0;0;0;0;0;0;0;0;0;0;0;0;0;111101472;20195709;5954937876;3501572593;0;0;33056755282;8000;6066039798;3521768307;3336281;9398781;22890375225000;0;36094382008;0;259;22890375225000;22890375225000;0;0;0;3811;500;1;0;0;0;0;0;0;0;0;0;0;0;0;0;0;0;0;0;0;0;0;0;0;0;0;0;0;0;0;0;0;0;0;0;0;0;0;0;0;0;0;0;0;0;0;0;0;0;0;0;0;0;0;0;0;0;0;0;0;0;0;0;0;0;0;0;0;0;0;0;0;0;0;0;0;0;0;0;0;0;0;0;0;0;0;0;0;0;0;0;0;0;0;0;0;0;0;0;0;0;0;0;0;0;0;0;0;0;0;0;0;0;0;0;0;0;0;0;0;0;0;0;0;0;0;0;0;0;0;0;0;0;0;0;288755055504;48149940864;336904996368;288755055504;288755055504;28149502424;28149502424;36094381938;6066039728;42160421666;3521663604;3521663604;12614692973;2103501598;14718194571;12614692973;12614692973;1229752774;1229752774;12614692973;3333254372;15947947345;0;0;0;0;0;0;0;0;0;0;0;0;0;0;0;0;0;0;0;0;0;0;0;0;0;0;0;0;0;0;0;0;0;0;0;0;0;0;0;0;0;0;0;12800;0;0;0;22890375225000;0;0;0;0;0;0;8789904086400;0;0;0;8789904086400;384;0;22890375225000;0;0;0;0;0;0;0;0;0;0;0;8789904086400;0;0;0;8789904086400;384;0;22890375225000;0;0;0;0;0;22890375225000;42160421654;42160421654;3521663592;3521663592;12;12;12;12;72188763876;72188763876;19175406664;19175406664;91364170540;288755055504;288755055504;76299443288;76299443288;365054498792;0;0;45682085270;0;0;0;45682085270;0;0;0;0;45682085270;22890375225000;0;0;0;0;0;0;1;0;0;1
OoO-S2-70;26752768;26752767667500;26752767667500;1000000000000;10174,64;2629357884;689048;27312537820;38630160647;2684374;3796711;1000;53505535364;0;0;27312537820;38630160647;13680687309;36000670407;0;6675110;276738973;13680687309;36000670407;0;13153175752;2000753707;57608227804;31916627592;0;0;0;0;1560229842;992503408;12417210082;18;11204102459;7099108596;4104993863;0;53505535364;1;0;324902232;6596941;7849122350;2875791;29844;5306487836;0;32;0;0;0;0;0;586;0;7450689;24;452714;2409348;0;0;268;0;0;0;8830634120;0;12609360;1400038;176332280;0;5229765120;0;6;0;0;0;0;0;0;0;0;0;0;0;0;0;0;126808496;21177621;6972300100;4083816242;0;0;38630269806;8000;7099109125;4104993869;3910710;10930342;26752767667500;0;42187912537;0;259;26752767667500;26752767667500;0;0;0;4386;500;1;0;0;0;0;0;0;0;0;0;0;0;0;0;0;0;0;0;0;0;0;0;0;0;0;0;0;0;0;0;0;0;0;0;0;0;0;0;0;0;0;0;0;0;0;0;0;0;0;0;0;0;0;0;0;0;0;0;0;0;0;0;0;0;0;0;0;0;0;0;0;0;0;0;0;0;0;0;0;0;0;0;0;0;0;0;0;0;0;0;0;0;0;0;0;0;0;0;0;0;0;0;0;0;0;0;0;0;0;0;0;0;0;0;0;0;0;0;0;0;0;0;0;0;0;0;0;0;0;0;0;0;0;0;337503299736;56354777809;393858077545;337503299736;337503299736;32813792206;32813792206;42187912467;7099109055;49287021522;4104889166;4104889166;12615640517;2106502718;14722143235;12615640517;12615640517;1226556916;1226556916;12615640517;3333059634;15948700151;0;0;0;0;0;0;0;0;0;0;0;0;0;0;0;0;0;0;0;0;0;0;0;0;0;0;0;0;0;0;0;0;0;0;0;0;0;0;0;0;0;0;0;12800;0;0;0;26752767667500;0;0;0;0;0;0;10273062784320;0;0;0;10273062784320;384;0;26752767667500;0;0;0;0;0;0;0;0;0;0;0;10273062784320;0;0;0;10273062784320;384;0;26752767667500;0;0;0;0;0;26752767667500;49287021510;49287021510;4104889154;4104889154;12;12;12;12;84375824934;84375824934;22407996442;22407996442;106783821376;337503299736;337503299736;89168570015;89168570015;426671869751;0;0;53391910688;0;0;0;53391910688;0;0;0;0;53391910688;26752767667500;0;0;0;0;0;0;1;0;0;1
OoO-S2-80;30504972;30504971652000;30504971652000;1000000000000;11633,10;2622256574;689044;31144904107;44038640172;2677266;3785633;1000;61009943333;0;0;31144904107;44038640172;15565280909;41076187147;0;6876992;311785517;15565280909;41076187147;0;14957774078;2257134239;65745850124;36420571612;0;0;0;0;1758830973;1118211383;14145940123;18;12771074950;8093562378;4677512572;0;61009943333;1;0;365357392;6784269;8930218759;3286698;33834;6053071066;0;32;0;0;0;0;0;586;0;8514849;24;517154;2753288;0;0;268;0;0;0;10071605320;0;12609360;1600038;201179080;0;5975500320;0;6;0;0;0;0;0;0;0;0;0;0;0;0;0;0;141209488;22155830;7952352890;4655356742;0;0;44038749901;8000;8093562977;4677512578;4434340;12461902;30504971652000;0;48116207268;0;259;30504971652000;30504971652000;0;0;0;4956;500;1;0;0;0;0;0;0;0;0;0;0;0;0;0;0;0;0;0;0;0;0;0;0;0;0;0;0;0;0;0;0;0;0;0;0;0;0;0;0;0;0;0;0;0;0;0;0;0;0;0;0;0;0;0;0;0;0;0;0;0;0;0;0;0;0;0;0;0;0;0;0;0;0;0;0;0;0;0;0;0;0;0;0;0;0;0;0;0;0;0;0;0;0;0;0;0;0;0;0;0;0;0;0;0;0;0;0;0;0;0;0;0;0;0;0;0;0;0;0;0;0;0;0;0;0;0;0;0;0;0;0;0;0;0;384929657584;64255898427;449185556011;384929657584;384929657584;37392430152;37392430152;48116207198;8093562907;56209770105;4677407875;4677407875;12618587618;2106407413;14724995031;12618587618;12618587618;1225781508;1225781508;12618587618;3332188921;15950776539;0;0;0;0;0;0;0;0;0;0;0;0;0;0;0;0;0;0;0;0;0;0;0;0;0;0;0;0;0;0;0;0;0;0;0;0;0;0;0;0;0;0;0;12800;0;0;0;30504971652000;0;0;0;0;0;0;11713909114560;0;0;0;11713909114560;384;0;30504971652000;0;0;0;0;0;0;0;0;0;0;0;11713909114560;0;0;0;11713909114560;384;0;30504971652000;0;0;0;0;0;30504971652000;56209770093;56209770093;4677407863;4677407863;12;12;12;12;96232414396;96232414396;25541941564;25541941564;121774355960;384929657584;384929657584;101648328579;101648328579;486577986163;0;0;60887177980;0;0;0;60887177980;0;0;0;0;60887177980;30504971652000;0;0;0;0;0;0;1;0;0;1
OoO-S2-90;34257181;34257180651000;34257180651000;1000000000000;12948,24;2645702485;689048;34977275179;49447128238;2701316;3818831;1000;68514361331;0;0;34977275179;49447128238;17449882885;46151703887;0;7079072;346832661;17449882885;46151703887;0;16762383477;2513520909;73883472444;40924515632;0;0;0;0;1957435800;1243921977;15874673893;18;14338049346;9088017321;5250032025;0;68514361331;1;0;405813464;6971729;10011321687;3697590;37824;6799654296;0;32;0;0;0;0;0;586;0;9579009;24;581594;3097228;0;0;268;0;0;0;11312576520;0;12609360;1800038;226025880;0;6721235520;0;6;0;0;0;0;0;0;0;0;0;0;0;0;0;0;155611641;23134783;8932405680;5226897242;0;0;49447238537;8000;9088017990;5250032031;4957970;13993462;34257180651000;0;54044508272;0;259;34257180651000;34257180651000;0;0;0;5526;500;1;0;0;0;0;0;0;0;0;0;0;0;0;0;0;0;0;0;0;0;0;0;0;0;0;0;0;0;0;0;0;0;0;0;0;0;0;0;0;0;0;0;0;0;0;0;0;0;0;0;0;0;0;0;0;0;0;0;0;0;0;0;0;0;0;0;0;0;0;0;0;0;0;0;0;0;0;0;0;0;0;0;0;0;0;0;0;0;0;0;0;0;0;0;0;0;0;0;0;0;0;0;0;0;0;0;0;0;0;0;0;0;0;0;0;0;0;0;0;0;0;0;0;0;0;0;0;0;0;0;0;0;0;0;432356065616;72157027139;504513092755;432356065616;432356065616;41971073858;41971073858;54044508202;9088017920;63132526122;5249927328;5249927328;12620888742;2106332914;14727221656;12620888742;12620888742;1225175950;1225175950;12620888742;3331508864;15952397606;0;0;0;0;0;0;0;0;0;0;0;0;0;0;0;0;0;0;0;0;0;0;0;0;0;0;0;0;0;0;0;0;0;0;0;0;0;0;0;0;0;0;0;12800;0;0;0;34257180651000;0;0;0;0;0;0;13154757370080;0;0;0;13154757370080;384;0;34257180651000;0;0;0;0;0;0;0;0;0;0;0;13154757370080;0;0;0;13154757370080;384;0;34257180651000;0;0;0;0;0;34257180651000;63132526110;63132526110;5249927316;5249927316;12;12;12;12;108089016404;108089016404;28675890496;28675890496;136764906900;432356065616;432356065616;114128100997;114128100997;546484166613;0;0;68382453450;0;0;0;68382453450;0;0;0;0;68382453450;34257180651000;0;0;0;0;0;0;1;0;0;1
OoO-S2-100;38009397;38009396924000;38009396924000;1000000000000;14449,03;2630584545;689048;38809653039;54855628365;2685969;3796492;1000;76018793877;0;0;38809653039;54855628365;19334496627;51227220627;0;7281506;381880557;19334496627;51227220627;0;18567008177;2769915903;82021094764;45428459652;0;0;0;0;2156045466;1369635722;17603413445;18;15905026746;10082474017;5822552729;0;76018793877;1;0;446270925;7159425;11092433543;4108375;41814;7546237526;0;32;0;0;0;0;0;586;0;10643169;24;646034;3441168;0;0;268;0;0;0;12553547720;0;12609360;2000038;250872680;0;7466970720;0;6;0;0;0;0;0;0;0;0;0;0;0;0;0;0;170015547;24114987;9912458470;5798437742;0;0;54855739234;8000;10082474756;5822552735;5481600;15525022;38009396924000;0;59972818551;0;259;38009396924000;38009396924000;0;0;0;6096;500;1;0;0;0;0;0;0;0;0;0;0;0;0;0;0;0;0;0;0;0;0;0;0;0;0;0;0;0;0;0;0;0;0;0;0;0;0;0;0;0;0;0;0;0;0;0;0;0;0;0;0;0;0;0;0;0;0;0;0;0;0;0;0;0;0;0;0;0;0;0;0;0;0;0;0;0;0;0;0;0;0;0;0;0;0;0;0;0;0;0;0;0;0;0;0;0;0;0;0;0;0;0;0;0;0;0;0;0;0;0;0;0;0;0;0;0;0;0;0;0;0;0;0;0;0;0;0;0;0;0;0;0;0;0;479782547848;80058169829;559840717677;479782547848;479782547848;46549727795;46549727795;59972818481;10082474686;70055293167;5822448032;5822448032;12622735078;2106273088;14729008166;12622735078;12622735078;1224689986;1224689986;12622735078;3330963074;15953698152;0;0;0;0;0;0;0;0;0;0;0;0;0;0;0;0;0;0;0;0;0;0;0;0;0;0;0;0;0;0;0;0;0;0;0;0;0;0;0;0;0;0;0;12800;0;0;0;38009396924000;0;0;0;0;0;0;14595608419200;0;0;0;14595608419200;384;0;38009396924000;0;0;0;0;0;0;0;0;0;0;0;14595608419200;0;0;0;14595608419200;384;0;38009396924000;0;0;0;0;0;38009396924000;70055293155;70055293155;5822448020;5822448020;12;12;12;12;119945636962;119945636962;31809845436;31809845436;151755482398;479782547848;479782547848;126607897624;126607897624;606390445472;0;0;75877741199;0;0;0;75877741199;0;0;0;0;75877741199;38009396924000;0;0;0;0;0;0;1;0;0;1
OoO-S2-200;75751798;75751797678500;75751797678500;1000000000000;28807,45;2629590469;689048;77353087290;109270465848;2685176;3793132;1000;151503595386;0;0;77353087290;109270465848;38325751540;102263135659;0;9301586;739155428;38325751540;102263135659;0;36756726711;5367787103;163793275210;90727241056;0;0;0;0;4180314876;2650744471;35006181140;18;31673389997;20104239119;11569150878;0;151503595386;1;0;859237168;9033591;21968884298;8217504;81882;15065673002;0;32;0;0;0;0;0;586;0;21284977;24;1290566;6880828;0;0;268;0;0;0;25059150200;0;21015600;4000062;500943800;0;14930735200;0;10;0;0;0;0;0;0;0;0;0;0;0;0;0;0;316633881;33901838;19787605238;11535249040;0;0;109270582427;8000;20104240576;11569150886;10819498;30840624;75751797678500;0;119586216828;0;259;75751797678500;75751797678500;0;0;0;11806;500;1;0;0;0;0;0;0;0;0;0;0;0;0;0;0;0;0;0;0;0;0;0;0;0;0;0;0;0;0;0;0;0;0;0;0;0;0;0;0;0;0;0;0;0;0;0;0;0;0;0;0;0;0;0;0;0;0;0;0;0;0;0;0;0;0;0;0;0;0;0;0;0;0;0;0;0;0;0;0;0;0;0;0;0;0;0;0;0;0;0;0;0;0;0;0;0;0;0;0;0;0;0;0;0;0;0;0;0;0;0;0;0;0;0;0;0;0;0;0;0;0;0;0;0;0;0;0;0;0;0;0;0;0;0;956689734064;159676780250;1116366514314;956689734064;956689734064;92507390058;92507390058;119586216758;20104240506;139690457264;11569046183;11569046183;12629267732;2107894270;14737162002;12629267732;12629267732;1221190690;1221190690;12629267732;3329084960;15958352692;0;0;0;0;0;0;0;0;0;0;0;0;0;0;0;0;0;0;0;0;0;0;0;0;0;0;0;0;0;0;0;0;0;0;0;0;0;0;0;0;0;0;0;12800;0;0;0;75751797678500;0;0;0;0;0;0;29088690308640;0;0;0;29088690308640;384;0;75751797678500;0;0;0;0;0;0;0;0;0;0;0;29088690308640;0;0;0;29088690308640;384;0;75751797678500;0;0;0;0;0;75751797678500;139690457252;139690457252;11569046171;11569046171;12;12;12;12;239172433516;239172433516;63346573378;63346573378;302519006894;956689734064;956689734064;252184170308;252184170308;1208873904372;0;0;151259503447;0;0;0;151259503447;0;0;0;0;151259503447;75751797678500;0;0;0;0;0;0;1;0;0;1
OoO-S2-300;11388266;113882659980500;113882659980500;1000000000000;43500,24;2617977907;689048;116227937998;164361051299;2671892;3778394;1000;227765319990;0;0;116227937998;164361051299;58049737176;153186801475;0;25988516;1152159270;58049737176;153186801475;0;55946547702;8534240410;245416888633;135921066058;0;0;0;0;6626373967;4167057837;52705712113;18;47567880256;30191363038;17376517218;0;227765319990;1;0;1357831712;24376737;33443470800;12867993;401180;22559424090;0;32;0;0;0;0;0;586;0;36416481;24;6445832;20396158;0;0;268;0;0;0;37516807440;0;25218720;6000074;750213360;0;22391293440;0;12;0;0;0;0;0;0;0;0;0;0;0;0;0;0;562510066;114005029;29628852972;17262512189;0;0;164361213483;8000;30191370102;17376517227;16103041;46155929;113882659980500;0;179632206689;0;259;113882659980500;113882659980500;0;0;0;57411;500;1;0;0;0;0;0;0;0;0;0;0;0;0;0;0;0;0;0;0;0;0;0;0;0;0;0;0;0;0;0;0;0;0;0;0;0;0;0;0;0;0;0;0;0;0;0;0;0;0;0;0;0;0;0;0;0;0;0;0;0;0;0;0;0;0;0;0;0;0;0;0;0;0;0;0;0;0;0;0;0;0;0;0;0;0;0;0;0;0;0;0;0;0;0;0;0;0;0;0;0;0;0;0;0;0;0;0;0;0;0;0;0;0;0;0;0;0;0;0;0;0;0;0;0;0;0;0;0;0;0;0;0;0;0;1437057652952;239648883609;1676706536561;1437057652952;1437057652952;138846125001;138846125001;179632206619;30191370032;209823576651;17376412524;17376412524;12618757353;2104349193;14723106545;12618757353;12618757353;1219203389;1219203389;12618757353;3323552582;15942309934;0;0;0;0;0;0;0;0;0;0;0;0;0;0;0;0;0;0;0;0;0;0;0;0;0;0;0;0;0;0;0;0;0;0;0;0;0;0;0;0;0;0;0;12800;0;0;0;113882659980500;0;0;0;0;0;0;43730941432800;0;0;0;43730941432800;384;0;113882659980500;0;0;0;0;0;0;0;0;0;0;0;43730941432800;0;0;0;43730941432800;384;0;113882659980500;0;0;0;0;0;113882659980500;209823576639;209823576639;17376412512;17376412512;12;12;12;12;359264413238;359264413238;95135565112;95135565112;454399978350;1437057652952;1437057652952;378495008610;378495008610;1815552661562;0;0;227199989175;0;0;0;227199989175;0;0;0;0;227199989175;113882659980500;0;0;0;0;0;0;1;0;0;1
OoO-S3-10;4830448;4830448032500;4830448032500;1000000000000;2257,00;2140208226;689048;4828784420;7196590038;2139471;3188566;1000;9660896094;0;0;4828784420;7196590038;3432943621;5446972371;0;25984496;146288034;3432943621;5446972371;0;3761395162;1269121866;8654397381;4798245810;0;0;0;0;970443748;574293761;2485031163;18;1999287566;1239789133;759498433;0;9660896094;1;0;204200397;24373672;2217132334;1267748;400823;801766908;0;32;0;0;0;0;0;586;0;7415485;24;6445568;14595638;0;0;268;0;0;0;1336861680;0;8406240;200026;26449920;0;752147680;0;4;0;0;0;0;0;0;0;0;0;0;0;0;0;0;180291927;113994840;1059497206;645503593;0;0;7196752202;8000;1239796161;759498438;718011;1740971;4830448032500;0;7293090476;0;259;4830448032500;4830448032500;0;0;0;57391;500;1;0;0;0;0;0;0;0;0;0;0;0;0;0;0;0;0;0;0;0;0;0;0;0;0;0;0;0;0;0;0;0;0;0;0;0;0;0;0;0;0;0;0;0;0;0;0;0;0;0;0;0;0;0;0;0;0;0;0;0;0;0;0;0;0;0;0;0;0;0;0;0;0;0;0;0;0;0;0;0;0;0;0;0;0;0;0;0;0;0;0;0;0;0;0;0;0;0;0;0;0;0;0;0;0;0;0;0;0;0;0;0;0;0;0;0;0;0;0;0;0;0;0;0;0;0;0;0;0;0;0;0;0;0;58344723248;9565119977;67909843225;58344723248;58344723248;5909986581;5909986581;7293090406;1239796091;8532886497;759393735;759393735;12078532437;1980172421;14058704859;12078532437;12078532437;1223486215;1223486215;12078532437;3203658637;15282191074;0;0;0;0;0;0;0;0;0;0;0;0;0;0;0;0;0;0;0;0;0;0;0;0;0;0;0;0;0;0;0;0;0;0;0;0;0;0;0;0;0;0;0;12800;0;0;0;4830448032500;0;0;0;0;0;0;1854892044480;0;0;0;1854892044480;384;0;4830448032500;0;0;0;0;0;0;0;0;0;0;0;1854892044480;0;0;0;1854892044480;384;0;4830448032500;0;0;0;0;0;4830448032500;8532886485;8532886485;759393723;759393723;12;12;12;12;14586180812;14586180812;3998379652;3998379652;18584560464;58344723248;58344723248;15475106558;15475106558;73819829806;0;0;9292280232;0;0;0;9292280232;0;0;0;0;9292280232;4830448032500;0;0;0;0;0;0;1;0;0;1
OoO-S3-20;8575672;8575671967500;8575671967500;1000000000000;3678,59;2331236834;689048;8654978027;12593292940;2352796;3423399;1000;17151343964;0;0;8654978027;12593292940;5306259583;10522087331;0;25984556;180503650;5306259583;10522087331;0;5550970685;1517293996;16791313821;9301836770;0;0;0;0;1162837443;696525065;4208815639;18;3563815770;2232793289;1331022481;0;17151343964;1;0;243400493;24373722;3289386492;1667748;400823;1548334178;0;32;0;0;0;0;0;586;0;8415505;24;6445568;14795638;0;0;268;0;0;0;2577832880;0;8406240;400026;51296720;0;1497882880;0;4;0;0;0;0;0;0;0;0;0;0;0;0;0;0;193292013;113994888;2039501276;1217027593;0;0;12593455104;8000;2232800317;1331022486;1241521;3272521;8575671967500;0;13213029051;0;259;8575671967500;8575671967500;0;0;0;57391;500;1;0;0;0;0;0;0;0;0;0;0;0;0;0;0;0;0;0;0;0;0;0;0;0;0;0;0;0;0;0;0;0;0;0;0;0;0;0;0;0;0;0;0;0;0;0;0;0;0;0;0;0;0;0;0;0;0;0;0;0;0;0;0;0;0;0;0;0;0;0;0;0;0;0;0;0;0;0;0;0;0;0;0;0;0;0;0;0;0;0;0;0;0;0;0;0;0;0;0;0;0;0;0;0;0;0;0;0;0;0;0;0;0;0;0;0;0;0;0;0;0;0;0;0;0;0;0;0;0;0;0;0;0;0;105704231848;17457153185;123161385033;105704231848;105704231848;10482178973;10482178973;13213028981;2232800247;15445829228;1330917783;1330917783;12326058208;2035660092;14361718300;12326058208;12326058208;1222315757;1222315757;12326058208;3257975849;15584034057;0;0;0;0;0;0;0;0;0;0;0;0;0;0;0;0;0;0;0;0;0;0;0;0;0;0;0;0;0;0;0;0;0;0;0;0;0;0;0;0;0;0;0;12800;0;0;0;8575671967500;0;0;0;0;0;0;3293058035520;0;0;0;3293058035520;384;0;8575671967500;0;0;0;0;0;0;0;0;0;0;0;3293058035520;0;0;0;3293058035520;384;0;8575671967500;0;0;0;0;0;8575671967500;15445829216;15445829216;1330917771;1330917771;12;12;12;12;26426057962;26426057962;7127436060;7127436060;33553494022;105704231848;105704231848;27939332158;27939332158;133643564006;0;0;16776747011;0;0;0;16776747011;0;0;0;0;16776747011;8575671967500;0;0;0;0;0;0;1;0;0;1
OoO-S3-30;12320896;12320896003000;12320896003000;1000000000000;5029,56;2449694894;689044;12481171712;17989996003;2481562;3576850;1000;24641792035;0;0;12481171712;17989996003;7179575706;15597202291;0;25984616;214719292;7179575706;15597202291;0;7340546363;1765466235;24928230261;13805427730;0;0;0;0;1355231277;818756433;5932600195;18;5128344002;3225797470;1902546532;0;24641792035;1;0;282600615;24373772;4361640783;2067748;400823;2294901448;0;32;0;0;0;0;0;586;0;9415525;24;6445568;14995638;0;0;268;0;0;0;3818804080;0;8406240;600026;76143520;0;2243618080;0;4;0;0;0;0;0;0;0;0;0;0;0;0;0;0;206292124;113994939;3019505346;1788551593;0;0;17990158167;8000;3225804498;1902546537;1765031;4804071;12320896003000;0;19132967744;0;259;12320896003000;12320896003000;0;0;0;57391;500;1;0;0;0;0;0;0;0;0;0;0;0;0;0;0;0;0;0;0;0;0;0;0;0;0;0;0;0;0;0;0;0;0;0;0;0;0;0;0;0;0;0;0;0;0;0;0;0;0;0;0;0;0;0;0;0;0;0;0;0;0;0;0;0;0;0;0;0;0;0;0;0;0;0;0;0;0;0;0;0;0;0;0;0;0;0;0;0;0;0;0;0;0;0;0;0;0;0;0;0;0;0;0;0;0;0;0;0;0;0;0;0;0;0;0;0;0;0;0;0;0;0;0;0;0;0;0;0;0;0;0;0;0;0;153063741392;25349186533;178412927925;153063741392;153063741392;15054371377;15054371377;19132967674;3225804428;22358772102;1902441834;1902441834;12423101482;2057414211;14480515693;12423101482;12423101482;1221856866;1221856866;12423101482;3279271077;15702372559;0;0;0;0;0;0;0;0;0;0;0;0;0;0;0;0;0;0;0;0;0;0;0;0;0;0;0;0;0;0;0;0;0;0;0;0;0;0;0;0;0;0;0;12800;0;0;0;12320896003000;0;0;0;0;0;0;4731224065440;0;0;0;4731224065440;384;0;12320896003000;0;0;0;0;0;0;0;0;0;0;0;4731224065440;0;0;0;4731224065440;384;0;12320896003000;0;0;0;0;0;12320896003000;22358772090;22358772090;1902441822;1902441822;12;12;12;12;38265935348;38265935348;10256492524;10256492524;48522427872;153063741392;153063741392;40403557910;40403557910;193467299302;0;0;24261213936;0;0;0;24261213936;0;0;0;0;24261213936;12320896003000;0;0;0;0;0;0;1;0;0;1
OoO-S3-40;1606612;16066119992000;16066119992000;1000000000000;6456,58;2488331397;689048;16307365362;23386698994;2525696;3622148;1000;32132240013;0;0;16307365362;23386698994;9052891755;20672317251;0;25984676;248934920;9052891755;20672317251;0;9130122003;2013638441;33065146701;18309018690;0;0;0;0;1547625036;940987768;7656384711;18;6692872224;4218801640;2474070584;0;32132240013;1;0;321800723;24373823;5433895004;2467748;400830;3041468718;0;32;0;0;0;0;0;586;0;10415545;24;6445568;15195638;0;0;268;0;0;0;5059775280;0;8406240;800026;100990320;0;2989353280;0;4;0;0;0;0;0;0;0;0;0;0;0;0;0;0;219292224;113994991;3999509416;2360075593;0;0;23386861158;8000;4218808668;2474070589;2288541;6335621;16066119992000;0;25052906381;0;259;16066119992000;16066119992000;0;0;0;57391;500;1;0;0;0;0;0;0;0;0;0;0;0;0;0;0;0;0;0;0;0;0;0;0;0;0;0;0;0;0;0;0;0;0;0;0;0;0;0;0;0;0;0;0;0;0;0;0;0;0;0;0;0;0;0;0;0;0;0;0;0;0;0;0;0;0;0;0;0;0;0;0;0;0;0;0;0;0;0;0;0;0;0;0;0;0;0;0;0;0;0;0;0;0;0;0;0;0;0;0;0;0;0;0;0;0;0;0;0;0;0;0;0;0;0;0;0;0;0;0;0;0;0;0;0;0;0;0;0;0;0;0;0;0;0;200423250488;33241219833;233664470321;200423250488;200423250488;19626563797;19626563797;25052906311;4218808598;29271714909;2473965886;2473965886;12474900635;2069025991;14543926626;12474900635;12474900635;1221611927;1221611927;12474900635;3290637917;15765538552;0;0;0;0;0;0;0;0;0;0;0;0;0;0;0;0;0;0;0;0;0;0;0;0;0;0;0;0;0;0;0;0;0;0;0;0;0;0;0;0;0;0;0;12800;0;0;0;16066119992000;0;0;0;0;0;0;6169390077120;0;0;0;6169390077120;384;0;16066119992000;0;0;0;0;0;0;0;0;0;0;0;6169390077120;0;0;0;6169390077120;384;0;16066119992000;0;0;0;0;0;16066119992000;29271714897;29271714897;2473965874;2473965874;12;12;12;12;50105812622;50105812622;13385548968;13385548968;63491361590;200423250488;200423250488;52867783630;52867783630;253291034118;0;0;31745680795;0;0;0;31745680795;0;0;0;0;31745680795;16066119992000;0;0;0;0;0;0;1;0;0;1
OoO-S3-50;19811344;19811343905000;19811343905000;1000000000000;7890,67;2510731208;689048;20133558943;28783401845;2551566;3647778;1000;39622687839;0;0;20133558943;28783401845;10926207666;25747432211;0;25984736;283150531;10926207666;25747432211;0;10919697479;2261810537;41202063141;22812609650;0;0;0;0;1740018698;1063219048;9380169171;18;8257400424;5211805794;3045594630;0;39622687839;1;0;361000813;24373873;6506149115;2867748;400830;3788035988;0;32;0;0;0;0;0;586;0;11415565;24;6445568;15395638;0;0;268;0;0;0;6300746480;0;8406240;1000026;125837120;0;3735088480;0;4;0;0;0;0;0;0;0;0;0;0;0;0;0;0;232292308;113995037;4979513486;2931599593;0;0;28783564009;8000;5211812822;3045594635;2812051;7867171;19811343905000;0;30972844937;0;259;19811343905000;19811343905000;0;0;0;57391;500;1;0;0;0;0;0;0;0;0;0;0;0;0;0;0;0;0;0;0;0;0;0;0;0;0;0;0;0;0;0;0;0;0;0;0;0;0;0;0;0;0;0;0;0;0;0;0;0;0;0;0;0;0;0;0;0;0;0;0;0;0;0;0;0;0;0;0;0;0;0;0;0;0;0;0;0;0;0;0;0;0;0;0;0;0;0;0;0;0;0;0;0;0;0;0;0;0;0;0;0;0;0;0;0;0;0;0;0;0;0;0;0;0;0;0;0;0;0;0;0;0;0;0;0;0;0;0;0;0;0;0;0;0;0;247782758936;41133253020;288916011956;247782758936;247782758936;24198756181;24198756181;30972844867;5211812752;36184657619;3045489932;3045489932;12507115122;2076247488;14583362610;12507115122;12507115122;1221459599;1221459599;12507115122;3297707087;15804822209;0;0;0;0;0;0;0;0;0;0;0;0;0;0;0;0;0;0;0;0;0;0;0;0;0;0;0;0;0;0;0;0;0;0;0;0;0;0;0;0;0;0;0;12800;0;0;0;19811343905000;0;0;0;0;0;0;7607556059520;0;0;0;7607556059520;384;0;19811343905000;0;0;0;0;0;0;0;0;0;0;0;7607556059520;0;0;0;7607556059520;384;0;19811343905000;0;0;0;0;0;19811343905000;36184657607;36184657607;3045489920;3045489920;12;12;12;12;61945689734;61945689734;16514605368;16514605368;78460295102;247782758936;247782758936;65332009201;65332009201;313114768137;0;0;39230147551;0;0;0;39230147551;0;0;0;0;39230147551;19811343905000;0;0;0;0;0;0;1;0;0;1
OoO-S3-60;23,556568;23556567927000;23556567927000;1000000000000;9279,97;2538431333;689048;23959752615;34180104884;2581878;3683213;1000;47113135883;0;0;23959752615;34180104884;12799523765;30822547171;0;25984796;317366170;12799523765;30822547171;0;12709273130;2509982759;49338979581;27316200610;0;0;0;0;1932412516;1185450402;11103953717;18;9821928652;6204809973;3617118679;0;47113135883;1;0;400200932;24373923;7578403386;3267748;400830;4534603258;0;32;0;0;0;0;0;586;0;12415585;24;6445568;15595638;0;0;268;0;0;0;7541717680;0;8406240;1200026;150683920;0;4480823680;0;4;0;0;0;0;0;0;0;0;0;0;0;0;0;0;245292417;113995086;5959517556;3503123593;0;0;34180267048;8000;6204817001;3617118684;3335561;9398721;23556567927000;0;36892783614;0;259;23556567927000;23556567927000;0;0;0;57391;500;1;0;0;0;0;0;0;0;0;0;0;0;0;0;0;0;0;0;0;0;0;0;0;0;0;0;0;0;0;0;0;0;0;0;0;0;0;0;0;0;0;0;0;0;0;0;0;0;0;0;0;0;0;0;0;0;0;0;0;0;0;0;0;0;0;0;0;0;0;0;0;0;0;0;0;0;0;0;0;0;0;0;0;0;0;0;0;0;0;0;0;0;0;0;0;0;0;0;0;0;0;0;0;0;0;0;0;0;0;0;0;0;0;0;0;0;0;0;0;0;0;0;0;0;0;0;0;0;0;0;0;0;0;0;295142268352;49025286376;344167554728;295142268352;295142268352;28770948577;28770948577;36892783544;6204816931;43097600475;3617013981;3617013981;12529086124;2081172713;14610258837;12529086124;12529086124;1221355703;1221355703;12529086124;3302528416;15831614540;0;0;0;0;0;0;0;0;0;0;0;0;0;0;0;0;0;0;0;0;0;0;0;0;0;0;0;0;0;0;0;0;0;0;0;0;0;0;0;0;0;0;0;12800;0;0;0;23556567927000;0;0;0;0;0;0;9045722084160;0;0;0;9045722084160;384;0;23556567927000;0;0;0;0;0;0;0;0;0;0;0;9045722084160;0;0;0;9045722084160;384;0;23556567927000;0;0;0;0;0;23556567927000;43097600463;43097600463;3617013969;3617013969;12;12;12;12;73785567088;73785567088;19643661824;19643661824;93429228912;295142268352;295142268352;77796234953;77796234953;372938503305;0;0;46714614456;0;0;0;46714614456;0;0;0;0;46714614456;23556567927000;0;0;0;0;0;0;1;0;0;1
OoO-S3-70;27411971;27411970898000;27411970898000;1000000000000;10819,30;2533617759;689044;27895830631;39741826384;2578340;3673234;1000;54823941825;0;0;27895830631;39741826384;14745496715;36038035947;0;25985426;354986274;14745496715;36038035947;0;14570713534;2775186106;57673874644;31949462172;0;0;0;0;2143933917;1319695503;12885470648;18;11435775426;7236427368;4199348058;0;54823941825;1;0;443608056;24374376;8683398968;3667808;400914;5307972116;0;32;0;0;0;0;0;586;0;13415709;24;6445634;15795768;0;0;268;0;0;0;8830634120;0;12609360;1400038;176332280;0;5229765120;0;6;0;0;0;0;0;0;0;0;0;0;0;0;0;0;259596308;113997316;6976831060;4085350742;0;0;39741988553;8000;7236434405;4199348064;3909881;10930273;27411970898000;0;42977946072;0;259;27411970898000;27411970898000;0;0;0;57396;500;1;0;0;0;0;0;0;0;0;0;0;0;0;0;0;0;0;0;0;0;0;0;0;0;0;0;0;0;0;0;0;0;0;0;0;0;0;0;0;0;0;0;0;0;0;0;0;0;0;0;0;0;0;0;0;0;0;0;0;0;0;0;0;0;0;0;0;0;0;0;0;0;0;0;0;0;0;0;0;0;0;0;0;0;0;0;0;0;0;0;0;0;0;0;0;0;0;0;0;0;0;0;0;0;0;0;0;0;0;0;0;0;0;0;0;0;0;0;0;0;0;0;0;0;0;0;0;0;0;0;0;0;0;0;343823568016;57221019159;401044587175;343823568016;343823568016;33428780653;33428780653;42977946002;7236434335;50214380337;4199243361;4199243361;12542825516;2087446370;14630271886;12542825516;12542825516;1219495701;1219495701;12542825516;3306942071;15849767587;0;0;0;0;0;0;0;0;0;0;0;0;0;0;0;0;0;0;0;0;0;0;0;0;0;0;0;0;0;0;0;0;0;0;0;0;0;0;0;0;0;0;0;12800;0;0;0;27411970898000;0;0;0;0;0;0;10526196825120;0;0;0;10526196825120;384;0;27411970898000;0;0;0;0;0;0;0;0;0;0;0;10526196825120;0;0;0;10526196825120;384;0;27411970898000;0;0;0;0;0;27411970898000;50214380325;50214380325;4199243349;4199243349;12;12;12;12;85955892004;85955892004;22871355392;22871355392;108827247396;343823568016;343823568016;90649799812;90649799812;434473367828;0;0;54413623698;0;0;0;54413623698;0;0;0;0;54413623698;27411970898000;0;0;0;0;0;0;1;0;0;1
OoO-S3-80;12320896;12320896003000;12320896003000;1000000000000;5109,36;2411435561;689048;12481171712;17989996003;2442805;3520987;1000;24641792035;0;0;12481171712;17989996003;7179575706;15597202291;0;25984616;214719292;7179575706;15597202291;0;7340546363;1765466235;24928230261;13805427730;0;0;0;0;1355231277;818756433;5932600195;18;5128344002;3225797470;1902546532;0;24641792035;1;0;282600615;24373772;4361640783;2067748;400823;2294901448;0;32;0;0;0;0;0;586;0;9415525;24;6445568;14995638;0;0;268;0;0;0;3818804080;0;8406240;600026;76143520;0;2243618080;0;4;0;0;0;0;0;0;0;0;0;0;0;0;0;0;206292124;113994939;3019505346;1788551593;0;0;17990158167;8000;3225804498;1902546537;1765031;4804071;12320896003000;0;19132967744;0;259;12320896003000;12320896003000;0;0;0;57391;500;1;0;0;0;0;0;0;0;0;0;0;0;0;0;0;0;0;0;0;0;0;0;0;0;0;0;0;0;0;0;0;0;0;0;0;0;0;0;0;0;0;0;0;0;0;0;0;0;0;0;0;0;0;0;0;0;0;0;0;0;0;0;0;0;0;0;0;0;0;0;0;0;0;0;0;0;0;0;0;0;0;0;0;0;0;0;0;0;0;0;0;0;0;0;0;0;0;0;0;0;0;0;0;0;0;0;0;0;0;0;0;0;0;0;0;0;0;0;0;0;0;0;0;0;0;0;0;0;0;0;0;0;0;0;153063741392;25349186533;178412927925;153063741392;153063741392;15054371377;15054371377;19132967674;3225804428;22358772102;1902441834;1902441834;12423101482;2057414211;14480515693;12423101482;12423101482;1221856866;1221856866;12423101482;3279271077;15702372559;0;0;0;0;0;0;0;0;0;0;0;0;0;0;0;0;0;0;0;0;0;0;0;0;0;0;0;0;0;0;0;0;0;0;0;0;0;0;0;0;0;0;0;12800;0;0;0;12320896003000;0;0;0;0;0;0;4731224065440;0;0;0;4731224065440;384;0;12320896003000;0;0;0;0;0;0;0;0;0;0;0;4731224065440;0;0;0;4731224065440;384;0;12320896003000;0;0;0;0;0;12320896003000;22358772090;22358772090;1902441822;1902441822;12;12;12;12;38265935348;38265935348;10256492524;10256492524;48522427872;153063741392;153063741392;40403557910;40403557910;193467299302;0;0;24261213936;0;0;0;24261213936;0;0;0;0;24261213936;12320896003000;0;0;0;0;0;0;1;0;0;1
OoO-S3-90;34902419;34902418922000;34902418922000;1000000000000;13223,63;2639397768;689044;35548217967;50535232436;2688235;3821586;1000;69804837873;0;0;35548217967;50535232436;18492128887;46188265867;0;25985546;423417546;18492128887;46188265867;0;18149864828;3271530534;73947707524;40956644092;0;0;0;0;2528721523;1564158215;16333039724;18;14564831878;9222435718;5342396160;0;69804837873;1;0;522008288;24374476;10827907488;4467808;400914;6801106656;0;32;0;0;0;0;0;586;0;15415749;24;6445634;16195768;0;0;268;0;0;0;11312576520;0;12609360;1800038;226025880;0;6721235520;0;6;0;0;0;0;0;0;0;0;0;0;0;0;0;0;285596518;113997418;8936839200;5228398742;0;0;50535394605;8000;9222442755;5342396166;4956901;13993373;34902418922000;0;54817823404;0;259;34902418922000;34902418922000;0;0;0;57396;500;1;0;0;0;0;0;0;0;0;0;0;0;0;0;0;0;0;0;0;0;0;0;0;0;0;0;0;0;0;0;0;0;0;0;0;0;0;0;0;0;0;0;0;0;0;0;0;0;0;0;0;0;0;0;0;0;0;0;0;0;0;0;0;0;0;0;0;0;0;0;0;0;0;0;0;0;0;0;0;0;0;0;0;0;0;0;0;0;0;0;0;0;0;0;0;0;0;0;0;0;0;0;0;0;0;0;0;0;0;0;0;0;0;0;0;0;0;0;0;0;0;0;0;0;0;0;0;0;0;0;0;0;0;0;438542586672;73005085759;511547672431;438542586672;438542586672;42573165461;42573165461;54817823334;9222442685;64040266019;5342291463;5342291463;12564819294;2091691293;14656510587;12564819294;12564819294;1219776932;1219776932;12564819294;3311468225;15876287518;0;0;0;0;0;0;0;0;0;0;0;0;0;0;0;0;0;0;0;0;0;0;0;0;0;0;0;0;0;0;0;0;0;0;0;0;0;0;0;0;0;0;0;12800;0;0;0;34902418922000;0;0;0;0;0;0;13402528866240;0;0;0;13402528866240;384;0;34902418922000;0;0;0;0;0;0;0;0;0;0;0;13402528866240;0;0;0;13402528866240;384;0;34902418922000;0;0;0;0;0;34902418922000;64040266007;64040266007;5342291451;5342291451;12;12;12;12;109635646668;109635646668;29129468296;29129468296;138765114964;438542586672;438542586672;115578251220;115578251220;554120837892;0;0;69382557482;0;0;0;69382557482;0;0;0;0;69382557482;34902418922000;0;0;0;0;0;0;1;0;0;1
OoO-S3-100;38647643;38647642924000;38647642924000;1000000000000;15068,14;2564858719;689048;39374411636;55931935454;2613091;3711934;1000;77295285877;0;0;39374411636;55931935454;20365444965;51263380827;0;25985606;457633177;20365444965;51263380827;0;19939440500;3519702749;82084623964;45460235052;0;0;0;0;2721115296;1686389569;18056824244;18;16129360096;10215439884;5913920212;0;77295285877;1;0;561208399;24374526;11900161746;4867810;400914;7547673926;0;32;0;0;0;0;0;586;0;16415769;24;6445634;16395768;0;0;268;0;0;0;12553547720;0;12609360;2000038;250872680;0;7466970720;0;6;0;0;0;0;0;0;0;0;0;0;0;0;0;0;298596614;113997470;9916843270;5799922742;0;0;55932097623;8000;10215446921;5913920218;5480411;15524923;38647642924000;0;60737762059;0;259;38647642924000;38647642924000;0;0;0;57396;500;1;0;0;0;0;0;0;0;0;0;0;0;0;0;0;0;0;0;0;0;0;0;0;0;0;0;0;0;0;0;0;0;0;0;0;0;0;0;0;0;0;0;0;0;0;0;0;0;0;0;0;0;0;0;0;0;0;0;0;0;0;0;0;0;0;0;0;0;0;0;0;0;0;0;0;0;0;0;0;0;0;0;0;0;0;0;0;0;0;0;0;0;0;0;0;0;0;0;0;0;0;0;0;0;0;0;0;0;0;0;0;0;0;0;0;0;0;0;0;0;0;0;0;0;0;0;0;0;0;0;0;0;0;0;485902095912;80897118996;566799214908;485902095912;485902095912;47145357864;47145357864;60737761989;10215446851;70953208840;5913815515;5913815515;12572619160;2093196709;14665815869;12572619160;12572619160;1219876668;1219876668;12572619160;3313073377;15885692537;0;0;0;0;0;0;0;0;0;0;0;0;0;0;0;0;0;0;0;0;0;0;0;0;0;0;0;0;0;0;0;0;0;0;0;0;0;0;0;0;0;0;0;12800;0;0;0;38647642924000;0;0;0;0;0;0;14840694883200;0;0;0;14840694883200;384;0;38647642924000;0;0;0;0;0;0;0;0;0;0;0;14840694883200;0;0;0;14840694883200;384;0;38647642924000;0;0;0;0;0;38647642924000;70953208828;70953208828;5913815503;5913815503;12;12;12;12;121475523978;121475523978;32258524732;32258524732;153734048710;485902095912;485902095912;128042476860;128042476860;613944572772;0;0;76867024355;0;0;0;76867024355;0;0;0;0;76867024355;38647642924000;0;0;0;0;0;0;1;0;0;1
OoO-S3-200;76320241;76320241056000;76320241056000;1000000000000;28678,45;2661240134;689048;77856117103;110229002828;2714795;3843618;1000;152640482141;0;0;77856117103;110229002828;39243919719;102295278059;0;25987346;806598488;39243919719;102295278059;0;37978926678;6035487279;163849745610;90755485856;0;0;0;0;4683308601;2932730677;35410134474;18;31873279484;20222708098;11650571386;0;152640482141;1;0;961623591;24375832;22688187122;8867932;401082;15066949802;0;32;0;0;0;0;0;586;0;26416177;24;6445766;18396028;0;0;268;0;0;0;25059150200;0;21015600;4000062;500943800;0;14930735200;0;10;0;0;0;0;0;0;0;0;0;0;0;0;0;0;431205260;114002346;19791502838;11536569040;0;0;110229165007;8000;20222715153;11650571394;10817131;30840427;76320241056000;0;120267596416;0;259;76320241056000;76320241056000;0;0;0;57406;500;1;0;0;0;0;0;0;0;0;0;0;0;0;0;0;0;0;0;0;0;0;0;0;0;0;0;0;0;0;0;0;0;0;0;0;0;0;0;0;0;0;0;0;0;0;0;0;0;0;0;0;0;0;0;0;0;0;0;0;0;0;0;0;0;0;0;0;0;0;0;0;0;0;0;0;0;0;0;0;0;0;0;0;0;0;0;0;0;0;0;0;0;0;0;0;0;0;0;0;0;0;0;0;0;0;0;0;0;0;0;0;0;0;0;0;0;0;0;0;0;0;0;0;0;0;0;0;0;0;0;0;0;0;0;962140770768;160424851143;1122565621911;962140770768;962140770768;93038561286;93038561286;120267596346;20222715083;140490311429;11650466691;11650466691;12606626466;2101996127;14708622593;12606626466;12606626466;1219054867;1219054867;12606626466;3321050994;15927677460;0;0;0;0;0;0;0;0;0;0;0;0;0;0;0;0;0;0;0;0;0;0;0;0;0;0;0;0;0;0;0;0;0;0;0;0;0;0;0;0;0;0;0;12800;0;0;0;76320241056000;0;0;0;0;0;0;29306972565600;0;0;0;29306972565600;384;0;76320241056000;0;0;0;0;0;0;0;0;0;0;0;29306972565600;0;0;0;29306972565600;384;0;76320241056000;0;0;0;0;0;76320241056000;140490311417;140490311417;11650466679;11650466679;12;12;12;12;240535192692;240535192692;63746363548;63746363548;304281556240;962140770768;962140770768;253463412429;253463412429;1215604183197;0;0;152140778120;0;0;0;152140778120;0;0;0;0;152140778120;76320241056000;0;0;0;0;0;0;1;0;0;1
OoO-S3-300;11388266;113882659980500;113882659980500;1000000000000;43571,64;2613687862;689044;116227937998;164361051299;2667514;3772203;1000;227765319990;0;0;116227937998;164361051299;58049737176;153186801475;0;25988516;1152159270;58049737176;153186801475;0;55946547702;8534240410;245416888633;135921066058;0;0;0;0;6626373967;4167057837;52705712113;18;47567880256;30191363038;17376517218;0;227765319990;1;0;1357831712;24376737;33443470800;12867993;401180;22559424090;0;32;0;0;0;0;0;586;0;36416481;24;6445832;20396158;0;0;268;0;0;0;37516807440;0;25218720;6000074;750213360;0;22391293440;0;12;0;0;0;0;0;0;0;0;0;0;0;0;0;0;562510066;114005029;29628852972;17262512189;0;0;164361213483;8000;30191370102;17376517227;16103041;46155929;113882659980500;0;179632206689;0;259;113882659980500;113882659980500;0;0;0;57411;500;1;0;0;0;0;0;0;0;0;0;0;0;0;0;0;0;0;0;0;0;0;0;0;0;0;0;0;0;0;0;0;0;0;0;0;0;0;0;0;0;0;0;0;0;0;0;0;0;0;0;0;0;0;0;0;0;0;0;0;0;0;0;0;0;0;0;0;0;0;0;0;0;0;0;0;0;0;0;0;0;0;0;0;0;0;0;0;0;0;0;0;0;0;0;0;0;0;0;0;0;0;0;0;0;0;0;0;0;0;0;0;0;0;0;0;0;0;0;0;0;0;0;0;0;0;0;0;0;0;0;0;0;0;0;1437057652952;239648883609;1676706536561;1437057652952;1437057652952;138846125001;138846125001;179632206619;30191370032;209823576651;17376412524;17376412524;12618757353;2104349193;14723106545;12618757353;12618757353;1219203389;1219203389;12618757353;3323552582;15942309934;0;0;0;0;0;0;0;0;0;0;0;0;0;0;0;0;0;0;0;0;0;0;0;0;0;0;0;0;0;0;0;0;0;0;0;0;0;0;0;0;0;0;0;12800;0;0;0;113882659980500;0;0;0;0;0;0;43730941432800;0;0;0;43730941432800;384;0;113882659980500;0;0;0;0;0;0;0;0;0;0;0;43730941432800;0;0;0;43730941432800;384;0;113882659980500;0;0;0;0;0;113882659980500;209823576639;209823576639;17376412512;17376412512;12;12;12;12;359264413238;359264413238;95135565112;95135565112;454399978350;1437057652952;1437057652952;378495008610;378495008610;1815552661562;0;0;227199989175;0;0;0;227199989175;0;0;0;0;227199989175;113882659980500;0;0;0;0;0;0;1;0;0;1
