Features;OoO-N-10;OoO-N-20;OoO-N-30;OoO-N-40;OoO-N-50;OoO-N-60;OoO-N-70;OoO-N-80;OoO-N-90;OoO-N-100;OoO-N-200;OoO-N-300;OoO-S1-10;OoO-S1-20;OoO-S1-30;OoO-S1-40;OoO-S1-50;OoO-S1-60;OoO-S1-70;OoO-S1-80;OoO-S1-90;OoO-S1-100;OoO-S1-200;OoO-S2-10;OoO-S2-20;OoO-S2-30;OoO-S2-40;OoO-S2-50;OoO-S2-60;OoO-S2-70;OoO-S2-80;OoO-S2-90;OoO-S2-100;OoO-S2-200;OoO-S2-300;OoO-S3-10;OoO-S3-20;OoO-S3-30;OoO-S3-40;OoO-S3-50;OoO-S3-60;OoO-S3-70;OoO-S3-80;OoO-S3-90;OoO-S3-100;OoO-S3-200;OoO-S3-300
simSeconds;4,193133;7,938357;11,683581;15,428805;19,174029;22,919253;26,774656;30,51988;34,265104;38,010328;75,682926;113,245345;4,123012;7,868238;11,613459;15,358685;19,103908;22,849134;26,704535;30,449758;34,194983;37,940207;75,612804;4,129308;7,881523;11,633736;15,385951;19,138166;22,890375;26,752768;30,504972;34,257181;38,009397;75,751798;113,88266;4,830448;8,575672;12,320896;16,06612;19,811344;23,556568;27,411971;12,320896;34,902419;38,647643;76,320241;113,88266
simTicks;4,19313E+12;7,93836E+12;1,16836E+13;1,54288E+13;1,9174E+13;2,29193E+13;2,67747E+13;3,05199E+13;3,42651E+13;3,80103E+13;7,56829E+13;1,13245E+14;4,12301E+12;7,86824E+12;1,16135E+13;1,53587E+13;1,91039E+13;2,28491E+13;2,67045E+13;3,04498E+13;3,4195E+13;3,79402E+13;7,56128E+13;4,12931E+12;7,88152E+12;1,16337E+13;1,5386E+13;1,91382E+13;2,28904E+13;2,67528E+13;3,0505E+13;3,42572E+13;3,80094E+13;7,57518E+13;1,13883E+14;4,83045E+12;8,57567E+12;1,23209E+13;1,60661E+13;1,98113E+13;2,35566E+13;2,7412E+13;1,23209E+13;3,49024E+13;3,86476E+13;7,63202E+13;1,13883E+14
finalTick;4,19313E+12;7,93836E+12;1,16836E+13;1,54288E+13;1,9174E+13;2,29193E+13;2,67747E+13;3,05199E+13;3,42651E+13;3,80103E+13;7,56829E+13;1,13245E+14;4,12301E+12;7,86824E+12;1,16135E+13;1,53587E+13;1,91039E+13;2,28491E+13;2,67045E+13;3,04498E+13;3,4195E+13;3,79402E+13;7,56128E+13;4,12931E+12;7,88152E+12;1,16337E+13;1,5386E+13;1,91382E+13;2,28904E+13;2,67528E+13;3,0505E+13;3,42572E+13;3,80094E+13;7,57518E+13;1,13883E+14;4,83045E+12;8,57567E+12;1,23209E+13;1,60661E+13;1,98113E+13;2,35566E+13;2,7412E+13;1,23209E+13;3,49024E+13;3,86476E+13;7,63202E+13;1,13883E+14
simFreq;1E+12;1E+12;1E+12;1E+12;1E+12;1E+12;1E+12;1E+12;1E+12;1E+12;1E+12;1E+12;1E+12;1E+12;1E+12;1E+12;1E+12;1E+12;1E+12;1E+12;1E+12;1E+12;1E+12;1E+12;1E+12;1E+12;1E+12;1E+12;1E+12;1E+12;1E+12;1E+12;1E+12;1E+12;1E+12;1E+12;1E+12;1E+12;1E+12;1E+12;1E+12;1E+12;1E+12;1E+12;1E+12;1E+12;1E+12
hostSeconds;1586,63;3072,34;4520,9;5959,57;7407,27;8863,38;10361,48;11785,02;13262,29;14700,43;29240,37;43549,95;1557,89;2979,57;4419,08;5855,19;7255,1;8669,81;10177,95;11571,75;13031,56;14423,77;28425,27;1572,89;2940,97;4418,46;5877,38;7286,78;8711,24;10174,64;11633,1;12948,24;14449,03;28807,45;43500,24;2257;3678,59;5029,56;6456,58;7890,67;9279,97;10819,3;5109,36;13223,63;15068,14;28678,45;43571,64
hostTickRate;2642794137;2583813971;2584348300;2588911163;2588541522;2585837642;2584055986;2589719166;2583649846;2585660171;2588302904;2600355086;2646544682;2640725895;2628024365;2623090657;2633169433;2635483358;2623763427;2631387068;2624012247;2630393966;2660056215;2625293703;2679908061;2632986382;2617823959;2626421867;2627681650;2629357884;2622256574;2645702485;2630584545;2629590469;2617977907;2140208226;2331236834;2449694894;2488331397;2510731208;2538431333;2533617759;2411435561;2639397768;2564858719;2661240134;2613687862
hostMemory;689044;689044;689048;689048;689044;689044;689044;689044;689048;689044;689044;689044;689048;689048;689048;689048;689044;689048;689048;689048;689048;689048;689048;689044;689048;689048;689048;689044;689048;689048;689044;689048;689048;689048;689048;689048;689048;689044;689048;689048;689048;689044;689048;689044;689048;689048;689044
simInsts;4264879104;8091072711;11917266396;15743460046;19569653627;23395847299;27331925315;31158118983;34984312651;38810506320;77292211787;1,15664E+11;4202834189;8029028905;11855220550;15681415575;19507608491;23333803890;27269880534;31096072914;34922267115;38748461448;77230165196;4208402225;8040778593;11873154147;15705530324;19537906903;23370278227;27312537820;31144904107;34977275179;38809653039;77353087290;1,16228E+11;4828784420;8654978027;12481171712;16307365362;20133558943;23959752615;27895830631;12481171712;35548217967;39374411636;77856117103;1,16228E+11
simOps;6121801970;11518504872;16915207935;22311910926;27708613777;33105316816;38667038316;44063741342;49460444368;54857147386;1,09154E+11;1,63286E+11;6003548393;11400253268;16796952699;22193658137;27590359803;32987065929;38548784973;43945485715;49342189686;54738893892;1,09036E+11;6014169774;11422667234;16831163248;22239660376;27648158197;33056646698;38630160647;44038640172;49447128238;54855628365;1,0927E+11;1,64361E+11;7196590038;12593292940;17989996003;23386698994;28783401845;34180104884;39741826384;17989996003;50535232436;55931935454;1,10229E+11;1,64361E+11
hostInstRate;2688013;2633520;2636038;2641709;2641952;2639609;2637839;2643876;2637879;2640092;2643339;2655893;2697782;2694690;2682733;2678209;2688813;2691387;2679309;2687240;2679822;2686430;2716955;2675579;2734059;2687172;2672198;2681280;2682772;2684374;2677266;2701316;2685969;2685176;2671892;2139471;2352796;2481562;2525696;2551566;2581878;2578340;2442805;2688235;2613091;2714795;2667514
hostOpRate;3858370;3749097;3741557;3743877;3740732;3735068;3731805;3738963;3729406;3731668;3732997;3749401;3853653;3826136;3801004;3790427;3802892;3804821;3787480;3797652;3786360;3795047;3835882;3823634;3883983;3809285;3783940;3794289;3794710;3796711;3785633;3818831;3796492;3793132;3778394;3188566;3423399;3576850;3622148;3647778;3683213;3673234;3520987;3821586;3711934;3843618;3772203
system.clk_domain.clock;1000;1000;1000;1000;1000;1000;1000;1000;1000;1000;1000;1000;1000;1000;1000;1000;1000;1000;1000;1000;1000;1000;1000;1000;1000;1000;1000;1000;1000;1000;1000;1000;1000;1000;1000;1000;1000;1000;1000;1000;1000;1000;1000;1000;1000;1000;1000
system.cpu.numCycles;8386266858;15876714728;23367162799;30857610777;38348058603;45838506647;53549312589;61039760613;68530208637;76020656641;1,51366E+11;2,26491E+11;8246024832;15736475063;23226918806;30717369707;38207816128;45698267767;53409070873;60899516113;68389965290;75880414670;1,51226E+11;8258615899;15763045246;23267472980;30771901991;38276331825;45780750479;53505535364;61009943333;68514361331;76018793877;1,51504E+11;2,27765E+11;9660896094;17151343964;24641792035;32132240013;39622687839;47113135883;54823941825;24641792035;69804837873;77295285877;1,5264E+11;2,27765E+11
system.cpu.numWorkItemsStarted;0;0;0;0;0;0;0;0;0;0;0;0;0;0;0;0;0;0;0;0;0;0;0;0;0;0;0;0;0;0;0;0;0;0;0;0;0;0;0;0;0;0;0;0;0;0;0
system.cpu.numWorkItemsCompleted;0;0;0;0;0;0;0;0;0;0;0;0;0;0;0;0;0;0;0;0;0;0;0;0;0;0;0;0;0;0;0;0;0;0;0;0;0;0;0;0;0;0;0;0;0;0;0
system.cpu.exec_context.thread_0.numInsts;4264879104;8091072711;11917266396;15743460046;19569653627;23395847299;27331925315;31158118983;34984312651;38810506320;77292211787;1,15664E+11;4202834189;8029028905;11855220550;15681415575;19507608491;23333803890;27269880534;31096072914;34922267115;38748461448;77230165196;4208402225;8040778593;11873154147;15705530324;19537906903;23370278227;27312537820;31144904107;34977275179;38809653039;77353087290;1,16228E+11;4828784420;8654978027;12481171712;16307365362;20133558943;23959752615;27895830631;12481171712;35548217967;39374411636;77856117103;1,16228E+11
system.cpu.exec_context.thread_0.numOps;6121801970;11518504872;16915207935;22311910926;27708613777;33105316816;38667038316;44063741342;49460444368;54857147386;1,09154E+11;1,63286E+11;6003548393;11400253268;16796952699;22193658137;27590359803;32987065929;38548784973;43945485715;49342189686;54738893892;1,09036E+11;6014169774;11422667234;16831163248;22239660376;27648158197;33056646698;38630160647;44038640172;49447128238;54855628365;1,0927E+11;1,64361E+11;7196590038;12593292940;17989996003;23386698994;28783401845;34180104884;39741826384;17989996003;50535232436;55931935454;1,10229E+11;1,64361E+11
system.cpu.exec_context.thread_0.numIntAluAccesses;2403472053;4276788015;6150104138;8023420187;9896736098;11770052197;13716025147;15589341233;17462657319;19335973397;38214448151;57020265608;2290203981;4163521871;6036834442;7910152883;9783467634;11656786765;13602757299;15476071161;17349388167;19222705413;38101177187;2300375738;4184986873;6069596582;7954207383;9838818864;11723421245;13680687309;15565280909;17449882885;19334496627;38325751540;58049737176;3432943621;5306259583;7179575706;9052891755;10926207666;12799523765;14745496715;7179575706;18492128887;20365444965;39243919719;58049737176
system.cpu.exec_context.thread_0.numFpAluAccesses;5410812171;10485927131;15561042091;20636157051;25711272011;30786386971;36001875747;41076990707;46152105667;51227220627;1,02259E+11;1,53151E+11;5406834549;10481949509;15557064469;20632179429;25707294389;30782409349;35997898125;41073013085;46148128045;51223243005;1,02255E+11;5407196151;10482712891;15558229631;20633746371;25709263111;30784779851;36000670407;41076187147;46151703887;51227220627;1,02263E+11;1,53187E+11;5446972371;10522087331;15597202291;20672317251;25747432211;30822547171;36038035947;15597202291;46188265867;51263380827;1,02295E+11;1,53187E+11
system.cpu.exec_context.thread_0.numVecAluAccesses;0;0;0;0;0;0;0;0;0;0;0;0;0;0;0;0;0;0;0;0;0;0;0;0;0;0;0;0;0;0;0;0;0;0;0;0;0;0;0;0;0;0;0;0;0;0;0
system.cpu.exec_context.thread_0.numCallsReturns;7331096;7331156;7331216;7331276;7331336;7331396;7332026;7332086;7332146;7332206;7333946;7335116;5278396;5278510;5278474;5278600;5278630;5278756;5279338;5279326;5279416;5279500;5281162;5460680;5663042;5865380;6067742;6270122;6472238;6675110;6876992;7079072;7281506;9301586;25988516;25984496;25984556;25984616;25984676;25984736;25984796;25985426;25984616;25985546;25985606;25987346;25988516
system.cpu.exec_context.thread_0.numCondCtrlInsts;70624338;104839954;139055596;173271224;207486835;241702474;279322578;313538214;347753850;381969481;730934792;1076495574;62299782;96515526;130730928;164946716;199162247;233378110;270998030;305213530;339429222;373644941;722610052;63049024;98096739;133144349;168192035;203239762;238286905;276738973;311785517;346832661;381880557;739155428;1152159270;146288034;180503650;214719292;248934920;283150531;317366170;354986274;214719292;423417546;457633177;806598488;1152159270
system.cpu.exec_context.thread_0.numIntInsts;2403472053;4276788015;6150104138;8023420187;9896736098;11770052197;13716025147;15589341233;17462657319;19335973397;38214448151;57020265608;2290203981;4163521871;6036834442;7910152883;9783467634;11656786765;13602757299;15476071161;17349388167;19222705413;38101177187;2300375738;4184986873;6069596582;7954207383;9838818864;11723421245;13680687309;15565280909;17449882885;19334496627;38325751540;58049737176;3432943621;5306259583;7179575706;9052891755;10926207666;12799523765;14745496715;7179575706;18492128887;20365444965;39243919719;58049737176
system.cpu.exec_context.thread_0.numFpInsts;5410812171;10485927131;15561042091;20636157051;25711272011;30786386971;36001875747;41076990707;46152105667;51227220627;1,02259E+11;1,53151E+11;5406834549;10481949509;15557064469;20632179429;25707294389;30782409349;35997898125;41073013085;46148128045;51223243005;1,02255E+11;5407196151;10482712891;15558229631;20633746371;25709263111;30784779851;36000670407;41076187147;46151703887;51227220627;1,02263E+11;1,53187E+11;5446972371;10522087331;15597202291;20672317251;25747432211;30822547171;36038035947;15597202291;46188265867;51263380827;1,02295E+11;1,53187E+11
system.cpu.exec_context.thread_0.numVecInsts;0;0;0;0;0;0;0;0;0;0;0;0;0;0;0;0;0;0;0;0;0;0;0;0;0;0;0;0;0;0;0;0;0;0;0;0;0;0;0;0;0;0;0;0;0;0;0
system.cpu.exec_context.thread_0.numIntRegReads;2390845118;4180420641;5969996319;7759571959;9549147435;11338723086;13200163490;14989739137;16779314784;18568890456;36608376634;54575997658;2240049984;4029628028;5819199050;7608777821;9398351772;11187931450;13049368630;14838941401;16628518237;18418095465;36457577690;2253599059;4058220390;5862839743;7667460592;9472082382;11276692215;13153175752;14957774078;16762383477;18567008177;36756726711;55946547702;3761395162;5550970685;7340546363;9130122003;10919697479;12709273130;14570713534;7340546363;18149864828;19939440500;37978926678;55946547702
system.cpu.exec_context.thread_0.numIntRegWrites;520352548;768524678;1016696917;1264869123;1513041219;1761213441;2026416788;2274589002;2522761216;2770933431;5286717961;7785471092;437969418;686142928;934312611;1182486533;1430657789;1678832255;1944033796;2192204456;2440377312;2688550397;5204332766;445372530;701765673;958157711;1214550581;1470943949;1727330810;2000753707;2257134239;2513520909;2769915903;5367787103;8534240410;1269121866;1517293996;1765466235;2013638441;2261810537;2509982759;2775186106;1765466235;3271530534;3519702749;6035487279;8534240410
system.cpu.exec_context.thread_0.numFpRegReads;8590868181;16727784621;24864701061;33001617501;41138533941;49275450381;57610345444;65747261884;73884178324;82021094764;1,63786E+11;2,45353E+11;8583879969;16720796409;24857712849;32994629289;41131545729;49268462169;57603357232;65740273672;73877190112;82014106552;1,63779E+11;8584515261;16722137581;24859759901;32997382221;41135004541;49272626861;57608227804;65745850124;73883472444;82021094764;1,63793E+11;2,45417E+11;8654397381;16791313821;24928230261;33065146701;41202063141;49338979581;57673874644;24928230261;73947707524;82084623964;1,6385E+11;2,45417E+11
system.cpu.exec_context.thread_0.numFpRegWrites;4766470410;9270061370;13773652330;18277243290;22780834250;27284425210;31917686772;36421277732;40924868692;45428459652;90723710456;1,35889E+11;4762975116;9266566076;13770157036;18273747996;22777338956;27280929916;31914191478;36417782438;40921373398;45424964358;90720215162;4763292870;9267236890;13771180910;18275124930;22779068950;27283012970;31916627592;36420571612;40924515632;45428459652;90727241056;1,35921E+11;4798245810;9301836770;13805427730;18309018690;22812609650;27316200610;31949462172;13805427730;40956644092;45460235052;90755485856;1,35921E+11
system.cpu.exec_context.thread_0.numVecRegReads;0;0;0;0;0;0;0;0;0;0;0;0;0;0;0;0;0;0;0;0;0;0;0;0;0;0;0;0;0;0;0;0;0;0;0;0;0;0;0;0;0;0;0;0;0;0;0
system.cpu.exec_context.thread_0.numVecRegWrites;0;0;0;0;0;0;0;0;0;0;0;0;0;0;0;0;0;0;0;0;0;0;0;0;0;0;0;0;0;0;0;0;0;0;0;0;0;0;0;0;0;0;0;0;0;0;0
system.cpu.exec_context.thread_0.numVecPredRegReads;0;0;0;0;0;0;0;0;0;0;0;0;0;0;0;0;0;0;0;0;0;0;0;0;0;0;0;0;0;0;0;0;0;0;0;0;0;0;0;0;0;0;0;0;0;0;0
system.cpu.exec_context.thread_0.numVecPredRegWrites;0;0;0;0;0;0;0;0;0;0;0;0;0;0;0;0;0;0;0;0;0;0;0;0;0;0;0;0;0;0;0;0;0;0;0;0;0;0;0;0;0;0;0;0;0;0;0
system.cpu.exec_context.thread_0.numCCRegReads;405963456;598357151;790750985;983144744;1175538406;1367932224;1579453625;1771847428;1964241231;2156635004;4118828309;6061893675;343860411;536254918;728647240;921042011;1113435173;1305830355;1517350648;1709743559;1902137730;2094532035;4056724082;349456135;548064668;746672572;945280943;1143889573;1342494465;1560229842;1758830973;1957435800;2156045466;4180314876;6626373967;970443748;1162837443;1355231277;1547625036;1740018698;1932412516;2143933917;1355231277;2528721523;2721115296;4683308601;6626373967
system.cpu.exec_context.thread_0.numCCRegWrites;257891355;380122659;502354027;624585362;746816642;869047996;1003293097;1125524453;1247755809;1369987163;2616328271;3850655431;223080260;345312109;467542449;589774467;712005402;834237743;968482026;1090712820;1212944407;1335176151;2581516375;226215227;351928241;477640731;603353575;729066631;854777162;992503408;1118211383;1243921977;1369635722;2650744471;4167057837;574293761;696525065;818756433;940987768;1063219048;1185450402;1319695503;818756433;1564158215;1686389569;2932730677;4167057837
system.cpu.exec_context.thread_0.numMiscRegReads;2032394789;3756179265;5479963821;7203748337;8927532797;10651317343;12432834274;14156618812;15880403350;17604187870;34957498100;52253075739;1982591748;3706377143;5430160031;7153945680;8877729605;10601515460;12383031381;14106814789;15830599796;17554384810;34907693666;1987053401;3715791694;5444529456;7173267675;8902006189;10630740334;12417210082;14145940123;15874673893;17603413445;35006181140;52705712113;2485031163;4208815639;5932600195;7656384711;9380169171;11103953717;12885470648;5932600195;16333039724;18056824244;35410134474;52705712113
system.cpu.exec_context.thread_0.numMiscRegWrites;18;18;18;18;18;18;18;18;18;18;18;18;18;18;18;18;18;18;18;18;18;18;18;18;18;18;18;18;18;18;18;18;18;18;18;18;18;18;18;18;18;18;18;18;18;18;18
system.cpu.exec_context.thread_0.numMemRefs;1775359700;3339887904;4904416136;6468944358;8033472558;9598000786;11211847560;12776375786;14340904012;15905432230;31649351618;47343952390;1750720816;3315249495;4879776867;6444305674;8008833599;9573362492;11187208756;12751736392;14316264863;15880793331;31624712011;1752926205;3319902962;4886879444;6453856167;8020833047;9587807650;11204102459;12771074950;14338049346;15905026746;31673389997;47567880256;1999287566;3563815770;5128344002;6692872224;8257400424;9821928652;11435775426;5128344002;14564831878;16129360096;31873279484;47567880256
system.cpu.exec_context.thread_0.numLoadInsts;1107055837;2100059993;3093064174;4086068344;5079072498;6072076677;7103694072;8096698247;9089702422;10082706588;20089974802;30058629742;1092451280;2085455717;3078459386;4071463903;5064467892;6057472482;7089089557;8082093392;9075097708;10068102030;20075369823;1093759182;2088215496;3082671636;4077127923;5071584303;6066039348;7099108596;8093562378;9088017321;10082474017;20104239119;30191363038;1239789133;2232793289;3225797470;4218801640;5211805794;6204809973;7236427368;3225797470;9222435718;10215439884;20222708098;30191363038
system.cpu.exec_context.thread_0.numStoreInsts;668303863;1239827911;1811351962;2382876014;2954400060;3525924109;4108153488;4679677539;5251201590;5822725642;11559376816;17285322648;658269536;1229793778;1801317481;2372841771;2944365707;3515890010;4098119199;4669643000;5241167155;5812691301;11549342188;659167023;1231687466;1804207808;2376728244;2949248744;3521768302;4104993863;4677512572;5250032025;5822552729;11569150878;17376517218;759498433;1331022481;1902546532;2474070584;3045594630;3617118679;4199348058;1902546532;5342396160;5913920212;11650571386;17376517218
system.cpu.exec_context.thread_0.numIdleCycles;0,002;0,002001;0,002;0,002001;0,002001;0,002;0,001998;0,001999;0,002001;0,002;0,002;0,002012;0,002;0,002;0,002001;0,001998;0,001998;0,001999;0,001998;0,002001;0,001997;0,001997;0,001998;0,002;0,002;0,001999;0,001999;0,002002;0,001997;0,002002;0,001998;0,002001;0,002;0,002002;0,001998;0,002;0,001999;0,002;0,002001;0,002002;0,001998;0,002003;0,002;0,001999;0,001999;0,002;0,001998
system.cpu.exec_context.thread_0.numBusyCycles;8386266858;15876714728;23367162799;30857610777;38348058603;45838506647;53549312589;61039760613;68530208637;76020656641;1,51366E+11;2,26491E+11;8246024832;15736475063;23226918806;30717369707;38207816128;45698267767;53409070873;60899516113;68389965290;75880414670;1,51226E+11;8258615899;15763045246;23267472980;30771901991;38276331825;45780750479;53505535364;61009943333;68514361331;76018793877;1,51504E+11;2,27765E+11;9660896094;17151343964;24641792035;32132240013;39622687839;47113135883;54823941825;24641792035;69804837873;77295285877;1,5264E+11;2,27765E+11
system.cpu.exec_context.thread_0.notIdleFraction;1;1;1;1;1;1;1;1;1;1;1;1;1;1;1;1;1;1;1;1;1;1;1;1;1;1;1;1;1;1;1;1;1;1;1;1;1;1;1;1;1;1;1;1;1;1;1
system.cpu.exec_context.thread_0.idleFraction;0;0;0;0;0;0;0;0;0;0;0;0;0;0;0;0;0;0;0;0;0;0;0;0;0;0;0;0;0;0;0;0;0;0;0;0;0;0;0;0;0;0;0;0;0;0;0
system.cpu.exec_context.thread_0.numBranches;89447443;128647539;167847661;207047769;246247859;285447978;328855102;368055218;407255334;446455445;846870637;1243078758;76821508;116021826;155221544;194421926;233621886;272822327;316229201;355429047;394629275;433829508;834244367;77953622;118410775;158867800;199324934;239782136;280238292;324902232;365357392;405813464;446270925;859237168;1357831712;204200397;243400493;282600615;321800723;361000813;400200932;443608056;282600615;522008288;561208399;961623591;1357831712
system.cpu.exec_context.thread_0.statExecutedInstType::No_OpClass;7192372;7192422;7192472;7192523;7192573;7192623;7193076;7193126;7193176;7193226;7194532;7195437;5301877;5301963;5301949;5302044;5302074;5302168;5302589;5302591;5302661;5302727;5303981;5470857;5658505;5846137;6033786;6221446;6408930;6596941;6784269;6971729;7159425;9033591;24376737;24373672;24373722;24373772;24373823;24373873;24373923;24374376;24373772;24374476;24374526;24375832;24376737
system.cpu.exec_context.thread_0.statExecutedInstType::IntAlu;1410505302;2482759460;3555013751;4627267972;5699522083;6771776354;7876771936;8949026196;10021280456;11093534714;21881560090;32636843768;1321756560;2394012193;3466263756;4538519810;5610773026;6683029674;7788023348;8860275936;9932530887;11004786065;21792809144;1329731228;2410841089;3491949807;4573059373;5654169470;6735272633;7849122350;8930218759;10011321687;11092433543;21968884298;33443470800;2217132334;3289386492;4361640783;5433895004;6506149115;7578403386;8683398968;4361640783;10827907488;11900161746;22688187122;33443470800
system.cpu.exec_context.thread_0.statExecutedInstType::IntMult;486878;886878;1286878;1686878;2086878;2486878;2886938;3286938;3686938;4086940;8087062;12087123;401232;801219;1201239;1601224;2001229;2401230;2801284;3201310;3601299;4001303;8001437;410866;821670;1232462;1643255;2054049;2464910;2875791;3286698;3697590;4108375;8217504;12867993;1267748;1667748;2067748;2467748;2867748;3267748;3667808;2067748;4467808;4867810;8867932;12867993
system.cpu.exec_context.thread_0.statExecutedInstType::IntDiv;41723;41723;41723;41730;41730;41730;41814;41814;41814;41814;41982;42080;2222;2222;2222;2229;2229;2229;2313;2313;2313;2313;2481;5813;9803;13793;17790;21780;25770;29844;33834;37824;41814;81882;401180;400823;400823;400823;400830;400830;400830;400914;400823;400914;400914;401082;401180
system.cpu.exec_context.thread_0.statExecutedInstType::FloatAdd;800330508;1546897778;2293465048;3040032318;3786599588;4533166858;5306535716;6053102986;6799670256;7546237526;15065513402;22557987690;800172504;1546739774;2293307044;3039874314;3786441584;4533008854;5306377712;6052944982;6799512252;7546079522;15065355398;800186868;1546770098;2293353328;3039936558;3786519788;4533103018;5306487836;6053071066;6799654296;7546237526;15065673002;22559424090;801766908;1548334178;2294901448;3041468718;3788035988;4534603258;5307972116;2294901448;6801106656;7547673926;15066949802;22559424090
system.cpu.exec_context.thread_0.statExecutedInstType::FloatCmp;0;0;0;0;0;0;0;0;0;0;0;0;0;0;0;0;0;0;0;0;0;0;0;0;0;0;0;0;0;0;0;0;0;0;0;0;0;0;0;0;0;0;0;0;0;0;0
system.cpu.exec_context.thread_0.statExecutedInstType::FloatCvt;32;32;32;32;32;32;32;32;32;32;32;32;32;32;32;32;32;32;32;32;32;32;32;32;32;32;32;32;32;32;32;32;32;32;32;32;32;32;32;32;32;32;32;32;32;32;32
system.cpu.exec_context.thread_0.statExecutedInstType::FloatMult;0;0;0;0;0;0;0;0;0;0;0;0;0;0;0;0;0;0;0;0;0;0;0;0;0;0;0;0;0;0;0;0;0;0;0;0;0;0;0;0;0;0;0;0;0;0;0
system.cpu.exec_context.thread_0.statExecutedInstType::FloatMultAcc;0;0;0;0;0;0;0;0;0;0;0;0;0;0;0;0;0;0;0;0;0;0;0;0;0;0;0;0;0;0;0;0;0;0;0;0;0;0;0;0;0;0;0;0;0;0;0
system.cpu.exec_context.thread_0.statExecutedInstType::FloatDiv;0;0;0;0;0;0;0;0;0;0;0;0;0;0;0;0;0;0;0;0;0;0;0;0;0;0;0;0;0;0;0;0;0;0;0;0;0;0;0;0;0;0;0;0;0;0;0
system.cpu.exec_context.thread_0.statExecutedInstType::FloatMisc;0;0;0;0;0;0;0;0;0;0;0;0;0;0;0;0;0;0;0;0;0;0;0;0;0;0;0;0;0;0;0;0;0;0;0;0;0;0;0;0;0;0;0;0;0;0;0
system.cpu.exec_context.thread_0.statExecutedInstType::FloatSqrt;0;0;0;0;0;0;0;0;0;0;0;0;0;0;0;0;0;0;0;0;0;0;0;0;0;0;0;0;0;0;0;0;0;0;0;0;0;0;0;0;0;0;0;0;0;0;0
system.cpu.exec_context.thread_0.statExecutedInstType::SimdAdd;586;586;586;586;586;586;586;586;586;586;586;586;586;586;586;586;586;586;586;586;586;586;586;586;586;586;586;586;586;586;586;586;586;586;586;586;586;586;586;586;586;586;586;586;586;586;586
system.cpu.exec_context.thread_0.statExecutedInstType::SimdAddAcc;0;0;0;0;0;0;0;0;0;0;0;0;0;0;0;0;0;0;0;0;0;0;0;0;0;0;0;0;0;0;0;0;0;0;0;0;0;0;0;0;0;0;0;0;0;0;0
system.cpu.exec_context.thread_0.statExecutedInstType::SimdAlu;1642885;2642905;3642925;4642945;5642965;6642985;7643109;8643129;9643149;10643169;20643577;30643881;1007899;2007919;3007939;4007959;5007979;6007999;7008123;8008143;9008163;10008183;20008591;1065625;2129785;3193945;4258105;5322265;6386425;7450689;8514849;9579009;10643169;21284977;36416481;7415485;8415505;9415525;10415545;11415565;12415585;13415709;9415525;15415749;16415769;26416177;36416481
system.cpu.exec_context.thread_0.statExecutedInstType::SimdCmp;24;24;24;24;24;24;24;24;24;24;24;24;24;24;24;24;24;24;24;24;24;24;24;24;24;24;24;24;24;24;24;24;24;24;24;24;24;24;24;24;24;24;24;24;24;24;24
system.cpu.exec_context.thread_0.statExecutedInstType::SimdCvt;645968;645968;645968;645968;645968;645968;646034;646034;646034;646034;646166;646232;8012;8012;8012;8012;8012;8012;8078;8078;8078;8078;8210;66008;130448;194888;259328;323768;388208;452714;517154;581594;646034;1290566;6445832;6445568;6445568;6445568;6445568;6445568;6445568;6445634;6445568;6445634;6445634;6445766;6445832
system.cpu.exec_context.thread_0.statExecutedInstType::SimdMisc;1641038;1841038;2041038;2241038;2441038;2641038;2841168;3041168;3241168;3441168;5441428;7441558;216032;416032;616032;816032;1016032;1216032;1416162;1616162;1816162;2016162;4016422;345578;689518;1033458;1377398;1721338;2065278;2409348;2753288;3097228;3441168;6880828;20396158;14595638;14795638;14995638;15195638;15395638;15595638;15795768;14995638;16195768;16395768;18396028;20396158
system.cpu.exec_context.thread_0.statExecutedInstType::SimdMult;0;0;0;0;0;0;0;0;0;0;0;0;0;0;0;0;0;0;0;0;0;0;0;0;0;0;0;0;0;0;0;0;0;0;0;0;0;0;0;0;0;0;0;0;0;0;0
system.cpu.exec_context.thread_0.statExecutedInstType::SimdMultAcc;0;0;0;0;0;0;0;0;0;0;0;0;0;0;0;0;0;0;0;0;0;0;0;0;0;0;0;0;0;0;0;0;0;0;0;0;0;0;0;0;0;0;0;0;0;0;0
system.cpu.exec_context.thread_0.statExecutedInstType::SimdShift;268;268;268;268;268;268;268;268;268;268;268;268;268;268;268;268;268;268;268;268;268;268;268;268;268;268;268;268;268;268;268;268;268;268;268;268;268;268;268;268;268;268;268;268;268;268;268
system.cpu.exec_context.thread_0.statExecutedInstType::SimdShiftAcc;0;0;0;0;0;0;0;0;0;0;0;0;0;0;0;0;0;0;0;0;0;0;0;0;0;0;0;0;0;0;0;0;0;0;0;0;0;0;0;0;0;0;0;0;0;0;0
system.cpu.exec_context.thread_0.statExecutedInstType::SimdDiv;0;0;0;0;0;0;0;0;0;0;0;0;0;0;0;0;0;0;0;0;0;0;0;0;0;0;0;0;0;0;0;0;0;0;0;0;0;0;0;0;0;0;0;0;0;0;0
system.cpu.exec_context.thread_0.statExecutedInstType::SimdSqrt;0;0;0;0;0;0;0;0;0;0;0;0;0;0;0;0;0;0;0;0;0;0;0;0;0;0;0;0;0;0;0;0;0;0;0;0;0;0;0;0;0;0;0;0;0;0;0
system.cpu.exec_context.thread_0.statExecutedInstType::SimdFloatAdd;1336861680;2577832880;3818804080;5059775280;6300746480;7541717680;8830634120;10071605320;11312576520;12553547720;25059150200;37516807440;1336861680;2577832880;3818804080;5059775280;6300746480;7541717680;8830634120;10071605320;11312576520;12553547720;25059150200;1336861680;2577832880;3818804080;5059775280;6300746480;7541717680;8830634120;10071605320;11312576520;12553547720;25059150200;37516807440;1336861680;2577832880;3818804080;5059775280;6300746480;7541717680;8830634120;3818804080;11312576520;12553547720;25059150200;37516807440
system.cpu.exec_context.thread_0.statExecutedInstType::SimdFloatAlu;0;0;0;0;0;0;0;0;0;0;0;0;0;0;0;0;0;0;0;0;0;0;0;0;0;0;0;0;0;0;0;0;0;0;0;0;0;0;0;0;0;0;0;0;0;0;0
system.cpu.exec_context.thread_0.statExecutedInstType::SimdFloatCmp;8406240;8406240;8406240;8406240;8406240;8406240;12609360;12609360;12609360;12609360;21015600;25218720;8406240;8406240;8406240;8406240;8406240;8406240;12609360;12609360;12609360;12609360;21015600;8406240;8406240;8406240;8406240;8406240;8406240;12609360;12609360;12609360;12609360;21015600;25218720;8406240;8406240;8406240;8406240;8406240;8406240;12609360;8406240;12609360;12609360;21015600;25218720
system.cpu.exec_context.thread_0.statExecutedInstType::SimdFloatCvt;200026;400026;600026;800026;1000026;1200026;1400038;1600038;1800038;2000038;4000062;6000074;200026;400026;600026;800026;1000026;1200026;1400038;1600038;1800038;2000038;4000062;200026;400026;600026;800026;1000026;1200026;1400038;1600038;1800038;2000038;4000062;6000074;200026;400026;600026;800026;1000026;1200026;1400038;600026;1800038;2000038;4000062;6000074
system.cpu.exec_context.thread_0.statExecutedInstType::SimdFloatDiv;26449920;51296720;76143520;100990320;125837120;150683920;176332280;201179080;226025880;250872680;500943800;750213360;26449920;51296720;76143520;100990320;125837120;150683920;176332280;201179080;226025880;250872680;500943800;26449920;51296720;76143520;100990320;125837120;150683920;176332280;201179080;226025880;250872680;500943800;750213360;26449920;51296720;76143520;100990320;125837120;150683920;176332280;76143520;226025880;250872680;500943800;750213360
system.cpu.exec_context.thread_0.statExecutedInstType::SimdFloatMisc;0;0;0;0;0;0;0;0;0;0;0;0;0;0;0;0;0;0;0;0;0;0;0;0;0;0;0;0;0;0;0;0;0;0;0;0;0;0;0;0;0;0;0;0;0;0;0
system.cpu.exec_context.thread_0.statExecutedInstType::SimdFloatMult;752147680;1497882880;2243618080;2989353280;3735088480;4480823680;5229765120;5975500320;6721235520;7466970720;14930735200;22391293440;752147680;1497882880;2243618080;2989353280;3735088480;4480823680;5229765120;5975500320;6721235520;7466970720;14930735200;752147680;1497882880;2243618080;2989353280;3735088480;4480823680;5229765120;5975500320;6721235520;7466970720;14930735200;22391293440;752147680;1497882880;2243618080;2989353280;3735088480;4480823680;5229765120;2243618080;6721235520;7466970720;14930735200;22391293440
system.cpu.exec_context.thread_0.statExecutedInstType::SimdFloatMultAcc;0;0;0;0;0;0;0;0;0;0;0;0;0;0;0;0;0;0;0;0;0;0;0;0;0;0;0;0;0;0;0;0;0;0;0;0;0;0;0;0;0;0;0;0;0;0;0
system.cpu.exec_context.thread_0.statExecutedInstType::SimdFloatSqrt;4;4;4;4;4;4;6;6;6;6;10;12;4;4;4;4;4;4;6;6;6;6;10;4;4;4;4;4;4;6;6;6;6;10;12;4;4;4;4;4;4;6;4;6;6;10;12
system.cpu.exec_context.thread_0.statExecutedInstType::SimdReduceAdd;0;0;0;0;0;0;0;0;0;0;0;0;0;0;0;0;0;0;0;0;0;0;0;0;0;0;0;0;0;0;0;0;0;0;0;0;0;0;0;0;0;0;0;0;0;0;0
system.cpu.exec_context.thread_0.statExecutedInstType::SimdReduceAlu;0;0;0;0;0;0;0;0;0;0;0;0;0;0;0;0;0;0;0;0;0;0;0;0;0;0;0;0;0;0;0;0;0;0;0;0;0;0;0;0;0;0;0;0;0;0;0
system.cpu.exec_context.thread_0.statExecutedInstType::SimdReduceCmp;0;0;0;0;0;0;0;0;0;0;0;0;0;0;0;0;0;0;0;0;0;0;0;0;0;0;0;0;0;0;0;0;0;0;0;0;0;0;0;0;0;0;0;0;0;0;0
system.cpu.exec_context.thread_0.statExecutedInstType::SimdFloatReduceAdd;0;0;0;0;0;0;0;0;0;0;0;0;0;0;0;0;0;0;0;0;0;0;0;0;0;0;0;0;0;0;0;0;0;0;0;0;0;0;0;0;0;0;0;0;0;0;0
system.cpu.exec_context.thread_0.statExecutedInstType::SimdFloatReduceCmp;0;0;0;0;0;0;0;0;0;0;0;0;0;0;0;0;0;0;0;0;0;0;0;0;0;0;0;0;0;0;0;0;0;0;0;0;0;0;0;0;0;0;0;0;0;0;0
system.cpu.exec_context.thread_0.statExecutedInstType::SimdAes;0;0;0;0;0;0;0;0;0;0;0;0;0;0;0;0;0;0;0;0;0;0;0;0;0;0;0;0;0;0;0;0;0;0;0;0;0;0;0;0;0;0;0;0;0;0;0
system.cpu.exec_context.thread_0.statExecutedInstType::SimdAesMix;0;0;0;0;0;0;0;0;0;0;0;0;0;0;0;0;0;0;0;0;0;0;0;0;0;0;0;0;0;0;0;0;0;0;0;0;0;0;0;0;0;0;0;0;0;0;0
system.cpu.exec_context.thread_0.statExecutedInstType::SimdSha1Hash;0;0;0;0;0;0;0;0;0;0;0;0;0;0;0;0;0;0;0;0;0;0;0;0;0;0;0;0;0;0;0;0;0;0;0;0;0;0;0;0;0;0;0;0;0;0;0
system.cpu.exec_context.thread_0.statExecutedInstType::SimdSha1Hash2;0;0;0;0;0;0;0;0;0;0;0;0;0;0;0;0;0;0;0;0;0;0;0;0;0;0;0;0;0;0;0;0;0;0;0;0;0;0;0;0;0;0;0;0;0;0;0
system.cpu.exec_context.thread_0.statExecutedInstType::SimdSha256Hash;0;0;0;0;0;0;0;0;0;0;0;0;0;0;0;0;0;0;0;0;0;0;0;0;0;0;0;0;0;0;0;0;0;0;0;0;0;0;0;0;0;0;0;0;0;0;0
system.cpu.exec_context.thread_0.statExecutedInstType::SimdSha256Hash2;0;0;0;0;0;0;0;0;0;0;0;0;0;0;0;0;0;0;0;0;0;0;0;0;0;0;0;0;0;0;0;0;0;0;0;0;0;0;0;0;0;0;0;0;0;0;0
system.cpu.exec_context.thread_0.statExecutedInstType::SimdShaSigma2;0;0;0;0;0;0;0;0;0;0;0;0;0;0;0;0;0;0;0;0;0;0;0;0;0;0;0;0;0;0;0;0;0;0;0;0;0;0;0;0;0;0;0;0;0;0;0
system.cpu.exec_context.thread_0.statExecutedInstType::SimdShaSigma3;0;0;0;0;0;0;0;0;0;0;0;0;0;0;0;0;0;0;0;0;0;0;0;0;0;0;0;0;0;0;0;0;0;0;0;0;0;0;0;0;0;0;0;0;0;0;0
system.cpu.exec_context.thread_0.statExecutedInstType::SimdPredAlu;0;0;0;0;0;0;0;0;0;0;0;0;0;0;0;0;0;0;0;0;0;0;0;0;0;0;0;0;0;0;0;0;0;0;0;0;0;0;0;0;0;0;0;0;0;0;0
system.cpu.exec_context.thread_0.statExecutedInstType::MemRead;51943431;64943517;77943628;90943728;103943812;116943921;131247812;144247917;157248022;170248118;302856764;434161570;37821202;50821569;63821168;76821615;89821534;102822054;117125625;130125390;143125636;156125888;288734113;39085256;53488780;67892130;82295627;96699217;111101472;126808496;141209488;155611641;170015547;316633881;562510066;180291927;193292013;206292124;219292224;232292308;245292417;259596308;206292124;285596518;298596614;431205260;562510066
system.cpu.exec_context.thread_0.statExecutedInstType::MemWrite;24285270;24285318;24285369;24285421;24285467;24285516;24287746;24287797;24287848;24287900;24292776;24295459;14414293;14414535;14414238;14414528;14414464;14414767;14416807;14416608;14416763;14416909;14421498;15296930;16276873;17256715;18236651;19216651;20195709;21177621;22155830;23134783;24114987;33901838;114005029;113994840;113994888;113994939;113994991;113995037;113995086;113997316;113994939;113997418;113997470;114002346;114005029
system.cpu.exec_context.thread_0.statExecutedInstType::FloatMemRead;1055112406;2035116476;3015120546;3995124616;4975128686;5955132756;6972446260;7952450330;8932454400;9912458470;19787118038;29624468172;1054630078;2034634148;3014638218;3994642288;4974646358;5954650428;6971963932;7951968002;8931972072;9911976142;19786635710;1054673926;2034726716;3014779506;3994832296;4974885086;5954937876;6972300100;7952352890;8932405680;9912458470;19787605238;29628852972;1059497206;2039501276;3019505346;3999509416;4979513486;5959517556;6976831060;3019505346;8936839200;9916843270;19791502838;29628852972
system.cpu.exec_context.thread_0.statExecutedInstType::FloatMemWrite;644018593;1215542593;1787066593;2358590593;2930114593;3501638593;4083865742;4655389742;5226913742;5798437742;11535084040;17261027189;643855243;1215379243;1786903243;2358427243;2929951243;3501475243;4083702392;4655226392;5226750392;5798274392;11534920690;643870093;1215410593;1786951093;2358491593;2930032093;3501572593;4083816242;4655356742;5226897242;5798437742;11535249040;17262512189;645503593;1217027593;1788551593;2360075593;2931599593;3503123593;4085350742;1788551593;5228398742;5799922742;11536569040;17262512189
system.cpu.exec_context.thread_0.statExecutedInstType::IprAccess;0;0;0;0;0;0;0;0;0;0;0;0;0;0;0;0;0;0;0;0;0;0;0;0;0;0;0;0;0;0;0;0;0;0;0;0;0;0;0;0;0;0;0;0;0;0;0
system.cpu.exec_context.thread_0.statExecutedInstType::InstPrefetch;0;0;0;0;0;0;0;0;0;0;0;0;0;0;0;0;0;0;0;0;0;0;0;0;0;0;0;0;0;0;0;0;0;0;0;0;0;0;0;0;0;0;0;0;0;0;0
system.cpu.exec_context.thread_0.statExecutedInstType::total;6121912834;11518615736;16915318799;22312021790;27708724641;33105427680;38667149185;44063852211;49460555237;54857258255;1,09154E+11;1,63286E+11;6003653614;11400358489;16797057920;22193763358;27590465024;32987171150;38548890199;43945590941;49342294912;54738999118;1,09036E+11;6014275508;11422773538;16831270122;22239767820;27648266211;33056755282;38630269806;44038749901;49447238537;54855739234;1,09271E+11;1,64361E+11;7196752202;12593455104;17990158167;23386861158;28783564009;34180267048;39741988553;17990158167;50535394605;55932097623;1,10229E+11;1,64361E+11
system.cpu.interrupts.clk_domain.clock;8000;8000;8000;8000;8000;8000;8000;8000;8000;8000;8000;8000;8000;8000;8000;8000;8000;8000;8000;8000;8000;8000;8000;8000;8000;8000;8000;8000;8000;8000;8000;8000;8000;8000;8000;8000;8000;8000;8000;8000;8000;8000;8000;8000;8000;8000;8000
system.cpu.mmu.dtb.rdAccesses;1107056565;2100060721;3093064902;4086069072;5079073226;6072077405;7103694809;8096698984;9089703159;10082707324;20089975556;30058630505;1092451317;2085455754;3078459423;4071463940;5064467929;6057472519;7089089603;8082093438;9075097754;10068102075;20075369886;1093759282;2088215666;3082671876;4077128233;5071584683;6066039798;7099109125;8093562977;9088017990;10082474756;20104240576;30191370102;1239796161;2232800317;3225804498;4218808668;5211812822;6204817001;7236434405;3225804498;9222442755;10215446921;20222715153;30191370102
system.cpu.mmu.dtb.wrAccesses;668303868;1239827916;1811351967;2382876019;2954400065;3525924114;4108153494;4679677545;5251201596;5822725648;11559376824;17285322657;658269541;1229793783;1801317486;2372841776;2944365712;3515890015;4098119205;4669643006;5241167161;5812691307;11549342196;659167028;1231687471;1804207813;2376728249;2949248749;3521768307;4104993869;4677512578;5250032031;5822552735;11569150886;17376517227;759498438;1331022486;1902546537;2474070589;3045594635;3617118684;4199348064;1902546537;5342396166;5913920218;11650571394;17376517227
system.cpu.mmu.dtb.rdMisses;718011;1241521;1765031;2288541;2812051;3335561;3909881;4433391;4956901;5480411;10817131;16103041;718023;1241533;1765043;2288553;2812063;3335573;3909893;4433403;4956913;5480423;10817143;718131;1241761;1765391;2289021;2812651;3336281;3910710;4434340;4957970;5481600;10819498;16103041;718011;1241521;1765031;2288541;2812051;3335561;3909881;1765031;4956901;5480411;10817131;16103041
system.cpu.mmu.dtb.wrMisses;1740971;3272521;4804071;6335621;7867171;9398721;10930273;12461823;13993373;15524923;30840427;46155929;1740972;3272522;4804072;6335622;7867172;9398722;10930274;12461824;13993374;15524924;30840428;1740981;3272541;4804101;6335661;7867221;9398781;10930342;12461902;13993462;15525022;30840624;46155929;1740971;3272521;4804071;6335621;7867171;9398721;10930273;4804071;13993373;15524923;30840427;46155929
system.cpu.mmu.dtb.walker.power_state.pwrStateResidencyTicks::UNDEFINED;4,19313E+12;7,93836E+12;1,16836E+13;1,54288E+13;1,9174E+13;2,29193E+13;2,67747E+13;3,05199E+13;3,42651E+13;3,80103E+13;7,56829E+13;1,13245E+14;4,12301E+12;7,86824E+12;1,16135E+13;1,53587E+13;1,91039E+13;2,28491E+13;2,67045E+13;3,04498E+13;3,4195E+13;3,79402E+13;7,56128E+13;4,12931E+12;7,88152E+12;1,16337E+13;1,5386E+13;1,91382E+13;2,28904E+13;2,67528E+13;3,0505E+13;3,42572E+13;3,80094E+13;7,57518E+13;1,13883E+14;4,83045E+12;8,57567E+12;1,23209E+13;1,60661E+13;1,98113E+13;2,35566E+13;2,7412E+13;1,23209E+13;3,49024E+13;3,86476E+13;7,63202E+13;1,13883E+14
system.cpu.mmu.itb.rdAccesses;0;0;0;0;0;0;0;0;0;0;0;0;0;0;0;0;0;0;0;0;0;0;0;0;0;0;0;0;0;0;0;0;0;0;0;0;0;0;0;0;0;0;0;0;0;0;0
system.cpu.mmu.itb.wrAccesses;6529343992;12449282567;18369221260;24289159897;30209098453;36129037130;42214199588;48134138254;54054076920;59974015575;1,19504E+11;1,78868E+11;6445310628;12365250700;18285186657;24205127145;30125064816;36045005728;42130166434;48050103312;53970042719;59889982226;1,1942E+11;6452848350;12381156605;18309463879;24237771939;30166080531;36094382008;42187912537;48116207268;54044508272;59972818551;1,19586E+11;1,79632E+11;7293090476;13213029051;19132967744;25052906381;30972844937;36892783614;42977946072;19132967744;54817823404;60737762059;1,20268E+11;1,79632E+11
system.cpu.mmu.itb.rdMisses;0;0;0;0;0;0;0;0;0;0;0;0;0;0;0;0;0;0;0;0;0;0;0;0;0;0;0;0;0;0;0;0;0;0;0;0;0;0;0;0;0;0;0;0;0;0;0
system.cpu.mmu.itb.wrMisses;259;259;259;259;259;259;259;259;259;259;259;259;259;259;259;259;259;259;259;259;259;259;259;259;259;259;259;259;259;259;259;259;259;259;259;259;259;259;259;259;259;259;259;259;259;259;259
system.cpu.mmu.itb.walker.power_state.pwrStateResidencyTicks::UNDEFINED;4,19313E+12;7,93836E+12;1,16836E+13;1,54288E+13;1,9174E+13;2,29193E+13;2,67747E+13;3,05199E+13;3,42651E+13;3,80103E+13;7,56829E+13;1,13245E+14;4,12301E+12;7,86824E+12;1,16135E+13;1,53587E+13;1,91039E+13;2,28491E+13;2,67045E+13;3,04498E+13;3,4195E+13;3,79402E+13;7,56128E+13;4,12931E+12;7,88152E+12;1,16337E+13;1,5386E+13;1,91382E+13;2,28904E+13;2,67528E+13;3,0505E+13;3,42572E+13;3,80094E+13;7,57518E+13;1,13883E+14;4,83045E+12;8,57567E+12;1,23209E+13;1,60661E+13;1,98113E+13;2,35566E+13;2,7412E+13;1,23209E+13;3,49024E+13;3,86476E+13;7,63202E+13;1,13883E+14
system.cpu.power_state.pwrStateResidencyTicks::ON;4,19313E+12;7,93836E+12;1,16836E+13;1,54288E+13;1,9174E+13;2,29193E+13;2,67747E+13;3,05199E+13;3,42651E+13;3,80103E+13;7,56829E+13;1,13245E+14;4,12301E+12;7,86824E+12;1,16135E+13;1,53587E+13;1,91039E+13;2,28491E+13;2,67045E+13;3,04498E+13;3,4195E+13;3,79402E+13;7,56128E+13;4,12931E+12;7,88152E+12;1,16337E+13;1,5386E+13;1,91382E+13;2,28904E+13;2,67528E+13;3,0505E+13;3,42572E+13;3,80094E+13;7,57518E+13;1,13883E+14;4,83045E+12;8,57567E+12;1,23209E+13;1,60661E+13;1,98113E+13;2,35566E+13;2,7412E+13;1,23209E+13;3,49024E+13;3,86476E+13;7,63202E+13;1,13883E+14
system.cpu.thread_0.numInsts;0;0;0;0;0;0;0;0;0;0;0;0;0;0;0;0;0;0;0;0;0;0;0;0;0;0;0;0;0;0;0;0;0;0;0;0;0;0;0;0;0;0;0;0;0;0;0
system.cpu.thread_0.numOps;0;0;0;0;0;0;0;0;0;0;0;0;0;0;0;0;0;0;0;0;0;0;0;0;0;0;0;0;0;0;0;0;0;0;0;0;0;0;0;0;0;0;0;0;0;0;0
system.cpu.thread_0.numMemRefs;0;0;0;0;0;0;0;0;0;0;0;0;0;0;0;0;0;0;0;0;0;0;0;0;0;0;0;0;0;0;0;0;0;0;0;0;0;0;0;0;0;0;0;0;0;0;0
system.cpu.workload.numSyscalls;6091;6091;6091;6091;6091;6091;6096;6096;6096;6096;6106;6111;448;448;448;448;448;448;453;453;453;453;463;961;1531;2101;2671;3241;3811;4386;4956;5526;6096;11806;57411;57391;57391;57391;57391;57391;57391;57396;57391;57396;57396;57406;57411
system.cpu_clk_domain.clock;500;500;500;500;500;500;500;500;500;500;500;500;500;500;500;500;500;500;500;500;500;500;500;500;500;500;500;500;500;500;500;500;500;500;500;500;500;500;500;500;500;500;500;500;500;500;500
system.cpu_voltage_domain.voltage;1;1;1;1;1;1;1;1;1;1;1;1;1;1;1;1;1;1;1;1;1;1;1;1;1;1;1;1;1;1;1;1;1;1;1;1;1;1;1;1;1;1;1;1;1;1;1
system.mem_ctrls.priorityMinLatency;0;0;0;0;0;0;0;0;0;0;0;0;0;0;0;0;0;0;0;0;0;0;0;0;0;0;0;0;0;0;0;0;0;0;0;0;0;0;0;0;0;0;0;0;0;0;0
system.mem_ctrls.priorityMaxLatency;0;0;0;0;0;0;0;0;0;0;0;0;0;0;0;0;0;0;0;0;0;0;0;0;0;0;0;0;0;0;0;0;0;0;0;0;0;0;0;0;0;0;0;0;0;0;0
system.mem_ctrls.numReadWriteTurnArounds;0;0;0;0;0;0;0;0;0;0;0;0;0;0;0;0;0;0;0;0;0;0;0;0;0;0;0;0;0;0;0;0;0;0;0;0;0;0;0;0;0;0;0;0;0;0;0
system.mem_ctrls.numWriteReadTurnArounds;0;0;0;0;0;0;0;0;0;0;0;0;0;0;0;0;0;0;0;0;0;0;0;0;0;0;0;0;0;0;0;0;0;0;0;0;0;0;0;0;0;0;0;0;0;0;0
system.mem_ctrls.numStayReadState;0;0;0;0;0;0;0;0;0;0;0;0;0;0;0;0;0;0;0;0;0;0;0;0;0;0;0;0;0;0;0;0;0;0;0;0;0;0;0;0;0;0;0;0;0;0;0
system.mem_ctrls.numStayWriteState;0;0;0;0;0;0;0;0;0;0;0;0;0;0;0;0;0;0;0;0;0;0;0;0;0;0;0;0;0;0;0;0;0;0;0;0;0;0;0;0;0;0;0;0;0;0;0
system.mem_ctrls.readReqs;0;0;0;0;0;0;0;0;0;0;0;0;0;0;0;0;0;0;0;0;0;0;0;0;0;0;0;0;0;0;0;0;0;0;0;0;0;0;0;0;0;0;0;0;0;0;0
system.mem_ctrls.writeReqs;0;0;0;0;0;0;0;0;0;0;0;0;0;0;0;0;0;0;0;0;0;0;0;0;0;0;0;0;0;0;0;0;0;0;0;0;0;0;0;0;0;0;0;0;0;0;0
system.mem_ctrls.readBursts;0;0;0;0;0;0;0;0;0;0;0;0;0;0;0;0;0;0;0;0;0;0;0;0;0;0;0;0;0;0;0;0;0;0;0;0;0;0;0;0;0;0;0;0;0;0;0
system.mem_ctrls.writeBursts;0;0;0;0;0;0;0;0;0;0;0;0;0;0;0;0;0;0;0;0;0;0;0;0;0;0;0;0;0;0;0;0;0;0;0;0;0;0;0;0;0;0;0;0;0;0;0
system.mem_ctrls.servicedByWrQ;0;0;0;0;0;0;0;0;0;0;0;0;0;0;0;0;0;0;0;0;0;0;0;0;0;0;0;0;0;0;0;0;0;0;0;0;0;0;0;0;0;0;0;0;0;0;0
system.mem_ctrls.mergedWrBursts;0;0;0;0;0;0;0;0;0;0;0;0;0;0;0;0;0;0;0;0;0;0;0;0;0;0;0;0;0;0;0;0;0;0;0;0;0;0;0;0;0;0;0;0;0;0;0
system.mem_ctrls.neitherReadNorWriteReqs;0;0;0;0;0;0;0;0;0;0;0;0;0;0;0;0;0;0;0;0;0;0;0;0;0;0;0;0;0;0;0;0;0;0;0;0;0;0;0;0;0;0;0;0;0;0;0
system.mem_ctrls.avgRdQLen;0;0;0;0;0;0;0;0;0;0;0;0;0;0;0;0;0;0;0;0;0;0;0;0;0;0;0;0;0;0;0;0;0;0;0;0;0;0;0;0;0;0;0;0;0;0;0
system.mem_ctrls.avgWrQLen;0;0;0;0;0;0;0;0;0;0;0;0;0;0;0;0;0;0;0;0;0;0;0;0;0;0;0;0;0;0;0;0;0;0;0;0;0;0;0;0;0;0;0;0;0;0;0
system.mem_ctrls.numRdRetry;0;0;0;0;0;0;0;0;0;0;0;0;0;0;0;0;0;0;0;0;0;0;0;0;0;0;0;0;0;0;0;0;0;0;0;0;0;0;0;0;0;0;0;0;0;0;0
system.mem_ctrls.numWrRetry;0;0;0;0;0;0;0;0;0;0;0;0;0;0;0;0;0;0;0;0;0;0;0;0;0;0;0;0;0;0;0;0;0;0;0;0;0;0;0;0;0;0;0;0;0;0;0
system.mem_ctrls.readPktSize::0;0;0;0;0;0;0;0;0;0;0;0;0;0;0;0;0;0;0;0;0;0;0;0;0;0;0;0;0;0;0;0;0;0;0;0;0;0;0;0;0;0;0;0;0;0;0;0
system.mem_ctrls.readPktSize::1;0;0;0;0;0;0;0;0;0;0;0;0;0;0;0;0;0;0;0;0;0;0;0;0;0;0;0;0;0;0;0;0;0;0;0;0;0;0;0;0;0;0;0;0;0;0;0
system.mem_ctrls.readPktSize::2;0;0;0;0;0;0;0;0;0;0;0;0;0;0;0;0;0;0;0;0;0;0;0;0;0;0;0;0;0;0;0;0;0;0;0;0;0;0;0;0;0;0;0;0;0;0;0
system.mem_ctrls.readPktSize::3;0;0;0;0;0;0;0;0;0;0;0;0;0;0;0;0;0;0;0;0;0;0;0;0;0;0;0;0;0;0;0;0;0;0;0;0;0;0;0;0;0;0;0;0;0;0;0
system.mem_ctrls.readPktSize::4;0;0;0;0;0;0;0;0;0;0;0;0;0;0;0;0;0;0;0;0;0;0;0;0;0;0;0;0;0;0;0;0;0;0;0;0;0;0;0;0;0;0;0;0;0;0;0
system.mem_ctrls.readPktSize::5;0;0;0;0;0;0;0;0;0;0;0;0;0;0;0;0;0;0;0;0;0;0;0;0;0;0;0;0;0;0;0;0;0;0;0;0;0;0;0;0;0;0;0;0;0;0;0
system.mem_ctrls.readPktSize::6;0;0;0;0;0;0;0;0;0;0;0;0;0;0;0;0;0;0;0;0;0;0;0;0;0;0;0;0;0;0;0;0;0;0;0;0;0;0;0;0;0;0;0;0;0;0;0
system.mem_ctrls.writePktSize::0;0;0;0;0;0;0;0;0;0;0;0;0;0;0;0;0;0;0;0;0;0;0;0;0;0;0;0;0;0;0;0;0;0;0;0;0;0;0;0;0;0;0;0;0;0;0;0
system.mem_ctrls.writePktSize::1;0;0;0;0;0;0;0;0;0;0;0;0;0;0;0;0;0;0;0;0;0;0;0;0;0;0;0;0;0;0;0;0;0;0;0;0;0;0;0;0;0;0;0;0;0;0;0
system.mem_ctrls.writePktSize::2;0;0;0;0;0;0;0;0;0;0;0;0;0;0;0;0;0;0;0;0;0;0;0;0;0;0;0;0;0;0;0;0;0;0;0;0;0;0;0;0;0;0;0;0;0;0;0
system.mem_ctrls.writePktSize::3;0;0;0;0;0;0;0;0;0;0;0;0;0;0;0;0;0;0;0;0;0;0;0;0;0;0;0;0;0;0;0;0;0;0;0;0;0;0;0;0;0;0;0;0;0;0;0
system.mem_ctrls.writePktSize::4;0;0;0;0;0;0;0;0;0;0;0;0;0;0;0;0;0;0;0;0;0;0;0;0;0;0;0;0;0;0;0;0;0;0;0;0;0;0;0;0;0;0;0;0;0;0;0
system.mem_ctrls.writePktSize::5;0;0;0;0;0;0;0;0;0;0;0;0;0;0;0;0;0;0;0;0;0;0;0;0;0;0;0;0;0;0;0;0;0;0;0;0;0;0;0;0;0;0;0;0;0;0;0
system.mem_ctrls.writePktSize::6;0;0;0;0;0;0;0;0;0;0;0;0;0;0;0;0;0;0;0;0;0;0;0;0;0;0;0;0;0;0;0;0;0;0;0;0;0;0;0;0;0;0;0;0;0;0;0
system.mem_ctrls.rdQLenPdf::0;0;0;0;0;0;0;0;0;0;0;0;0;0;0;0;0;0;0;0;0;0;0;0;0;0;0;0;0;0;0;0;0;0;0;0;0;0;0;0;0;0;0;0;0;0;0;0
system.mem_ctrls.rdQLenPdf::1;0;0;0;0;0;0;0;0;0;0;0;0;0;0;0;0;0;0;0;0;0;0;0;0;0;0;0;0;0;0;0;0;0;0;0;0;0;0;0;0;0;0;0;0;0;0;0
system.mem_ctrls.rdQLenPdf::2;0;0;0;0;0;0;0;0;0;0;0;0;0;0;0;0;0;0;0;0;0;0;0;0;0;0;0;0;0;0;0;0;0;0;0;0;0;0;0;0;0;0;0;0;0;0;0
system.mem_ctrls.rdQLenPdf::3;0;0;0;0;0;0;0;0;0;0;0;0;0;0;0;0;0;0;0;0;0;0;0;0;0;0;0;0;0;0;0;0;0;0;0;0;0;0;0;0;0;0;0;0;0;0;0
system.mem_ctrls.rdQLenPdf::4;0;0;0;0;0;0;0;0;0;0;0;0;0;0;0;0;0;0;0;0;0;0;0;0;0;0;0;0;0;0;0;0;0;0;0;0;0;0;0;0;0;0;0;0;0;0;0
system.mem_ctrls.rdQLenPdf::5;0;0;0;0;0;0;0;0;0;0;0;0;0;0;0;0;0;0;0;0;0;0;0;0;0;0;0;0;0;0;0;0;0;0;0;0;0;0;0;0;0;0;0;0;0;0;0
system.mem_ctrls.rdQLenPdf::6;0;0;0;0;0;0;0;0;0;0;0;0;0;0;0;0;0;0;0;0;0;0;0;0;0;0;0;0;0;0;0;0;0;0;0;0;0;0;0;0;0;0;0;0;0;0;0
system.mem_ctrls.rdQLenPdf::7;0;0;0;0;0;0;0;0;0;0;0;0;0;0;0;0;0;0;0;0;0;0;0;0;0;0;0;0;0;0;0;0;0;0;0;0;0;0;0;0;0;0;0;0;0;0;0
system.mem_ctrls.rdQLenPdf::8;0;0;0;0;0;0;0;0;0;0;0;0;0;0;0;0;0;0;0;0;0;0;0;0;0;0;0;0;0;0;0;0;0;0;0;0;0;0;0;0;0;0;0;0;0;0;0
system.mem_ctrls.rdQLenPdf::9;0;0;0;0;0;0;0;0;0;0;0;0;0;0;0;0;0;0;0;0;0;0;0;0;0;0;0;0;0;0;0;0;0;0;0;0;0;0;0;0;0;0;0;0;0;0;0
system.mem_ctrls.rdQLenPdf::10;0;0;0;0;0;0;0;0;0;0;0;0;0;0;0;0;0;0;0;0;0;0;0;0;0;0;0;0;0;0;0;0;0;0;0;0;0;0;0;0;0;0;0;0;0;0;0
system.mem_ctrls.rdQLenPdf::11;0;0;0;0;0;0;0;0;0;0;0;0;0;0;0;0;0;0;0;0;0;0;0;0;0;0;0;0;0;0;0;0;0;0;0;0;0;0;0;0;0;0;0;0;0;0;0
system.mem_ctrls.rdQLenPdf::12;0;0;0;0;0;0;0;0;0;0;0;0;0;0;0;0;0;0;0;0;0;0;0;0;0;0;0;0;0;0;0;0;0;0;0;0;0;0;0;0;0;0;0;0;0;0;0
system.mem_ctrls.rdQLenPdf::13;0;0;0;0;0;0;0;0;0;0;0;0;0;0;0;0;0;0;0;0;0;0;0;0;0;0;0;0;0;0;0;0;0;0;0;0;0;0;0;0;0;0;0;0;0;0;0
system.mem_ctrls.rdQLenPdf::14;0;0;0;0;0;0;0;0;0;0;0;0;0;0;0;0;0;0;0;0;0;0;0;0;0;0;0;0;0;0;0;0;0;0;0;0;0;0;0;0;0;0;0;0;0;0;0
system.mem_ctrls.rdQLenPdf::15;0;0;0;0;0;0;0;0;0;0;0;0;0;0;0;0;0;0;0;0;0;0;0;0;0;0;0;0;0;0;0;0;0;0;0;0;0;0;0;0;0;0;0;0;0;0;0
system.mem_ctrls.rdQLenPdf::16;0;0;0;0;0;0;0;0;0;0;0;0;0;0;0;0;0;0;0;0;0;0;0;0;0;0;0;0;0;0;0;0;0;0;0;0;0;0;0;0;0;0;0;0;0;0;0
system.mem_ctrls.rdQLenPdf::17;0;0;0;0;0;0;0;0;0;0;0;0;0;0;0;0;0;0;0;0;0;0;0;0;0;0;0;0;0;0;0;0;0;0;0;0;0;0;0;0;0;0;0;0;0;0;0
system.mem_ctrls.rdQLenPdf::18;0;0;0;0;0;0;0;0;0;0;0;0;0;0;0;0;0;0;0;0;0;0;0;0;0;0;0;0;0;0;0;0;0;0;0;0;0;0;0;0;0;0;0;0;0;0;0
system.mem_ctrls.rdQLenPdf::19;0;0;0;0;0;0;0;0;0;0;0;0;0;0;0;0;0;0;0;0;0;0;0;0;0;0;0;0;0;0;0;0;0;0;0;0;0;0;0;0;0;0;0;0;0;0;0
system.mem_ctrls.rdQLenPdf::20;0;0;0;0;0;0;0;0;0;0;0;0;0;0;0;0;0;0;0;0;0;0;0;0;0;0;0;0;0;0;0;0;0;0;0;0;0;0;0;0;0;0;0;0;0;0;0
system.mem_ctrls.rdQLenPdf::21;0;0;0;0;0;0;0;0;0;0;0;0;0;0;0;0;0;0;0;0;0;0;0;0;0;0;0;0;0;0;0;0;0;0;0;0;0;0;0;0;0;0;0;0;0;0;0
system.mem_ctrls.rdQLenPdf::22;0;0;0;0;0;0;0;0;0;0;0;0;0;0;0;0;0;0;0;0;0;0;0;0;0;0;0;0;0;0;0;0;0;0;0;0;0;0;0;0;0;0;0;0;0;0;0
system.mem_ctrls.rdQLenPdf::23;0;0;0;0;0;0;0;0;0;0;0;0;0;0;0;0;0;0;0;0;0;0;0;0;0;0;0;0;0;0;0;0;0;0;0;0;0;0;0;0;0;0;0;0;0;0;0
system.mem_ctrls.rdQLenPdf::24;0;0;0;0;0;0;0;0;0;0;0;0;0;0;0;0;0;0;0;0;0;0;0;0;0;0;0;0;0;0;0;0;0;0;0;0;0;0;0;0;0;0;0;0;0;0;0
system.mem_ctrls.rdQLenPdf::25;0;0;0;0;0;0;0;0;0;0;0;0;0;0;0;0;0;0;0;0;0;0;0;0;0;0;0;0;0;0;0;0;0;0;0;0;0;0;0;0;0;0;0;0;0;0;0
system.mem_ctrls.rdQLenPdf::26;0;0;0;0;0;0;0;0;0;0;0;0;0;0;0;0;0;0;0;0;0;0;0;0;0;0;0;0;0;0;0;0;0;0;0;0;0;0;0;0;0;0;0;0;0;0;0
system.mem_ctrls.rdQLenPdf::27;0;0;0;0;0;0;0;0;0;0;0;0;0;0;0;0;0;0;0;0;0;0;0;0;0;0;0;0;0;0;0;0;0;0;0;0;0;0;0;0;0;0;0;0;0;0;0
system.mem_ctrls.rdQLenPdf::28;0;0;0;0;0;0;0;0;0;0;0;0;0;0;0;0;0;0;0;0;0;0;0;0;0;0;0;0;0;0;0;0;0;0;0;0;0;0;0;0;0;0;0;0;0;0;0
system.mem_ctrls.rdQLenPdf::29;0;0;0;0;0;0;0;0;0;0;0;0;0;0;0;0;0;0;0;0;0;0;0;0;0;0;0;0;0;0;0;0;0;0;0;0;0;0;0;0;0;0;0;0;0;0;0
system.mem_ctrls.rdQLenPdf::30;0;0;0;0;0;0;0;0;0;0;0;0;0;0;0;0;0;0;0;0;0;0;0;0;0;0;0;0;0;0;0;0;0;0;0;0;0;0;0;0;0;0;0;0;0;0;0
system.mem_ctrls.rdQLenPdf::31;0;0;0;0;0;0;0;0;0;0;0;0;0;0;0;0;0;0;0;0;0;0;0;0;0;0;0;0;0;0;0;0;0;0;0;0;0;0;0;0;0;0;0;0;0;0;0
system.mem_ctrls.wrQLenPdf::0;0;0;0;0;0;0;0;0;0;0;0;0;0;0;0;0;0;0;0;0;0;0;0;0;0;0;0;0;0;0;0;0;0;0;0;0;0;0;0;0;0;0;0;0;0;0;0
system.mem_ctrls.wrQLenPdf::1;0;0;0;0;0;0;0;0;0;0;0;0;0;0;0;0;0;0;0;0;0;0;0;0;0;0;0;0;0;0;0;0;0;0;0;0;0;0;0;0;0;0;0;0;0;0;0
system.mem_ctrls.wrQLenPdf::2;0;0;0;0;0;0;0;0;0;0;0;0;0;0;0;0;0;0;0;0;0;0;0;0;0;0;0;0;0;0;0;0;0;0;0;0;0;0;0;0;0;0;0;0;0;0;0
system.mem_ctrls.wrQLenPdf::3;0;0;0;0;0;0;0;0;0;0;0;0;0;0;0;0;0;0;0;0;0;0;0;0;0;0;0;0;0;0;0;0;0;0;0;0;0;0;0;0;0;0;0;0;0;0;0
system.mem_ctrls.wrQLenPdf::4;0;0;0;0;0;0;0;0;0;0;0;0;0;0;0;0;0;0;0;0;0;0;0;0;0;0;0;0;0;0;0;0;0;0;0;0;0;0;0;0;0;0;0;0;0;0;0
system.mem_ctrls.wrQLenPdf::5;0;0;0;0;0;0;0;0;0;0;0;0;0;0;0;0;0;0;0;0;0;0;0;0;0;0;0;0;0;0;0;0;0;0;0;0;0;0;0;0;0;0;0;0;0;0;0
system.mem_ctrls.wrQLenPdf::6;0;0;0;0;0;0;0;0;0;0;0;0;0;0;0;0;0;0;0;0;0;0;0;0;0;0;0;0;0;0;0;0;0;0;0;0;0;0;0;0;0;0;0;0;0;0;0
system.mem_ctrls.wrQLenPdf::7;0;0;0;0;0;0;0;0;0;0;0;0;0;0;0;0;0;0;0;0;0;0;0;0;0;0;0;0;0;0;0;0;0;0;0;0;0;0;0;0;0;0;0;0;0;0;0
system.mem_ctrls.wrQLenPdf::8;0;0;0;0;0;0;0;0;0;0;0;0;0;0;0;0;0;0;0;0;0;0;0;0;0;0;0;0;0;0;0;0;0;0;0;0;0;0;0;0;0;0;0;0;0;0;0
system.mem_ctrls.wrQLenPdf::9;0;0;0;0;0;0;0;0;0;0;0;0;0;0;0;0;0;0;0;0;0;0;0;0;0;0;0;0;0;0;0;0;0;0;0;0;0;0;0;0;0;0;0;0;0;0;0
system.mem_ctrls.wrQLenPdf::10;0;0;0;0;0;0;0;0;0;0;0;0;0;0;0;0;0;0;0;0;0;0;0;0;0;0;0;0;0;0;0;0;0;0;0;0;0;0;0;0;0;0;0;0;0;0;0
system.mem_ctrls.wrQLenPdf::11;0;0;0;0;0;0;0;0;0;0;0;0;0;0;0;0;0;0;0;0;0;0;0;0;0;0;0;0;0;0;0;0;0;0;0;0;0;0;0;0;0;0;0;0;0;0;0
system.mem_ctrls.wrQLenPdf::12;0;0;0;0;0;0;0;0;0;0;0;0;0;0;0;0;0;0;0;0;0;0;0;0;0;0;0;0;0;0;0;0;0;0;0;0;0;0;0;0;0;0;0;0;0;0;0
system.mem_ctrls.wrQLenPdf::13;0;0;0;0;0;0;0;0;0;0;0;0;0;0;0;0;0;0;0;0;0;0;0;0;0;0;0;0;0;0;0;0;0;0;0;0;0;0;0;0;0;0;0;0;0;0;0
system.mem_ctrls.wrQLenPdf::14;0;0;0;0;0;0;0;0;0;0;0;0;0;0;0;0;0;0;0;0;0;0;0;0;0;0;0;0;0;0;0;0;0;0;0;0;0;0;0;0;0;0;0;0;0;0;0
system.mem_ctrls.wrQLenPdf::15;0;0;0;0;0;0;0;0;0;0;0;0;0;0;0;0;0;0;0;0;0;0;0;0;0;0;0;0;0;0;0;0;0;0;0;0;0;0;0;0;0;0;0;0;0;0;0
system.mem_ctrls.wrQLenPdf::16;0;0;0;0;0;0;0;0;0;0;0;0;0;0;0;0;0;0;0;0;0;0;0;0;0;0;0;0;0;0;0;0;0;0;0;0;0;0;0;0;0;0;0;0;0;0;0
system.mem_ctrls.wrQLenPdf::17;0;0;0;0;0;0;0;0;0;0;0;0;0;0;0;0;0;0;0;0;0;0;0;0;0;0;0;0;0;0;0;0;0;0;0;0;0;0;0;0;0;0;0;0;0;0;0
system.mem_ctrls.wrQLenPdf::18;0;0;0;0;0;0;0;0;0;0;0;0;0;0;0;0;0;0;0;0;0;0;0;0;0;0;0;0;0;0;0;0;0;0;0;0;0;0;0;0;0;0;0;0;0;0;0
system.mem_ctrls.wrQLenPdf::19;0;0;0;0;0;0;0;0;0;0;0;0;0;0;0;0;0;0;0;0;0;0;0;0;0;0;0;0;0;0;0;0;0;0;0;0;0;0;0;0;0;0;0;0;0;0;0
system.mem_ctrls.wrQLenPdf::20;0;0;0;0;0;0;0;0;0;0;0;0;0;0;0;0;0;0;0;0;0;0;0;0;0;0;0;0;0;0;0;0;0;0;0;0;0;0;0;0;0;0;0;0;0;0;0
system.mem_ctrls.wrQLenPdf::21;0;0;0;0;0;0;0;0;0;0;0;0;0;0;0;0;0;0;0;0;0;0;0;0;0;0;0;0;0;0;0;0;0;0;0;0;0;0;0;0;0;0;0;0;0;0;0
system.mem_ctrls.wrQLenPdf::22;0;0;0;0;0;0;0;0;0;0;0;0;0;0;0;0;0;0;0;0;0;0;0;0;0;0;0;0;0;0;0;0;0;0;0;0;0;0;0;0;0;0;0;0;0;0;0
system.mem_ctrls.wrQLenPdf::23;0;0;0;0;0;0;0;0;0;0;0;0;0;0;0;0;0;0;0;0;0;0;0;0;0;0;0;0;0;0;0;0;0;0;0;0;0;0;0;0;0;0;0;0;0;0;0
system.mem_ctrls.wrQLenPdf::24;0;0;0;0;0;0;0;0;0;0;0;0;0;0;0;0;0;0;0;0;0;0;0;0;0;0;0;0;0;0;0;0;0;0;0;0;0;0;0;0;0;0;0;0;0;0;0
system.mem_ctrls.wrQLenPdf::25;0;0;0;0;0;0;0;0;0;0;0;0;0;0;0;0;0;0;0;0;0;0;0;0;0;0;0;0;0;0;0;0;0;0;0;0;0;0;0;0;0;0;0;0;0;0;0
system.mem_ctrls.wrQLenPdf::26;0;0;0;0;0;0;0;0;0;0;0;0;0;0;0;0;0;0;0;0;0;0;0;0;0;0;0;0;0;0;0;0;0;0;0;0;0;0;0;0;0;0;0;0;0;0;0
system.mem_ctrls.wrQLenPdf::27;0;0;0;0;0;0;0;0;0;0;0;0;0;0;0;0;0;0;0;0;0;0;0;0;0;0;0;0;0;0;0;0;0;0;0;0;0;0;0;0;0;0;0;0;0;0;0
system.mem_ctrls.wrQLenPdf::28;0;0;0;0;0;0;0;0;0;0;0;0;0;0;0;0;0;0;0;0;0;0;0;0;0;0;0;0;0;0;0;0;0;0;0;0;0;0;0;0;0;0;0;0;0;0;0
system.mem_ctrls.wrQLenPdf::29;0;0;0;0;0;0;0;0;0;0;0;0;0;0;0;0;0;0;0;0;0;0;0;0;0;0;0;0;0;0;0;0;0;0;0;0;0;0;0;0;0;0;0;0;0;0;0
system.mem_ctrls.wrQLenPdf::30;0;0;0;0;0;0;0;0;0;0;0;0;0;0;0;0;0;0;0;0;0;0;0;0;0;0;0;0;0;0;0;0;0;0;0;0;0;0;0;0;0;0;0;0;0;0;0
system.mem_ctrls.wrQLenPdf::31;0;0;0;0;0;0;0;0;0;0;0;0;0;0;0;0;0;0;0;0;0;0;0;0;0;0;0;0;0;0;0;0;0;0;0;0;0;0;0;0;0;0;0;0;0;0;0
system.mem_ctrls.wrQLenPdf::32;0;0;0;0;0;0;0;0;0;0;0;0;0;0;0;0;0;0;0;0;0;0;0;0;0;0;0;0;0;0;0;0;0;0;0;0;0;0;0;0;0;0;0;0;0;0;0
system.mem_ctrls.wrQLenPdf::33;0;0;0;0;0;0;0;0;0;0;0;0;0;0;0;0;0;0;0;0;0;0;0;0;0;0;0;0;0;0;0;0;0;0;0;0;0;0;0;0;0;0;0;0;0;0;0
system.mem_ctrls.wrQLenPdf::34;0;0;0;0;0;0;0;0;0;0;0;0;0;0;0;0;0;0;0;0;0;0;0;0;0;0;0;0;0;0;0;0;0;0;0;0;0;0;0;0;0;0;0;0;0;0;0
system.mem_ctrls.wrQLenPdf::35;0;0;0;0;0;0;0;0;0;0;0;0;0;0;0;0;0;0;0;0;0;0;0;0;0;0;0;0;0;0;0;0;0;0;0;0;0;0;0;0;0;0;0;0;0;0;0
system.mem_ctrls.wrQLenPdf::36;0;0;0;0;0;0;0;0;0;0;0;0;0;0;0;0;0;0;0;0;0;0;0;0;0;0;0;0;0;0;0;0;0;0;0;0;0;0;0;0;0;0;0;0;0;0;0
system.mem_ctrls.wrQLenPdf::37;0;0;0;0;0;0;0;0;0;0;0;0;0;0;0;0;0;0;0;0;0;0;0;0;0;0;0;0;0;0;0;0;0;0;0;0;0;0;0;0;0;0;0;0;0;0;0
system.mem_ctrls.wrQLenPdf::38;0;0;0;0;0;0;0;0;0;0;0;0;0;0;0;0;0;0;0;0;0;0;0;0;0;0;0;0;0;0;0;0;0;0;0;0;0;0;0;0;0;0;0;0;0;0;0
system.mem_ctrls.wrQLenPdf::39;0;0;0;0;0;0;0;0;0;0;0;0;0;0;0;0;0;0;0;0;0;0;0;0;0;0;0;0;0;0;0;0;0;0;0;0;0;0;0;0;0;0;0;0;0;0;0
system.mem_ctrls.wrQLenPdf::40;0;0;0;0;0;0;0;0;0;0;0;0;0;0;0;0;0;0;0;0;0;0;0;0;0;0;0;0;0;0;0;0;0;0;0;0;0;0;0;0;0;0;0;0;0;0;0
system.mem_ctrls.wrQLenPdf::41;0;0;0;0;0;0;0;0;0;0;0;0;0;0;0;0;0;0;0;0;0;0;0;0;0;0;0;0;0;0;0;0;0;0;0;0;0;0;0;0;0;0;0;0;0;0;0
system.mem_ctrls.wrQLenPdf::42;0;0;0;0;0;0;0;0;0;0;0;0;0;0;0;0;0;0;0;0;0;0;0;0;0;0;0;0;0;0;0;0;0;0;0;0;0;0;0;0;0;0;0;0;0;0;0
system.mem_ctrls.wrQLenPdf::43;0;0;0;0;0;0;0;0;0;0;0;0;0;0;0;0;0;0;0;0;0;0;0;0;0;0;0;0;0;0;0;0;0;0;0;0;0;0;0;0;0;0;0;0;0;0;0
system.mem_ctrls.wrQLenPdf::44;0;0;0;0;0;0;0;0;0;0;0;0;0;0;0;0;0;0;0;0;0;0;0;0;0;0;0;0;0;0;0;0;0;0;0;0;0;0;0;0;0;0;0;0;0;0;0
system.mem_ctrls.wrQLenPdf::45;0;0;0;0;0;0;0;0;0;0;0;0;0;0;0;0;0;0;0;0;0;0;0;0;0;0;0;0;0;0;0;0;0;0;0;0;0;0;0;0;0;0;0;0;0;0;0
system.mem_ctrls.wrQLenPdf::46;0;0;0;0;0;0;0;0;0;0;0;0;0;0;0;0;0;0;0;0;0;0;0;0;0;0;0;0;0;0;0;0;0;0;0;0;0;0;0;0;0;0;0;0;0;0;0
system.mem_ctrls.wrQLenPdf::47;0;0;0;0;0;0;0;0;0;0;0;0;0;0;0;0;0;0;0;0;0;0;0;0;0;0;0;0;0;0;0;0;0;0;0;0;0;0;0;0;0;0;0;0;0;0;0
system.mem_ctrls.wrQLenPdf::48;0;0;0;0;0;0;0;0;0;0;0;0;0;0;0;0;0;0;0;0;0;0;0;0;0;0;0;0;0;0;0;0;0;0;0;0;0;0;0;0;0;0;0;0;0;0;0
system.mem_ctrls.wrQLenPdf::49;0;0;0;0;0;0;0;0;0;0;0;0;0;0;0;0;0;0;0;0;0;0;0;0;0;0;0;0;0;0;0;0;0;0;0;0;0;0;0;0;0;0;0;0;0;0;0
system.mem_ctrls.wrQLenPdf::50;0;0;0;0;0;0;0;0;0;0;0;0;0;0;0;0;0;0;0;0;0;0;0;0;0;0;0;0;0;0;0;0;0;0;0;0;0;0;0;0;0;0;0;0;0;0;0
system.mem_ctrls.wrQLenPdf::51;0;0;0;0;0;0;0;0;0;0;0;0;0;0;0;0;0;0;0;0;0;0;0;0;0;0;0;0;0;0;0;0;0;0;0;0;0;0;0;0;0;0;0;0;0;0;0
system.mem_ctrls.wrQLenPdf::52;0;0;0;0;0;0;0;0;0;0;0;0;0;0;0;0;0;0;0;0;0;0;0;0;0;0;0;0;0;0;0;0;0;0;0;0;0;0;0;0;0;0;0;0;0;0;0
system.mem_ctrls.wrQLenPdf::53;0;0;0;0;0;0;0;0;0;0;0;0;0;0;0;0;0;0;0;0;0;0;0;0;0;0;0;0;0;0;0;0;0;0;0;0;0;0;0;0;0;0;0;0;0;0;0
system.mem_ctrls.wrQLenPdf::54;0;0;0;0;0;0;0;0;0;0;0;0;0;0;0;0;0;0;0;0;0;0;0;0;0;0;0;0;0;0;0;0;0;0;0;0;0;0;0;0;0;0;0;0;0;0;0
system.mem_ctrls.wrQLenPdf::55;0;0;0;0;0;0;0;0;0;0;0;0;0;0;0;0;0;0;0;0;0;0;0;0;0;0;0;0;0;0;0;0;0;0;0;0;0;0;0;0;0;0;0;0;0;0;0
system.mem_ctrls.wrQLenPdf::56;0;0;0;0;0;0;0;0;0;0;0;0;0;0;0;0;0;0;0;0;0;0;0;0;0;0;0;0;0;0;0;0;0;0;0;0;0;0;0;0;0;0;0;0;0;0;0
system.mem_ctrls.wrQLenPdf::57;0;0;0;0;0;0;0;0;0;0;0;0;0;0;0;0;0;0;0;0;0;0;0;0;0;0;0;0;0;0;0;0;0;0;0;0;0;0;0;0;0;0;0;0;0;0;0
system.mem_ctrls.wrQLenPdf::58;0;0;0;0;0;0;0;0;0;0;0;0;0;0;0;0;0;0;0;0;0;0;0;0;0;0;0;0;0;0;0;0;0;0;0;0;0;0;0;0;0;0;0;0;0;0;0
system.mem_ctrls.wrQLenPdf::59;0;0;0;0;0;0;0;0;0;0;0;0;0;0;0;0;0;0;0;0;0;0;0;0;0;0;0;0;0;0;0;0;0;0;0;0;0;0;0;0;0;0;0;0;0;0;0
system.mem_ctrls.wrQLenPdf::60;0;0;0;0;0;0;0;0;0;0;0;0;0;0;0;0;0;0;0;0;0;0;0;0;0;0;0;0;0;0;0;0;0;0;0;0;0;0;0;0;0;0;0;0;0;0;0
system.mem_ctrls.wrQLenPdf::61;0;0;0;0;0;0;0;0;0;0;0;0;0;0;0;0;0;0;0;0;0;0;0;0;0;0;0;0;0;0;0;0;0;0;0;0;0;0;0;0;0;0;0;0;0;0;0
system.mem_ctrls.wrQLenPdf::62;0;0;0;0;0;0;0;0;0;0;0;0;0;0;0;0;0;0;0;0;0;0;0;0;0;0;0;0;0;0;0;0;0;0;0;0;0;0;0;0;0;0;0;0;0;0;0
system.mem_ctrls.wrQLenPdf::63;0;0;0;0;0;0;0;0;0;0;0;0;0;0;0;0;0;0;0;0;0;0;0;0;0;0;0;0;0;0;0;0;0;0;0;0;0;0;0;0;0;0;0;0;0;0;0
system.mem_ctrls.bytesReadWrQ;0;0;0;0;0;0;0;0;0;0;0;0;0;0;0;0;0;0;0;0;0;0;0;0;0;0;0;0;0;0;0;0;0;0;0;0;0;0;0;0;0;0;0;0;0;0;0
system.mem_ctrls.bytesReadSys;0;0;0;0;0;0;0;0;0;0;0;0;0;0;0;0;0;0;0;0;0;0;0;0;0;0;0;0;0;0;0;0;0;0;0;0;0;0;0;0;0;0;0;0;0;0;0
system.mem_ctrls.bytesWrittenSys;0;0;0;0;0;0;0;0;0;0;0;0;0;0;0;0;0;0;0;0;0;0;0;0;0;0;0;0;0;0;0;0;0;0;0;0;0;0;0;0;0;0;0;0;0;0;0
system.mem_ctrls.avgRdBWSys;0;0;0;0;0;0;0;0;0;0;0;0;0;0;0;0;0;0;0;0;0;0;0;0;0;0;0;0;0;0;0;0;0;0;0;0;0;0;0;0;0;0;0;0;0;0;0
system.mem_ctrls.avgWrBWSys;0;0;0;0;0;0;0;0;0;0;0;0;0;0;0;0;0;0;0;0;0;0;0;0;0;0;0;0;0;0;0;0;0;0;0;0;0;0;0;0;0;0;0;0;0;0;0
system.mem_ctrls.totGap;0;0;0;0;0;0;0;0;0;0;0;0;0;0;0;0;0;0;0;0;0;0;0;0;0;0;0;0;0;0;0;0;0;0;0;0;0;0;0;0;0;0;0;0;0;0;0
system.mem_ctrls.dram.bytesRead::cpu.inst;52234751376;99594259976;1,46954E+11;1,94313E+11;2,41673E+11;2,89032E+11;3,37714E+11;3,85073E+11;4,32433E+11;4,79792E+11;9,56031E+11;1,43095E+12;51562484464;98922005040;1,46281E+11;1,93641E+11;2,41001E+11;2,8836E+11;3,37041E+11;3,84401E+11;4,3176E+11;4,7912E+11;9,55359E+11;51622786240;99049252280;1,46476E+11;1,93902E+11;2,41329E+11;2,88755E+11;3,37503E+11;3,8493E+11;4,32356E+11;4,79783E+11;9,5669E+11;1,43706E+12;58344723248;1,05704E+11;1,53064E+11;2,00423E+11;2,47783E+11;2,95142E+11;3,43824E+11;1,53064E+11;4,38543E+11;4,85902E+11;9,62141E+11;1,43706E+12
system.mem_ctrls.dram.bytesRead::cpu.data;8728147197;16620180405;24512213753;32404247053;40296280240;48188313596;56384046379;64276079679;72168112979;80060146216;1,59588E+11;2,38812E+11;8636047820;16528083182;24420112682;32312148620;40204180597;48096216687;56291947450;64183977930;72076012404;79968046645;1,59496E+11;8644252022;16545391775;24446530599;32347670383;40248810794;48149940864;56354777809;64255898427;72157027139;80058169829;1,59677E+11;2,39649E+11;9565119977;17457153185;25349186533;33241219833;41133253020;49025286376;57221019159;25349186533;73005085759;80897118996;1,60425E+11;2,39649E+11
system.mem_ctrls.dram.bytesRead::total;60962898573;1,16214E+11;1,71466E+11;2,26718E+11;2,81969E+11;3,37221E+11;3,94098E+11;4,49349E+11;5,04601E+11;5,59852E+11;1,11562E+12;1,66976E+12;60198532284;1,1545E+11;1,70702E+11;2,25953E+11;2,81205E+11;3,36456E+11;3,93333E+11;4,48585E+11;5,03836E+11;5,59088E+11;1,11485E+12;60267038262;1,15595E+11;1,70922E+11;2,2625E+11;2,81577E+11;3,36905E+11;3,93858E+11;4,49186E+11;5,04513E+11;5,59841E+11;1,11637E+12;1,67671E+12;67909843225;1,23161E+11;1,78413E+11;2,33664E+11;2,88916E+11;3,44168E+11;4,01045E+11;1,78413E+11;5,11548E+11;5,66799E+11;1,12257E+12;1,67671E+12
system.mem_ctrls.dram.bytesInstRead::cpu.inst;52234751376;99594259976;1,46954E+11;1,94313E+11;2,41673E+11;2,89032E+11;3,37714E+11;3,85073E+11;4,32433E+11;4,79792E+11;9,56031E+11;1,43095E+12;51562484464;98922005040;1,46281E+11;1,93641E+11;2,41001E+11;2,8836E+11;3,37041E+11;3,84401E+11;4,3176E+11;4,7912E+11;9,55359E+11;51622786240;99049252280;1,46476E+11;1,93902E+11;2,41329E+11;2,88755E+11;3,37503E+11;3,8493E+11;4,32356E+11;4,79783E+11;9,5669E+11;1,43706E+12;58344723248;1,05704E+11;1,53064E+11;2,00423E+11;2,47783E+11;2,95142E+11;3,43824E+11;1,53064E+11;4,38543E+11;4,85902E+11;9,62141E+11;1,43706E+12
system.mem_ctrls.dram.bytesInstRead::total;52234751376;99594259976;1,46954E+11;1,94313E+11;2,41673E+11;2,89032E+11;3,37714E+11;3,85073E+11;4,32433E+11;4,79792E+11;9,56031E+11;1,43095E+12;51562484464;98922005040;1,46281E+11;1,93641E+11;2,41001E+11;2,8836E+11;3,37041E+11;3,84401E+11;4,3176E+11;4,7912E+11;9,55359E+11;51622786240;99049252280;1,46476E+11;1,93902E+11;2,41329E+11;2,88755E+11;3,37503E+11;3,8493E+11;4,32356E+11;4,79783E+11;9,5669E+11;1,43706E+12;58344723248;1,05704E+11;1,53064E+11;2,00423E+11;2,47783E+11;2,95142E+11;3,43824E+11;1,53064E+11;4,38543E+11;4,85902E+11;9,62141E+11;1,43706E+12
system.mem_ctrls.dram.bytesWritten::cpu.data;5315813811;9888006203;14460198607;19032391027;23604583411;28176775807;32834607883;37406800287;41978992691;46551185094;92444388516;1,38252E+11;5250430906;9822624860;14394814484;18967008814;23539200328;28111394650;32769225320;37341415650;41913608918;46485802023;92379003182;5256250559;9834902390;14413553521;18992205369;23570857707;28149502424;32813792206;37392430152;41971073858;46549727795;92507390058;1,38846E+11;5909986581;10482178973;15054371377;19626563797;24198756181;28770948577;33428780653;15054371377;42573165461;47145357864;93038561286;1,38846E+11
system.mem_ctrls.dram.bytesWritten::total;5315813811;9888006203;14460198607;19032391027;23604583411;28176775807;32834607883;37406800287;41978992691;46551185094;92444388516;1,38252E+11;5250430906;9822624860;14394814484;18967008814;23539200328;28111394650;32769225320;37341415650;41913608918;46485802023;92379003182;5256250559;9834902390;14413553521;18992205369;23570857707;28149502424;32813792206;37392430152;41971073858;46549727795;92507390058;1,38846E+11;5909986581;10482178973;15054371377;19626563797;24198756181;28770948577;33428780653;15054371377;42573165461;47145357864;93038561286;1,38846E+11
system.mem_ctrls.dram.numReads::cpu.inst;6529343922;12449282497;18369221190;24289159827;30209098383;36129037060;42214199518;48134138184;54054076850;59974015505;1,19504E+11;1,78868E+11;6445310558;12365250630;18285186587;24205127075;30125064746;36045005658;42130166364;48050103242;53970042649;59889982156;1,1942E+11;6452848280;12381156535;18309463809;24237771869;30166080461;36094381938;42187912467;48116207198;54044508202;59972818481;1,19586E+11;1,79632E+11;7293090406;13213028981;19132967674;25052906311;30972844867;36892783544;42977946002;19132967674;54817823334;60737761989;1,20268E+11;1,79632E+11
system.mem_ctrls.dram.numReads::cpu.data;1107056495;2100060651;3093064832;4086069002;5079073156;6072077335;7103694739;8096698914;9089703089;10082707254;20089975486;30058630435;1092451247;2085455684;3078459353;4071463870;5064467859;6057472449;7089089533;8082093368;9075097684;10068102005;20075369816;1093759212;2088215596;3082671806;4077128163;5071584613;6066039728;7099109055;8093562907;9088017920;10082474686;20104240506;30191370032;1239796091;2232800247;3225804428;4218808598;5211812752;6204816931;7236434335;3225804428;9222442685;10215446851;20222715083;30191370032
system.mem_ctrls.dram.numReads::total;7636400417;14549343148;21462286022;28375228829;35288171539;42201114395;49317894257;56230837098;63143779939;70056722759;1,39594E+11;2,08927E+11;7537761805;14450706314;21363645940;28276590945;35189532605;42102478107;49219255897;56132196610;63045140333;69958084161;1,39495E+11;7546607492;14469372131;21392135615;28314900032;35237665074;42160421666;49287021522;56209770105;63132526122;70055293167;1,3969E+11;2,09824E+11;8532886497;15445829228;22358772102;29271714909;36184657619;43097600475;50214380337;22358772102;64040266019;70953208840;1,4049E+11;2,09824E+11
system.mem_ctrls.dram.numWrites::cpu.data;668199165;1239723213;1811247264;2382771316;2954295362;3525819411;4108048791;4679572842;5251096893;5822620945;11559272121;17285217954;658164838;1229689080;1801212783;2372737073;2944261009;3515785312;4098014502;4669538303;5241062458;5812586604;11549237493;659062325;1231582768;1804103110;2376623546;2949144046;3521663604;4104889166;4677407875;5249927328;5822448032;11569046183;17376412524;759393735;1330917783;1902441834;2473965886;3045489932;3617013981;4199243361;1902441834;5342291463;5913815515;11650466691;17376412524
system.mem_ctrls.dram.numWrites::total;668199165;1239723213;1811247264;2382771316;2954295362;3525819411;4108048791;4679572842;5251096893;5822620945;11559272121;17285217954;658164838;1229689080;1801212783;2372737073;2944261009;3515785312;4098014502;4669538303;5241062458;5812586604;11549237493;659062325;1231582768;1804103110;2376623546;2949144046;3521663604;4104889166;4677407875;5249927328;5822448032;11569046183;17376412524;759393735;1330917783;1902441834;2473965886;3045489932;3617013981;4199243361;1902441834;5342291463;5913815515;11650466691;17376412524
system.mem_ctrls.dram.bwRead::cpu.inst;12457211878;12545953223;12577801675;12594188202;12604173252;12610894979;12613181384;12617123717;12620204245;12622677715;12632053805;12635818951;12506022161;12572320653;12595858633;12607916539;12615246961;12620174004;12621126920;12624101164;12626423761;12628287800;12634877530;12501558870;12567273762;12590598969;12602547297;12609810416;12614692973;12615640517;12618587618;12620888742;12622735078;12629267732;12618757353;12078532437;12326058208;12423101482;12474900635;12507115122;12529086124;12542825516;12423101482;12564819294;12572619160;12606626466;12618757353
system.mem_ctrls.dram.bwRead::cpu.data;2081533387;2093654855;2098005136;2100243426;2101607317;2102525460;2105873771;2106039705;2106169365;2106273473;2108637785;2108801117;2094596615;2100608065;2102742332;2103835645;2104500320;2104947039;2107954569;2107864957;2107794970;2107738789;2109375238;2093390020;2099263378;2101348148;2102416056;2103065205;2103501598;2106502718;2106407413;2106332914;2106273088;2107894270;2104349193;1980172421;2035660092;2057414211;2069025991;2076247488;2081172713;2087446370;2057414211;2091691293;2093196709;2101996127;2104349193
system.mem_ctrls.dram.bwRead::total;14538745264;14639608078;14675806812;14694431628;14705780568;14713420439;14719055154;14723163422;14726373610;14728951188;14740691590;14744620069;14600618776;14672928718;14698600965;14711752184;14719747281;14725121043;14729081489;14731966121;14734218731;14736026590;14744252768;14594948890;14666537140;14691947117;14704963354;14712875622;14718194571;14722143235;14724995031;14727221656;14729008166;14737162002;14723106545;14058704859;14361718300;14480515693;14543926626;14583362610;14610258837;14630271886;14480515693;14656510587;14665815869;14708622593;14723106545
system.mem_ctrls.dram.bwInstRead::cpu.inst;12457211878;12545953223;12577801675;12594188202;12604173252;12610894979;12613181384;12617123717;12620204245;12622677715;12632053805;12635818951;12506022161;12572320653;12595858633;12607916539;12615246961;12620174004;12621126920;12624101164;12626423761;12628287800;12634877530;12501558870;12567273762;12590598969;12602547297;12609810416;12614692973;12615640517;12618587618;12620888742;12622735078;12629267732;12618757353;12078532437;12326058208;12423101482;12474900635;12507115122;12529086124;12542825516;12423101482;12564819294;12572619160;12606626466;12618757353
system.mem_ctrls.dram.bwInstRead::total;12457211878;12545953223;12577801675;12594188202;12604173252;12610894979;12613181384;12617123717;12620204245;12622677715;12632053805;12635818951;12506022161;12572320653;12595858633;12607916539;12615246961;12620174004;12621126920;12624101164;12626423761;12628287800;12634877530;12501558870;12567273762;12590598969;12602547297;12609810416;12614692973;12615640517;12618587618;12620888742;12622735078;12629267732;12618757353;12078532437;12326058208;12423101482;12474900635;12507115122;12529086124;12542825516;12423101482;12564819294;12572619160;12606626466;12618757353
system.mem_ctrls.dram.bwWrite::cpu.data;1267742589;1245598525;1237651207;1233562195;1231070583;1229393272;1226331630;1225653572;1225123739;1224698317;1221469529;1220817966;1273445334;1248389470;1239494108;1234937041;1232166752;1230304606;1227103367;1226328813;1225723942;1225238482;1221737573;1272913196;1247842946;1238944474;1234386187;1231615288;1229752774;1226556916;1225781508;1225175950;1224689986;1221190690;1219203389;1223486215;1222315757;1221856866;1221611927;1221459599;1221355703;1219495701;1221856866;1219776932;1219876668;1219054867;1219203389
system.mem_ctrls.dram.bwWrite::total;1267742589;1245598525;1237651207;1233562195;1231070583;1229393272;1226331630;1225653572;1225123739;1224698317;1221469529;1220817966;1273445334;1248389470;1239494108;1234937041;1232166752;1230304606;1227103367;1226328813;1225723942;1225238482;1221737573;1272913196;1247842946;1238944474;1234386187;1231615288;1229752774;1226556916;1225781508;1225175950;1224689986;1221190690;1219203389;1223486215;1222315757;1221856866;1221611927;1221459599;1221355703;1219495701;1221856866;1219776932;1219876668;1219054867;1219203389
system.mem_ctrls.dram.bwTotal::cpu.inst;12457211878;12545953223;12577801675;12594188202;12604173252;12610894979;12613181384;12617123717;12620204245;12622677715;12632053805;12635818951;12506022161;12572320653;12595858633;12607916539;12615246961;12620174004;12621126920;12624101164;12626423761;12628287800;12634877530;12501558870;12567273762;12590598969;12602547297;12609810416;12614692973;12615640517;12618587618;12620888742;12622735078;12629267732;12618757353;12078532437;12326058208;12423101482;12474900635;12507115122;12529086124;12542825516;12423101482;12564819294;12572619160;12606626466;12618757353
system.mem_ctrls.dram.bwTotal::cpu.data;3349275976;3339253380;3335656343;3333805621;3332677900;3331918731;3332205401;3331693276;3331293104;3330971790;3330107314;3329619084;3368041949;3348997534;3342236440;3338772686;3336667071;3335251646;3335057935;3334193771;3333518913;3332977271;3331112810;3366303216;3347106324;3340292622;3336802244;3334680493;3333254372;3333059634;3332188921;3331508864;3330963074;3329084960;3323552582;3203658637;3257975849;3279271077;3290637917;3297707087;3302528416;3306942071;3279271077;3311468225;3313073377;3321050994;3323552582
system.mem_ctrls.dram.bwTotal::total;15806487853;15885206603;15913458019;15927993823;15936851151;15942813710;15945386784;15948816993;15951497349;15953649505;15962161119;15965438035;15874064111;15921318187;15938095073;15946689225;15951914033;15955425649;15956184856;15958294934;15959942674;15961265072;15965990341;15867862085;15914380086;15930891591;15939349541;15944490910;15947947345;15948700151;15950776539;15952397606;15953698152;15958352692;15942309934;15282191074;15584034057;15702372559;15765538552;15804822209;15831614540;15849767587;15702372559;15876287518;15885692537;15927677460;15942309934
system.mem_ctrls.dram.readBursts;0;0;0;0;0;0;0;0;0;0;0;0;0;0;0;0;0;0;0;0;0;0;0;0;0;0;0;0;0;0;0;0;0;0;0;0;0;0;0;0;0;0;0;0;0;0;0
system.mem_ctrls.dram.writeBursts;0;0;0;0;0;0;0;0;0;0;0;0;0;0;0;0;0;0;0;0;0;0;0;0;0;0;0;0;0;0;0;0;0;0;0;0;0;0;0;0;0;0;0;0;0;0;0
system.mem_ctrls.dram.perBankRdBursts::0;0;0;0;0;0;0;0;0;0;0;0;0;0;0;0;0;0;0;0;0;0;0;0;0;0;0;0;0;0;0;0;0;0;0;0;0;0;0;0;0;0;0;0;0;0;0;0
system.mem_ctrls.dram.perBankRdBursts::1;0;0;0;0;0;0;0;0;0;0;0;0;0;0;0;0;0;0;0;0;0;0;0;0;0;0;0;0;0;0;0;0;0;0;0;0;0;0;0;0;0;0;0;0;0;0;0
system.mem_ctrls.dram.perBankRdBursts::2;0;0;0;0;0;0;0;0;0;0;0;0;0;0;0;0;0;0;0;0;0;0;0;0;0;0;0;0;0;0;0;0;0;0;0;0;0;0;0;0;0;0;0;0;0;0;0
system.mem_ctrls.dram.perBankRdBursts::3;0;0;0;0;0;0;0;0;0;0;0;0;0;0;0;0;0;0;0;0;0;0;0;0;0;0;0;0;0;0;0;0;0;0;0;0;0;0;0;0;0;0;0;0;0;0;0
system.mem_ctrls.dram.perBankRdBursts::4;0;0;0;0;0;0;0;0;0;0;0;0;0;0;0;0;0;0;0;0;0;0;0;0;0;0;0;0;0;0;0;0;0;0;0;0;0;0;0;0;0;0;0;0;0;0;0
system.mem_ctrls.dram.perBankRdBursts::5;0;0;0;0;0;0;0;0;0;0;0;0;0;0;0;0;0;0;0;0;0;0;0;0;0;0;0;0;0;0;0;0;0;0;0;0;0;0;0;0;0;0;0;0;0;0;0
system.mem_ctrls.dram.perBankRdBursts::6;0;0;0;0;0;0;0;0;0;0;0;0;0;0;0;0;0;0;0;0;0;0;0;0;0;0;0;0;0;0;0;0;0;0;0;0;0;0;0;0;0;0;0;0;0;0;0
system.mem_ctrls.dram.perBankRdBursts::7;0;0;0;0;0;0;0;0;0;0;0;0;0;0;0;0;0;0;0;0;0;0;0;0;0;0;0;0;0;0;0;0;0;0;0;0;0;0;0;0;0;0;0;0;0;0;0
system.mem_ctrls.dram.perBankRdBursts::8;0;0;0;0;0;0;0;0;0;0;0;0;0;0;0;0;0;0;0;0;0;0;0;0;0;0;0;0;0;0;0;0;0;0;0;0;0;0;0;0;0;0;0;0;0;0;0
system.mem_ctrls.dram.perBankRdBursts::9;0;0;0;0;0;0;0;0;0;0;0;0;0;0;0;0;0;0;0;0;0;0;0;0;0;0;0;0;0;0;0;0;0;0;0;0;0;0;0;0;0;0;0;0;0;0;0
system.mem_ctrls.dram.perBankRdBursts::10;0;0;0;0;0;0;0;0;0;0;0;0;0;0;0;0;0;0;0;0;0;0;0;0;0;0;0;0;0;0;0;0;0;0;0;0;0;0;0;0;0;0;0;0;0;0;0
system.mem_ctrls.dram.perBankRdBursts::11;0;0;0;0;0;0;0;0;0;0;0;0;0;0;0;0;0;0;0;0;0;0;0;0;0;0;0;0;0;0;0;0;0;0;0;0;0;0;0;0;0;0;0;0;0;0;0
system.mem_ctrls.dram.perBankRdBursts::12;0;0;0;0;0;0;0;0;0;0;0;0;0;0;0;0;0;0;0;0;0;0;0;0;0;0;0;0;0;0;0;0;0;0;0;0;0;0;0;0;0;0;0;0;0;0;0
system.mem_ctrls.dram.perBankRdBursts::13;0;0;0;0;0;0;0;0;0;0;0;0;0;0;0;0;0;0;0;0;0;0;0;0;0;0;0;0;0;0;0;0;0;0;0;0;0;0;0;0;0;0;0;0;0;0;0
system.mem_ctrls.dram.perBankRdBursts::14;0;0;0;0;0;0;0;0;0;0;0;0;0;0;0;0;0;0;0;0;0;0;0;0;0;0;0;0;0;0;0;0;0;0;0;0;0;0;0;0;0;0;0;0;0;0;0
system.mem_ctrls.dram.perBankRdBursts::15;0;0;0;0;0;0;0;0;0;0;0;0;0;0;0;0;0;0;0;0;0;0;0;0;0;0;0;0;0;0;0;0;0;0;0;0;0;0;0;0;0;0;0;0;0;0;0
system.mem_ctrls.dram.perBankWrBursts::0;0;0;0;0;0;0;0;0;0;0;0;0;0;0;0;0;0;0;0;0;0;0;0;0;0;0;0;0;0;0;0;0;0;0;0;0;0;0;0;0;0;0;0;0;0;0;0
system.mem_ctrls.dram.perBankWrBursts::1;0;0;0;0;0;0;0;0;0;0;0;0;0;0;0;0;0;0;0;0;0;0;0;0;0;0;0;0;0;0;0;0;0;0;0;0;0;0;0;0;0;0;0;0;0;0;0
system.mem_ctrls.dram.perBankWrBursts::2;0;0;0;0;0;0;0;0;0;0;0;0;0;0;0;0;0;0;0;0;0;0;0;0;0;0;0;0;0;0;0;0;0;0;0;0;0;0;0;0;0;0;0;0;0;0;0
system.mem_ctrls.dram.perBankWrBursts::3;0;0;0;0;0;0;0;0;0;0;0;0;0;0;0;0;0;0;0;0;0;0;0;0;0;0;0;0;0;0;0;0;0;0;0;0;0;0;0;0;0;0;0;0;0;0;0
system.mem_ctrls.dram.perBankWrBursts::4;0;0;0;0;0;0;0;0;0;0;0;0;0;0;0;0;0;0;0;0;0;0;0;0;0;0;0;0;0;0;0;0;0;0;0;0;0;0;0;0;0;0;0;0;0;0;0
system.mem_ctrls.dram.perBankWrBursts::5;0;0;0;0;0;0;0;0;0;0;0;0;0;0;0;0;0;0;0;0;0;0;0;0;0;0;0;0;0;0;0;0;0;0;0;0;0;0;0;0;0;0;0;0;0;0;0
system.mem_ctrls.dram.perBankWrBursts::6;0;0;0;0;0;0;0;0;0;0;0;0;0;0;0;0;0;0;0;0;0;0;0;0;0;0;0;0;0;0;0;0;0;0;0;0;0;0;0;0;0;0;0;0;0;0;0
system.mem_ctrls.dram.perBankWrBursts::7;0;0;0;0;0;0;0;0;0;0;0;0;0;0;0;0;0;0;0;0;0;0;0;0;0;0;0;0;0;0;0;0;0;0;0;0;0;0;0;0;0;0;0;0;0;0;0
system.mem_ctrls.dram.perBankWrBursts::8;0;0;0;0;0;0;0;0;0;0;0;0;0;0;0;0;0;0;0;0;0;0;0;0;0;0;0;0;0;0;0;0;0;0;0;0;0;0;0;0;0;0;0;0;0;0;0
system.mem_ctrls.dram.perBankWrBursts::9;0;0;0;0;0;0;0;0;0;0;0;0;0;0;0;0;0;0;0;0;0;0;0;0;0;0;0;0;0;0;0;0;0;0;0;0;0;0;0;0;0;0;0;0;0;0;0
system.mem_ctrls.dram.perBankWrBursts::10;0;0;0;0;0;0;0;0;0;0;0;0;0;0;0;0;0;0;0;0;0;0;0;0;0;0;0;0;0;0;0;0;0;0;0;0;0;0;0;0;0;0;0;0;0;0;0
system.mem_ctrls.dram.perBankWrBursts::11;0;0;0;0;0;0;0;0;0;0;0;0;0;0;0;0;0;0;0;0;0;0;0;0;0;0;0;0;0;0;0;0;0;0;0;0;0;0;0;0;0;0;0;0;0;0;0
system.mem_ctrls.dram.perBankWrBursts::12;0;0;0;0;0;0;0;0;0;0;0;0;0;0;0;0;0;0;0;0;0;0;0;0;0;0;0;0;0;0;0;0;0;0;0;0;0;0;0;0;0;0;0;0;0;0;0
system.mem_ctrls.dram.perBankWrBursts::13;0;0;0;0;0;0;0;0;0;0;0;0;0;0;0;0;0;0;0;0;0;0;0;0;0;0;0;0;0;0;0;0;0;0;0;0;0;0;0;0;0;0;0;0;0;0;0
system.mem_ctrls.dram.perBankWrBursts::14;0;0;0;0;0;0;0;0;0;0;0;0;0;0;0;0;0;0;0;0;0;0;0;0;0;0;0;0;0;0;0;0;0;0;0;0;0;0;0;0;0;0;0;0;0;0;0
system.mem_ctrls.dram.perBankWrBursts::15;0;0;0;0;0;0;0;0;0;0;0;0;0;0;0;0;0;0;0;0;0;0;0;0;0;0;0;0;0;0;0;0;0;0;0;0;0;0;0;0;0;0;0;0;0;0;0
system.mem_ctrls.dram.totQLat;0;0;0;0;0;0;0;0;0;0;0;0;0;0;0;0;0;0;0;0;0;0;0;0;0;0;0;0;0;0;0;0;0;0;0;0;0;0;0;0;0;0;0;0;0;0;0
system.mem_ctrls.dram.totBusLat;0;0;0;0;0;0;0;0;0;0;0;0;0;0;0;0;0;0;0;0;0;0;0;0;0;0;0;0;0;0;0;0;0;0;0;0;0;0;0;0;0;0;0;0;0;0;0
system.mem_ctrls.dram.totMemAccLat;0;0;0;0;0;0;0;0;0;0;0;0;0;0;0;0;0;0;0;0;0;0;0;0;0;0;0;0;0;0;0;0;0;0;0;0;0;0;0;0;0;0;0;0;0;0;0
system.mem_ctrls.dram.readRowHits;0;0;0;0;0;0;0;0;0;0;0;0;0;0;0;0;0;0;0;0;0;0;0;0;0;0;0;0;0;0;0;0;0;0;0;0;0;0;0;0;0;0;0;0;0;0;0
system.mem_ctrls.dram.writeRowHits;0;0;0;0;0;0;0;0;0;0;0;0;0;0;0;0;0;0;0;0;0;0;0;0;0;0;0;0;0;0;0;0;0;0;0;0;0;0;0;0;0;0;0;0;0;0;0
system.mem_ctrls.dram.bytesRead;0;0;0;0;0;0;0;0;0;0;0;0;0;0;0;0;0;0;0;0;0;0;0;0;0;0;0;0;0;0;0;0;0;0;0;0;0;0;0;0;0;0;0;0;0;0;0
system.mem_ctrls.dram.bytesWritten;0;0;0;0;0;0;0;0;0;0;0;0;0;0;0;0;0;0;0;0;0;0;0;0;0;0;0;0;0;0;0;0;0;0;0;0;0;0;0;0;0;0;0;0;0;0;0
system.mem_ctrls.dram.avgRdBW;0;0;0;0;0;0;0;0;0;0;0;0;0;0;0;0;0;0;0;0;0;0;0;0;0;0;0;0;0;0;0;0;0;0;0;0;0;0;0;0;0;0;0;0;0;0;0
system.mem_ctrls.dram.avgWrBW;0;0;0;0;0;0;0;0;0;0;0;0;0;0;0;0;0;0;0;0;0;0;0;0;0;0;0;0;0;0;0;0;0;0;0;0;0;0;0;0;0;0;0;0;0;0;0
system.mem_ctrls.dram.peakBW;12800;12800;12800;12800;12800;12800;12800;12800;12800;12800;12800;12800;12800;12800;12800;12800;12800;12800;12800;12800;12800;12800;12800;12800;12800;12800;12800;12800;12800;12800;12800;12800;12800;12800;12800;12800;12800;12800;12800;12800;12800;12800;12800;12800;12800;12800;12800
system.mem_ctrls.dram.busUtil;0;0;0;0;0;0;0;0;0;0;0;0;0;0;0;0;0;0;0;0;0;0;0;0;0;0;0;0;0;0;0;0;0;0;0;0;0;0;0;0;0;0;0;0;0;0;0
system.mem_ctrls.dram.busUtilRead;0;0;0;0;0;0;0;0;0;0;0;0;0;0;0;0;0;0;0;0;0;0;0;0;0;0;0;0;0;0;0;0;0;0;0;0;0;0;0;0;0;0;0;0;0;0;0
system.mem_ctrls.dram.busUtilWrite;0;0;0;0;0;0;0;0;0;0;0;0;0;0;0;0;0;0;0;0;0;0;0;0;0;0;0;0;0;0;0;0;0;0;0;0;0;0;0;0;0;0;0;0;0;0;0
system.mem_ctrls.dram.power_state.pwrStateResidencyTicks::UNDEFINED;4,19313E+12;7,93836E+12;1,16836E+13;1,54288E+13;1,9174E+13;2,29193E+13;2,67747E+13;3,05199E+13;3,42651E+13;3,80103E+13;7,56829E+13;1,13245E+14;4,12301E+12;7,86824E+12;1,16135E+13;1,53587E+13;1,91039E+13;2,28491E+13;2,67045E+13;3,04498E+13;3,4195E+13;3,79402E+13;7,56128E+13;4,12931E+12;7,88152E+12;1,16337E+13;1,5386E+13;1,91382E+13;2,28904E+13;2,67528E+13;3,0505E+13;3,42572E+13;3,80094E+13;7,57518E+13;1,13883E+14;4,83045E+12;8,57567E+12;1,23209E+13;1,60661E+13;1,98113E+13;2,35566E+13;2,7412E+13;1,23209E+13;3,49024E+13;3,86476E+13;7,63202E+13;1,13883E+14
system.mem_ctrls.dram.rank0.actEnergy;0;0;0;0;0;0;0;0;0;0;0;0;0;0;0;0;0;0;0;0;0;0;0;0;0;0;0;0;0;0;0;0;0;0;0;0;0;0;0;0;0;0;0;0;0;0;0
system.mem_ctrls.dram.rank0.preEnergy;0;0;0;0;0;0;0;0;0;0;0;0;0;0;0;0;0;0;0;0;0;0;0;0;0;0;0;0;0;0;0;0;0;0;0;0;0;0;0;0;0;0;0;0;0;0;0
system.mem_ctrls.dram.rank0.readEnergy;0;0;0;0;0;0;0;0;0;0;0;0;0;0;0;0;0;0;0;0;0;0;0;0;0;0;0;0;0;0;0;0;0;0;0;0;0;0;0;0;0;0;0;0;0;0;0
system.mem_ctrls.dram.rank0.writeEnergy;0;0;0;0;0;0;0;0;0;0;0;0;0;0;0;0;0;0;0;0;0;0;0;0;0;0;0;0;0;0;0;0;0;0;0;0;0;0;0;0;0;0;0;0;0;0;0
system.mem_ctrls.dram.rank0.refreshEnergy;0;0;0;0;0;0;0;0;0;0;0;0;0;0;0;0;0;0;0;0;0;0;0;0;0;0;0;0;0;0;0;0;0;0;0;0;0;0;0;0;0;0;0;0;0;0;0
system.mem_ctrls.dram.rank0.actBackEnergy;0;0;0;0;0;0;0;0;0;0;0;0;0;0;0;0;0;0;0;0;0;0;0;0;0;0;0;0;0;0;0;0;0;0;0;0;0;0;0;0;0;0;0;0;0;0;0
system.mem_ctrls.dram.rank0.preBackEnergy;1,61016E+12;3,04833E+12;4,4865E+12;5,92466E+12;7,36283E+12;8,80099E+12;1,02815E+13;1,17196E+13;1,31578E+13;1,4596E+13;2,90622E+13;4,34862E+13;1,58324E+12;3,0214E+12;4,45957E+12;5,89773E+12;7,3359E+12;8,77407E+12;1,02545E+13;1,16927E+13;1,31309E+13;1,4569E+13;2,90353E+13;1,58565E+12;3,0265E+12;4,46735E+12;5,90821E+12;7,34906E+12;8,7899E+12;1,02731E+13;1,17139E+13;1,31548E+13;1,45956E+13;2,90887E+13;4,37309E+13;1,85489E+12;3,29306E+12;4,73122E+12;6,16939E+12;7,60756E+12;9,04572E+12;1,05262E+13;4,73122E+12;1,34025E+13;1,48407E+13;2,9307E+13;4,37309E+13
system.mem_ctrls.dram.rank0.actPowerDownEnergy;0;0;0;0;0;0;0;0;0;0;0;0;0;0;0;0;0;0;0;0;0;0;0;0;0;0;0;0;0;0;0;0;0;0;0;0;0;0;0;0;0;0;0;0;0;0;0
system.mem_ctrls.dram.rank0.prePowerDownEnergy;0;0;0;0;0;0;0;0;0;0;0;0;0;0;0;0;0;0;0;0;0;0;0;0;0;0;0;0;0;0;0;0;0;0;0;0;0;0;0;0;0;0;0;0;0;0;0
system.mem_ctrls.dram.rank0.selfRefreshEnergy;0;0;0;0;0;0;0;0;0;0;0;0;0;0;0;0;0;0;0;0;0;0;0;0;0;0;0;0;0;0;0;0;0;0;0;0;0;0;0;0;0;0;0;0;0;0;0
system.mem_ctrls.dram.rank0.totalEnergy;1,61016E+12;3,04833E+12;4,4865E+12;5,92466E+12;7,36283E+12;8,80099E+12;1,02815E+13;1,17196E+13;1,31578E+13;1,4596E+13;2,90622E+13;4,34862E+13;1,58324E+12;3,0214E+12;4,45957E+12;5,89773E+12;7,3359E+12;8,77407E+12;1,02545E+13;1,16927E+13;1,31309E+13;1,4569E+13;2,90353E+13;1,58565E+12;3,0265E+12;4,46735E+12;5,90821E+12;7,34906E+12;8,7899E+12;1,02731E+13;1,17139E+13;1,31548E+13;1,45956E+13;2,90887E+13;4,37309E+13;1,85489E+12;3,29306E+12;4,73122E+12;6,16939E+12;7,60756E+12;9,04572E+12;1,05262E+13;4,73122E+12;1,34025E+13;1,48407E+13;2,9307E+13;4,37309E+13
system.mem_ctrls.dram.rank0.averagePower;384;384;384;384;384;384;384;384;384;384;384;384;384;384;384;384;384;384;384;384;384;384;384;384;384;384;384;384;384;384;384;384;384;384;384;384;384;384;384;384;384;384;384;384;384;384;384
system.mem_ctrls.dram.rank0.totalIdleTime;0;0;0;0;0;0;0;0;0;0;0;0;0;0;0;0;0;0;0;0;0;0;0;0;0;0;0;0;0;0;0;0;0;0;0;0;0;0;0;0;0;0;0;0;0;0;0
system.mem_ctrls.dram.rank0.pwrStateTime::IDLE;4,19313E+12;7,93836E+12;1,16836E+13;1,54288E+13;1,9174E+13;2,29193E+13;2,67747E+13;3,05199E+13;3,42651E+13;3,80103E+13;7,56829E+13;1,13245E+14;4,12301E+12;7,86824E+12;1,16135E+13;1,53587E+13;1,91039E+13;2,28491E+13;2,67045E+13;3,04498E+13;3,4195E+13;3,79402E+13;7,56128E+13;4,12931E+12;7,88152E+12;1,16337E+13;1,5386E+13;1,91382E+13;2,28904E+13;2,67528E+13;3,0505E+13;3,42572E+13;3,80094E+13;7,57518E+13;1,13883E+14;4,83045E+12;8,57567E+12;1,23209E+13;1,60661E+13;1,98113E+13;2,35566E+13;2,7412E+13;1,23209E+13;3,49024E+13;3,86476E+13;7,63202E+13;1,13883E+14
system.mem_ctrls.dram.rank0.pwrStateTime::REF;0;0;0;0;0;0;0;0;0;0;0;0;0;0;0;0;0;0;0;0;0;0;0;0;0;0;0;0;0;0;0;0;0;0;0;0;0;0;0;0;0;0;0;0;0;0;0
system.mem_ctrls.dram.rank0.pwrStateTime::SREF;0;0;0;0;0;0;0;0;0;0;0;0;0;0;0;0;0;0;0;0;0;0;0;0;0;0;0;0;0;0;0;0;0;0;0;0;0;0;0;0;0;0;0;0;0;0;0
system.mem_ctrls.dram.rank0.pwrStateTime::PRE_PDN;0;0;0;0;0;0;0;0;0;0;0;0;0;0;0;0;0;0;0;0;0;0;0;0;0;0;0;0;0;0;0;0;0;0;0;0;0;0;0;0;0;0;0;0;0;0;0
system.mem_ctrls.dram.rank0.pwrStateTime::ACT;0;0;0;0;0;0;0;0;0;0;0;0;0;0;0;0;0;0;0;0;0;0;0;0;0;0;0;0;0;0;0;0;0;0;0;0;0;0;0;0;0;0;0;0;0;0;0
system.mem_ctrls.dram.rank0.pwrStateTime::ACT_PDN;0;0;0;0;0;0;0;0;0;0;0;0;0;0;0;0;0;0;0;0;0;0;0;0;0;0;0;0;0;0;0;0;0;0;0;0;0;0;0;0;0;0;0;0;0;0;0
system.mem_ctrls.dram.rank1.actEnergy;0;0;0;0;0;0;0;0;0;0;0;0;0;0;0;0;0;0;0;0;0;0;0;0;0;0;0;0;0;0;0;0;0;0;0;0;0;0;0;0;0;0;0;0;0;0;0
system.mem_ctrls.dram.rank1.preEnergy;0;0;0;0;0;0;0;0;0;0;0;0;0;0;0;0;0;0;0;0;0;0;0;0;0;0;0;0;0;0;0;0;0;0;0;0;0;0;0;0;0;0;0;0;0;0;0
system.mem_ctrls.dram.rank1.readEnergy;0;0;0;0;0;0;0;0;0;0;0;0;0;0;0;0;0;0;0;0;0;0;0;0;0;0;0;0;0;0;0;0;0;0;0;0;0;0;0;0;0;0;0;0;0;0;0
system.mem_ctrls.dram.rank1.writeEnergy;0;0;0;0;0;0;0;0;0;0;0;0;0;0;0;0;0;0;0;0;0;0;0;0;0;0;0;0;0;0;0;0;0;0;0;0;0;0;0;0;0;0;0;0;0;0;0
system.mem_ctrls.dram.rank1.refreshEnergy;0;0;0;0;0;0;0;0;0;0;0;0;0;0;0;0;0;0;0;0;0;0;0;0;0;0;0;0;0;0;0;0;0;0;0;0;0;0;0;0;0;0;0;0;0;0;0
system.mem_ctrls.dram.rank1.actBackEnergy;0;0;0;0;0;0;0;0;0;0;0;0;0;0;0;0;0;0;0;0;0;0;0;0;0;0;0;0;0;0;0;0;0;0;0;0;0;0;0;0;0;0;0;0;0;0;0
system.mem_ctrls.dram.rank1.preBackEnergy;1,61016E+12;3,04833E+12;4,4865E+12;5,92466E+12;7,36283E+12;8,80099E+12;1,02815E+13;1,17196E+13;1,31578E+13;1,4596E+13;2,90622E+13;4,34862E+13;1,58324E+12;3,0214E+12;4,45957E+12;5,89773E+12;7,3359E+12;8,77407E+12;1,02545E+13;1,16927E+13;1,31309E+13;1,4569E+13;2,90353E+13;1,58565E+12;3,0265E+12;4,46735E+12;5,90821E+12;7,34906E+12;8,7899E+12;1,02731E+13;1,17139E+13;1,31548E+13;1,45956E+13;2,90887E+13;4,37309E+13;1,85489E+12;3,29306E+12;4,73122E+12;6,16939E+12;7,60756E+12;9,04572E+12;1,05262E+13;4,73122E+12;1,34025E+13;1,48407E+13;2,9307E+13;4,37309E+13
system.mem_ctrls.dram.rank1.actPowerDownEnergy;0;0;0;0;0;0;0;0;0;0;0;0;0;0;0;0;0;0;0;0;0;0;0;0;0;0;0;0;0;0;0;0;0;0;0;0;0;0;0;0;0;0;0;0;0;0;0
system.mem_ctrls.dram.rank1.prePowerDownEnergy;0;0;0;0;0;0;0;0;0;0;0;0;0;0;0;0;0;0;0;0;0;0;0;0;0;0;0;0;0;0;0;0;0;0;0;0;0;0;0;0;0;0;0;0;0;0;0
system.mem_ctrls.dram.rank1.selfRefreshEnergy;0;0;0;0;0;0;0;0;0;0;0;0;0;0;0;0;0;0;0;0;0;0;0;0;0;0;0;0;0;0;0;0;0;0;0;0;0;0;0;0;0;0;0;0;0;0;0
system.mem_ctrls.dram.rank1.totalEnergy;1,61016E+12;3,04833E+12;4,4865E+12;5,92466E+12;7,36283E+12;8,80099E+12;1,02815E+13;1,17196E+13;1,31578E+13;1,4596E+13;2,90622E+13;4,34862E+13;1,58324E+12;3,0214E+12;4,45957E+12;5,89773E+12;7,3359E+12;8,77407E+12;1,02545E+13;1,16927E+13;1,31309E+13;1,4569E+13;2,90353E+13;1,58565E+12;3,0265E+12;4,46735E+12;5,90821E+12;7,34906E+12;8,7899E+12;1,02731E+13;1,17139E+13;1,31548E+13;1,45956E+13;2,90887E+13;4,37309E+13;1,85489E+12;3,29306E+12;4,73122E+12;6,16939E+12;7,60756E+12;9,04572E+12;1,05262E+13;4,73122E+12;1,34025E+13;1,48407E+13;2,9307E+13;4,37309E+13
system.mem_ctrls.dram.rank1.averagePower;384;384;384;384;384;384;384;384;384;384;384;384;384;384;384;384;384;384;384;384;384;384;384;384;384;384;384;384;384;384;384;384;384;384;384;384;384;384;384;384;384;384;384;384;384;384;384
system.mem_ctrls.dram.rank1.totalIdleTime;0;0;0;0;0;0;0;0;0;0;0;0;0;0;0;0;0;0;0;0;0;0;0;0;0;0;0;0;0;0;0;0;0;0;0;0;0;0;0;0;0;0;0;0;0;0;0
system.mem_ctrls.dram.rank1.pwrStateTime::IDLE;4,19313E+12;7,93836E+12;1,16836E+13;1,54288E+13;1,9174E+13;2,29193E+13;2,67747E+13;3,05199E+13;3,42651E+13;3,80103E+13;7,56829E+13;1,13245E+14;4,12301E+12;7,86824E+12;1,16135E+13;1,53587E+13;1,91039E+13;2,28491E+13;2,67045E+13;3,04498E+13;3,4195E+13;3,79402E+13;7,56128E+13;4,12931E+12;7,88152E+12;1,16337E+13;1,5386E+13;1,91382E+13;2,28904E+13;2,67528E+13;3,0505E+13;3,42572E+13;3,80094E+13;7,57518E+13;1,13883E+14;4,83045E+12;8,57567E+12;1,23209E+13;1,60661E+13;1,98113E+13;2,35566E+13;2,7412E+13;1,23209E+13;3,49024E+13;3,86476E+13;7,63202E+13;1,13883E+14
system.mem_ctrls.dram.rank1.pwrStateTime::REF;0;0;0;0;0;0;0;0;0;0;0;0;0;0;0;0;0;0;0;0;0;0;0;0;0;0;0;0;0;0;0;0;0;0;0;0;0;0;0;0;0;0;0;0;0;0;0
system.mem_ctrls.dram.rank1.pwrStateTime::SREF;0;0;0;0;0;0;0;0;0;0;0;0;0;0;0;0;0;0;0;0;0;0;0;0;0;0;0;0;0;0;0;0;0;0;0;0;0;0;0;0;0;0;0;0;0;0;0
system.mem_ctrls.dram.rank1.pwrStateTime::PRE_PDN;0;0;0;0;0;0;0;0;0;0;0;0;0;0;0;0;0;0;0;0;0;0;0;0;0;0;0;0;0;0;0;0;0;0;0;0;0;0;0;0;0;0;0;0;0;0;0
system.mem_ctrls.dram.rank1.pwrStateTime::ACT;0;0;0;0;0;0;0;0;0;0;0;0;0;0;0;0;0;0;0;0;0;0;0;0;0;0;0;0;0;0;0;0;0;0;0;0;0;0;0;0;0;0;0;0;0;0;0
system.mem_ctrls.dram.rank1.pwrStateTime::ACT_PDN;0;0;0;0;0;0;0;0;0;0;0;0;0;0;0;0;0;0;0;0;0;0;0;0;0;0;0;0;0;0;0;0;0;0;0;0;0;0;0;0;0;0;0;0;0;0;0
system.mem_ctrls.power_state.pwrStateResidencyTicks::UNDEFINED;4,19313E+12;7,93836E+12;1,16836E+13;1,54288E+13;1,9174E+13;2,29193E+13;2,67747E+13;3,05199E+13;3,42651E+13;3,80103E+13;7,56829E+13;1,13245E+14;4,12301E+12;7,86824E+12;1,16135E+13;1,53587E+13;1,91039E+13;2,28491E+13;2,67045E+13;3,04498E+13;3,4195E+13;3,79402E+13;7,56128E+13;4,12931E+12;7,88152E+12;1,16337E+13;1,5386E+13;1,91382E+13;2,28904E+13;2,67528E+13;3,0505E+13;3,42572E+13;3,80094E+13;7,57518E+13;1,13883E+14;4,83045E+12;8,57567E+12;1,23209E+13;1,60661E+13;1,98113E+13;2,35566E+13;2,7412E+13;1,23209E+13;3,49024E+13;3,86476E+13;7,63202E+13;1,13883E+14
system.membus.transDist::ReadReq;7636400405;14549343136;21462286010;28375228817;35288171527;42201114383;49317894245;56230837086;63143779927;70056722747;1,39594E+11;2,08927E+11;7537761793;14450706302;21363645928;28276590933;35189532593;42102478095;49219255885;56132196598;63045140321;69958084149;1,39495E+11;7546607480;14469372119;21392135603;28314900020;35237665062;42160421654;49287021510;56209770093;63132526110;70055293155;1,3969E+11;2,09824E+11;8532886485;15445829216;22358772090;29271714897;36184657607;43097600463;50214380325;22358772090;64040266007;70953208828;1,4049E+11;2,09824E+11
system.membus.transDist::ReadResp;7636400405;14549343136;21462286010;28375228817;35288171527;42201114383;49317894245;56230837086;63143779927;70056722747;1,39594E+11;2,08927E+11;7537761793;14450706302;21363645928;28276590933;35189532593;42102478095;49219255885;56132196598;63045140321;69958084149;1,39495E+11;7546607480;14469372119;21392135603;28314900020;35237665062;42160421654;49287021510;56209770093;63132526110;70055293155;1,3969E+11;2,09824E+11;8532886485;15445829216;22358772090;29271714897;36184657607;43097600463;50214380325;22358772090;64040266007;70953208828;1,4049E+11;2,09824E+11
system.membus.transDist::WriteReq;668199153;1239723201;1811247252;2382771304;2954295350;3525819399;4108048779;4679572830;5251096881;5822620933;11559272109;17285217942;658164826;1229689068;1801212771;2372737061;2944260997;3515785300;4098014490;4669538291;5241062446;5812586592;11549237481;659062313;1231582756;1804103098;2376623534;2949144034;3521663592;4104889154;4677407863;5249927316;5822448020;11569046171;17376412512;759393723;1330917771;1902441822;2473965874;3045489920;3617013969;4199243349;1902441822;5342291451;5913815503;11650466679;17376412512
system.membus.transDist::WriteResp;668199153;1239723201;1811247252;2382771304;2954295350;3525819399;4108048779;4679572830;5251096881;5822620933;11559272109;17285217942;658164826;1229689068;1801212771;2372737061;2944260997;3515785300;4098014490;4669538291;5241062446;5812586592;11549237481;659062313;1231582756;1804103098;2376623534;2949144034;3521663592;4104889154;4677407863;5249927316;5822448020;11569046171;17376412512;759393723;1330917771;1902441822;2473965874;3045489920;3617013969;4199243349;1902441822;5342291451;5913815503;11650466679;17376412512
system.membus.transDist::LockedRMWReadReq;12;12;12;12;12;12;12;12;12;12;12;12;12;12;12;12;12;12;12;12;12;12;12;12;12;12;12;12;12;12;12;12;12;12;12;12;12;12;12;12;12;12;12;12;12;12;12
system.membus.transDist::LockedRMWReadResp;12;12;12;12;12;12;12;12;12;12;12;12;12;12;12;12;12;12;12;12;12;12;12;12;12;12;12;12;12;12;12;12;12;12;12;12;12;12;12;12;12;12;12;12;12;12;12
system.membus.transDist::LockedRMWWriteReq;12;12;12;12;12;12;12;12;12;12;12;12;12;12;12;12;12;12;12;12;12;12;12;12;12;12;12;12;12;12;12;12;12;12;12;12;12;12;12;12;12;12;12;12;12;12;12
system.membus.transDist::LockedRMWWriteResp;12;12;12;12;12;12;12;12;12;12;12;12;12;12;12;12;12;12;12;12;12;12;12;12;12;12;12;12;12;12;12;12;12;12;12;12;12;12;12;12;12;12;12;12;12;12;12
system.membus.pktCount_system.cpu.icache_port::system.mem_ctrls.port;13058687844;24898564994;36738442380;48578319654;60418196766;72258074120;84428399036;96268276368;1,08108E+11;1,19948E+11;2,39008E+11;3,57737E+11;12890621116;24730501260;36570373174;48410254150;60250129492;72090011316;84260332728;96100206484;1,0794E+11;1,1978E+11;2,3884E+11;12905696560;24762313070;36618927618;48475543738;60332160922;72188763876;84375824934;96232414396;1,08089E+11;1,19946E+11;2,39172E+11;3,59264E+11;14586180812;26426057962;38265935348;50105812622;61945689734;73785567088;85955892004;38265935348;1,09636E+11;1,21476E+11;2,40535E+11;3,59264E+11
system.membus.pktCount_system.cpu.icache_port::total;13058687844;24898564994;36738442380;48578319654;60418196766;72258074120;84428399036;96268276368;1,08108E+11;1,19948E+11;2,39008E+11;3,57737E+11;12890621116;24730501260;36570373174;48410254150;60250129492;72090011316;84260332728;96100206484;1,0794E+11;1,1978E+11;2,3884E+11;12905696560;24762313070;36618927618;48475543738;60332160922;72188763876;84375824934;96232414396;1,08089E+11;1,19946E+11;2,39172E+11;3,59264E+11;14586180812;26426057962;38265935348;50105812622;61945689734;73785567088;85955892004;38265935348;1,09636E+11;1,21476E+11;2,40535E+11;3,59264E+11
system.membus.pktCount_system.cpu.dcache_port::system.mem_ctrls.port;3550511320;6679567728;9808624192;12937680636;16066737036;19195793492;22423487060;25552543512;28681599964;31810656398;63298495214;94687696778;3501232170;6630289528;9759344272;12888401886;16017457736;19146515522;22374208070;25503263342;28632320284;31761377218;63249214618;3505643074;6639596728;9773549832;12907503418;16041457318;19175406664;22407996442;25541941564;28675890496;31809845436;63346573378;95135565112;3998379652;7127436060;10256492524;13385548968;16514605368;19643661824;22871355392;10256492524;29129468296;32258524732;63746363548;95135565112
system.membus.pktCount_system.cpu.dcache_port::total;3550511320;6679567728;9808624192;12937680636;16066737036;19195793492;22423487060;25552543512;28681599964;31810656398;63298495214;94687696778;3501232170;6630289528;9759344272;12888401886;16017457736;19146515522;22374208070;25503263342;28632320284;31761377218;63249214618;3505643074;6639596728;9773549832;12907503418;16041457318;19175406664;22407996442;25541941564;28675890496;31809845436;63346573378;95135565112;3998379652;7127436060;10256492524;13385548968;16514605368;19643661824;22871355392;10256492524;29129468296;32258524732;63746363548;95135565112
system.membus.pktCount::total;16609199164;31578132722;46547066572;61516000290;76484933802;91453867612;1,06852E+11;1,21821E+11;1,3679E+11;1,51759E+11;3,02306E+11;4,52425E+11;16391853286;31360790788;46329717446;61298656036;76267587228;91236526838;1,06635E+11;1,21603E+11;1,36572E+11;1,51541E+11;3,02089E+11;16411339634;31401909798;46392477450;61383047156;76373618240;91364170540;1,06784E+11;1,21774E+11;1,36765E+11;1,51755E+11;3,02519E+11;4,544E+11;18584560464;33553494022;48522427872;63491361590;78460295102;93429228912;1,08827E+11;48522427872;1,38765E+11;1,53734E+11;3,04282E+11;4,544E+11
system.membus.pktSize_system.cpu.icache_port::system.mem_ctrls.port;52234751376;99594259976;1,46954E+11;1,94313E+11;2,41673E+11;2,89032E+11;3,37714E+11;3,85073E+11;4,32433E+11;4,79792E+11;9,56031E+11;1,43095E+12;51562484464;98922005040;1,46281E+11;1,93641E+11;2,41001E+11;2,8836E+11;3,37041E+11;3,84401E+11;4,3176E+11;4,7912E+11;9,55359E+11;51622786240;99049252280;1,46476E+11;1,93902E+11;2,41329E+11;2,88755E+11;3,37503E+11;3,8493E+11;4,32356E+11;4,79783E+11;9,5669E+11;1,43706E+12;58344723248;1,05704E+11;1,53064E+11;2,00423E+11;2,47783E+11;2,95142E+11;3,43824E+11;1,53064E+11;4,38543E+11;4,85902E+11;9,62141E+11;1,43706E+12
system.membus.pktSize_system.cpu.icache_port::total;52234751376;99594259976;1,46954E+11;1,94313E+11;2,41673E+11;2,89032E+11;3,37714E+11;3,85073E+11;4,32433E+11;4,79792E+11;9,56031E+11;1,43095E+12;51562484464;98922005040;1,46281E+11;1,93641E+11;2,41001E+11;2,8836E+11;3,37041E+11;3,84401E+11;4,3176E+11;4,7912E+11;9,55359E+11;51622786240;99049252280;1,46476E+11;1,93902E+11;2,41329E+11;2,88755E+11;3,37503E+11;3,8493E+11;4,32356E+11;4,79783E+11;9,5669E+11;1,43706E+12;58344723248;1,05704E+11;1,53064E+11;2,00423E+11;2,47783E+11;2,95142E+11;3,43824E+11;1,53064E+11;4,38543E+11;4,85902E+11;9,62141E+11;1,43706E+12
system.membus.pktSize_system.cpu.dcache_port::system.mem_ctrls.port;14043961008;26508186608;38972412360;51436638080;63900863651;76365089403;89218654262;1,01683E+11;1,14147E+11;1,26611E+11;2,52032E+11;3,77064E+11;13886478726;26350708042;38814927166;51279157434;63743380925;76207611337;89061172770;1,01525E+11;1,1399E+11;1,26454E+11;2,51875E+11;13900502581;26380294165;38860084120;51339875752;63819668501;76299443288;89168570015;1,01648E+11;1,14128E+11;1,26608E+11;2,52184E+11;3,78495E+11;15475106558;27939332158;40403557910;52867783630;65332009201;77796234953;90649799812;40403557910;1,15578E+11;1,28042E+11;2,53463E+11;3,78495E+11
system.membus.pktSize_system.cpu.dcache_port::total;14043961008;26508186608;38972412360;51436638080;63900863651;76365089403;89218654262;1,01683E+11;1,14147E+11;1,26611E+11;2,52032E+11;3,77064E+11;13886478726;26350708042;38814927166;51279157434;63743380925;76207611337;89061172770;1,01525E+11;1,1399E+11;1,26454E+11;2,51875E+11;13900502581;26380294165;38860084120;51339875752;63819668501;76299443288;89168570015;1,01648E+11;1,14128E+11;1,26608E+11;2,52184E+11;3,78495E+11;15475106558;27939332158;40403557910;52867783630;65332009201;77796234953;90649799812;40403557910;1,15578E+11;1,28042E+11;2,53463E+11;3,78495E+11
system.membus.pktSize::total;66278712384;1,26102E+11;1,85926E+11;2,4575E+11;3,05574E+11;3,65397E+11;4,26932E+11;4,86756E+11;5,4658E+11;6,06403E+11;1,20806E+12;1,80801E+12;65448963190;1,25273E+11;1,85096E+11;2,4492E+11;3,04744E+11;3,64568E+11;4,26103E+11;4,85926E+11;5,4575E+11;6,05574E+11;1,20723E+12;65523288821;1,2543E+11;1,85336E+11;2,45242E+11;3,05148E+11;3,65054E+11;4,26672E+11;4,86578E+11;5,46484E+11;6,0639E+11;1,20887E+12;1,81555E+12;73819829806;1,33644E+11;1,93467E+11;2,53291E+11;3,13115E+11;3,72939E+11;4,34473E+11;1,93467E+11;5,54121E+11;6,13945E+11;1,2156E+12;1,81555E+12
system.membus.snoops;0;0;0;0;0;0;0;0;0;0;0;0;0;0;0;0;0;0;0;0;0;0;0;0;0;0;0;0;0;0;0;0;0;0;0;0;0;0;0;0;0;0;0;0;0;0;0
system.membus.snoopTraffic;0;0;0;0;0;0;0;0;0;0;0;0;0;0;0;0;0;0;0;0;0;0;0;0;0;0;0;0;0;0;0;0;0;0;0;0;0;0;0;0;0;0;0;0;0;0;0
system.membus.snoopFanout::samples;8304599582;15789066361;23273533286;30758000145;38242466901;45726933806;53425943048;60910409940;68394876832;75879343704;1,51153E+11;2,26212E+11;8195926643;15680395394;23164858723;30649328018;38133793614;45618263419;53317270399;60801734913;68286202791;75770670765;1,51044E+11;8205669817;15700954899;23196238725;30691523578;38186809120;45682085270;53391910688;60887177980;68382453450;75877741199;1,5126E+11;2,272E+11;9292280232;16776747011;24261213936;31745680795;39230147551;46714614456;54413623698;24261213936;69382557482;76867024355;1,52141E+11;2,272E+11
system.membus.snoopFanout::mean;0;0;0;0;0;0;0;0;0;0;0;0;0;0;0;0;0;0;0;0;0;0;0;0;0;0;0;0;0;0;0;0;0;0;0;0;0;0;0;0;0;0;0;0;0;0;0
system.membus.snoopFanout::stdev;0;0;0;0;0;0;0;0;0;0;0;0;0;0;0;0;0;0;0;0;0;0;0;0;0;0;0;0;0;0;0;0;0;0;0;0;0;0;0;0;0;0;0;0;0;0;0
system.membus.snoopFanout::underflows;0;0;0;0;0;0;0;0;0;0;0;0;0;0;0;0;0;0;0;0;0;0;0;0;0;0;0;0;0;0;0;0;0;0;0;0;0;0;0;0;0;0;0;0;0;0;0
system.membus.snoopFanout::0;8304599582;15789066361;23273533286;30758000145;38242466901;45726933806;53425943048;60910409940;68394876832;75879343704;1,51153E+11;2,26212E+11;8195926643;15680395394;23164858723;30649328018;38133793614;45618263419;53317270399;60801734913;68286202791;75770670765;1,51044E+11;8205669817;15700954899;23196238725;30691523578;38186809120;45682085270;53391910688;60887177980;68382453450;75877741199;1,5126E+11;2,272E+11;9292280232;16776747011;24261213936;31745680795;39230147551;46714614456;54413623698;24261213936;69382557482;76867024355;1,52141E+11;2,272E+11
system.membus.snoopFanout::1;0;0;0;0;0;0;0;0;0;0;0;0;0;0;0;0;0;0;0;0;0;0;0;0;0;0;0;0;0;0;0;0;0;0;0;0;0;0;0;0;0;0;0;0;0;0;0
system.membus.snoopFanout::overflows;0;0;0;0;0;0;0;0;0;0;0;0;0;0;0;0;0;0;0;0;0;0;0;0;0;0;0;0;0;0;0;0;0;0;0;0;0;0;0;0;0;0;0;0;0;0;0
system.membus.snoopFanout::min_value;0;0;0;0;0;0;0;0;0;0;0;0;0;0;0;0;0;0;0;0;0;0;0;0;0;0;0;0;0;0;0;0;0;0;0;0;0;0;0;0;0;0;0;0;0;0;0
system.membus.snoopFanout::max_value;0;0;0;0;0;0;0;0;0;0;0;0;0;0;0;0;0;0;0;0;0;0;0;0;0;0;0;0;0;0;0;0;0;0;0;0;0;0;0;0;0;0;0;0;0;0;0
system.membus.snoopFanout::total;8304599582;15789066361;23273533286;30758000145;38242466901;45726933806;53425943048;60910409940;68394876832;75879343704;1,51153E+11;2,26212E+11;8195926643;15680395394;23164858723;30649328018;38133793614;45618263419;53317270399;60801734913;68286202791;75770670765;1,51044E+11;8205669817;15700954899;23196238725;30691523578;38186809120;45682085270;53391910688;60887177980;68382453450;75877741199;1,5126E+11;2,272E+11;9292280232;16776747011;24261213936;31745680795;39230147551;46714614456;54413623698;24261213936;69382557482;76867024355;1,52141E+11;2,272E+11
system.membus.power_state.pwrStateResidencyTicks::UNDEFINED;4,19313E+12;7,93836E+12;1,16836E+13;1,54288E+13;1,9174E+13;2,29193E+13;2,67747E+13;3,05199E+13;3,42651E+13;3,80103E+13;7,56829E+13;1,13245E+14;4,12301E+12;7,86824E+12;1,16135E+13;1,53587E+13;1,91039E+13;2,28491E+13;2,67045E+13;3,04498E+13;3,4195E+13;3,79402E+13;7,56128E+13;4,12931E+12;7,88152E+12;1,16337E+13;1,5386E+13;1,91382E+13;2,28904E+13;2,67528E+13;3,0505E+13;3,42572E+13;3,80094E+13;7,57518E+13;1,13883E+14;4,83045E+12;8,57567E+12;1,23209E+13;1,60661E+13;1,98113E+13;2,35566E+13;2,7412E+13;1,23209E+13;3,49024E+13;3,86476E+13;7,63202E+13;1,13883E+14
system.membus.snoop_filter.totRequests;0;0;0;0;0;0;0;0;0;0;0;0;0;0;0;0;0;0;0;0;0;0;0;0;0;0;0;0;0;0;0;0;0;0;0;0;0;0;0;0;0;0;0;0;0;0;0
system.membus.snoop_filter.hitSingleRequests;0;0;0;0;0;0;0;0;0;0;0;0;0;0;0;0;0;0;0;0;0;0;0;0;0;0;0;0;0;0;0;0;0;0;0;0;0;0;0;0;0;0;0;0;0;0;0
system.membus.snoop_filter.hitMultiRequests;0;0;0;0;0;0;0;0;0;0;0;0;0;0;0;0;0;0;0;0;0;0;0;0;0;0;0;0;0;0;0;0;0;0;0;0;0;0;0;0;0;0;0;0;0;0;0
system.membus.snoop_filter.totSnoops;0;0;0;0;0;0;0;0;0;0;0;0;0;0;0;0;0;0;0;0;0;0;0;0;0;0;0;0;0;0;0;0;0;0;0;0;0;0;0;0;0;0;0;0;0;0;0
system.membus.snoop_filter.hitSingleSnoops;0;0;0;0;0;0;0;0;0;0;0;0;0;0;0;0;0;0;0;0;0;0;0;0;0;0;0;0;0;0;0;0;0;0;0;0;0;0;0;0;0;0;0;0;0;0;0
system.membus.snoop_filter.hitMultiSnoops;0;0;0;0;0;0;0;0;0;0;0;0;0;0;0;0;0;0;0;0;0;0;0;0;0;0;0;0;0;0;0;0;0;0;0;0;0;0;0;0;0;0;0;0;0;0;0
system.voltage_domain.voltage;1;1;1;1;1;1;1;1;1;1;1;1;1;1;1;1;1;1;1;1;1;1;1;1;1;1;1;1;1;1;1;1;1;1;1;1;1;1;1;1;1;1;1;1;1;1;1
system.workload.inst.arm;0;0;0;0;0;0;0;0;0;0;0;0;0;0;0;0;0;0;0;0;0;0;0;0;0;0;0;0;0;0;0;0;0;0;0;0;0;0;0;0;0;0;0;0;0;0;0
system.workload.inst.quiesce;0;0;0;0;0;0;0;0;0;0;0;0;0;0;0;0;0;0;0;0;0;0;0;0;0;0;0;0;0;0;0;0;0;0;0;0;0;0;0;0;0;0;0;0;0;0;0
