feature_index,feature_name,gem5_component,feature_category,unit,description,included_in_raw_399,included_in_selected_file,selected_feature_file_count,spectre_relevance,raw_documentation_source,observed_in_raw_stats_files
1,simSeconds,Simulator,Simulation and host performance,Second,Number of seconds simulated,yes,yes,127,"Contextual: useful for normalization, run validation, and detecting simulation-scale differences.",Lbm-results-IO/non-attack-stats/stats-70-lbm-non.txt,126
2,simTicks,Simulator,Simulation and host performance,Tick,Number of ticks simulated,yes,yes,127,"Contextual: useful for normalization, run validation, and detecting simulation-scale differences.",Lbm-results-IO/non-attack-stats/stats-70-lbm-non.txt,126
3,finalTick,Simulator,Simulation and host performance,Tick,Number of ticks from beginning of simulation (restored from checkpoints and never reset),yes,yes,127,"Contextual: useful for normalization, run validation, and detecting simulation-scale differences.",Lbm-results-IO/non-attack-stats/stats-70-lbm-non.txt,126
4,simFreq,Simulator,Simulation and host performance,,The number of ticks per simulated second ((Tick/Second)),yes,yes,127,"Contextual: useful for normalization, run validation, and detecting simulation-scale differences.",Lbm-results-IO/non-attack-stats/stats-70-lbm-non.txt,126
5,hostSeconds,Simulator,Simulation and host performance,Second,Real time elapsed on the host,yes,yes,127,"Contextual: useful for normalization, run validation, and detecting simulation-scale differences.",Lbm-results-IO/non-attack-stats/stats-70-lbm-non.txt,126
6,hostTickRate,Simulator,Simulation and host performance,,The number of ticks simulated per host second (ticks/s) ((Tick/Second)),yes,yes,127,"Contextual: useful for normalization, run validation, and detecting simulation-scale differences.",Lbm-results-IO/non-attack-stats/stats-70-lbm-non.txt,126
7,hostMemory,Simulator,Simulation and host performance,Byte,Number of bytes of host memory used,yes,yes,127,Medium to high: memory traffic and latency can reflect transient accesses and cache effects.,Lbm-results-IO/non-attack-stats/stats-70-lbm-non.txt,126
8,simInsts,Simulator,Simulation and host performance,Count,Number of instructions simulated,yes,yes,127,Medium: execution-volume and instruction-mix changes can help distinguish attack scenarios.,Lbm-results-IO/non-attack-stats/stats-70-lbm-non.txt,126
9,simOps,Simulator,Simulation and host performance,Count,Number of ops (including micro ops) simulated,yes,yes,127,Medium: execution-volume and instruction-mix changes can help distinguish attack scenarios.,Lbm-results-IO/non-attack-stats/stats-70-lbm-non.txt,126
10,hostInstRate,Simulator,Simulation and host performance,,Simulator instruction rate (inst/s) ((Count/Second)),yes,yes,127,Medium: execution-volume and instruction-mix changes can help distinguish attack scenarios.,Lbm-results-IO/non-attack-stats/stats-70-lbm-non.txt,126
11,hostOpRate,Simulator,Simulation and host performance,,Simulator op (including micro ops) rate (op/s) ((Count/Second)),yes,yes,127,Medium: execution-volume and instruction-mix changes can help distinguish attack scenarios.,Lbm-results-IO/non-attack-stats/stats-70-lbm-non.txt,126
12,system.clk_domain.clock,system.clk_domain.clock,"Clock, voltage, and power state",Tick,Clock period in ticks,yes,yes,127,Contextual: potential usefulness should be evaluated empirically with feature selection or explainability methods.,Lbm-results-IO/non-attack-stats/stats-70-lbm-non.txt,126
13,system.cpu.numCycles,system.cpu.numCycles,CPU execution and instruction mix,Cycle,Number of cpu cycles simulated,yes,yes,127,Medium: execution-volume and instruction-mix changes can help distinguish attack scenarios.,Lbm-results-IO/non-attack-stats/stats-70-lbm-non.txt,126
14,system.cpu.numWorkItemsStarted,system.cpu.numWorkItemsStarted,Other gem5 statistics,Count,Number of work items this cpu started,yes,no,127,Contextual: potential usefulness should be evaluated empirically with feature selection or explainability methods.,Lbm-results-IO/non-attack-stats/stats-70-lbm-non.txt,126
15,system.cpu.numWorkItemsCompleted,system.cpu.numWorkItemsCompleted,Other gem5 statistics,Count,Number of work items this cpu completed,yes,no,127,Contextual: potential usefulness should be evaluated empirically with feature selection or explainability methods.,Lbm-results-IO/non-attack-stats/stats-70-lbm-non.txt,126
16,system.cpu.exec_context.thread_0.numInsts,system.cpu.exec_context,CPU execution and instruction mix,Count,Number of instructions committed,yes,yes,127,Medium: execution-volume and instruction-mix changes can help distinguish attack scenarios.,Lbm-results-IO/non-attack-stats/stats-70-lbm-non.txt,126
17,system.cpu.exec_context.thread_0.numOps,system.cpu.exec_context,CPU execution and instruction mix,Count,Number of ops (including micro ops) committed,yes,yes,127,Medium: execution-volume and instruction-mix changes can help distinguish attack scenarios.,Lbm-results-IO/non-attack-stats/stats-70-lbm-non.txt,126
18,system.cpu.exec_context.thread_0.numIntAluAccesses,system.cpu.exec_context,CPU execution and instruction mix,Count,Number of integer alu accesses,yes,yes,127,Medium: execution-volume and instruction-mix changes can help distinguish attack scenarios.,Lbm-results-IO/non-attack-stats/stats-70-lbm-non.txt,126
19,system.cpu.exec_context.thread_0.numFpAluAccesses,system.cpu.exec_context,CPU execution and instruction mix,Count,Number of float alu accesses,yes,yes,127,Medium: execution-volume and instruction-mix changes can help distinguish attack scenarios.,Lbm-results-IO/non-attack-stats/stats-70-lbm-non.txt,126
20,system.cpu.exec_context.thread_0.numVecAluAccesses,system.cpu.exec_context,CPU execution and instruction mix,Count,Number of vector alu accesses,yes,no,127,Medium: execution-volume and instruction-mix changes can help distinguish attack scenarios.,Lbm-results-IO/non-attack-stats/stats-70-lbm-non.txt,126
21,system.cpu.exec_context.thread_0.numCallsReturns,system.cpu.exec_context,CPU execution and instruction mix,Count,Number of times a function call or return occured,yes,yes,127,Contextual: potential usefulness should be evaluated empirically with feature selection or explainability methods.,Lbm-results-IO/non-attack-stats/stats-70-lbm-non.txt,126
22,system.cpu.exec_context.thread_0.numCondCtrlInsts,system.cpu.exec_context,CPU execution and instruction mix,Count,Number of instructions that are conditional controls,yes,yes,127,Medium: execution-volume and instruction-mix changes can help distinguish attack scenarios.,Lbm-results-IO/non-attack-stats/stats-70-lbm-non.txt,126
23,system.cpu.exec_context.thread_0.numIntInsts,system.cpu.exec_context,CPU execution and instruction mix,Count,Number of integer instructions,yes,yes,127,Medium: execution-volume and instruction-mix changes can help distinguish attack scenarios.,Lbm-results-IO/non-attack-stats/stats-70-lbm-non.txt,126
24,system.cpu.exec_context.thread_0.numFpInsts,system.cpu.exec_context,CPU execution and instruction mix,Count,Number of float instructions,yes,yes,127,Medium: execution-volume and instruction-mix changes can help distinguish attack scenarios.,Lbm-results-IO/non-attack-stats/stats-70-lbm-non.txt,126
25,system.cpu.exec_context.thread_0.numVecInsts,system.cpu.exec_context,CPU execution and instruction mix,Count,Number of vector instructions,yes,no,127,Medium: execution-volume and instruction-mix changes can help distinguish attack scenarios.,Lbm-results-IO/non-attack-stats/stats-70-lbm-non.txt,126
26,system.cpu.exec_context.thread_0.numIntRegReads,system.cpu.exec_context,CPU execution and instruction mix,Count,Number of times the integer registers were read,yes,yes,127,Contextual: potential usefulness should be evaluated empirically with feature selection or explainability methods.,Lbm-results-IO/non-attack-stats/stats-70-lbm-non.txt,126
27,system.cpu.exec_context.thread_0.numIntRegWrites,system.cpu.exec_context,CPU execution and instruction mix,Count,Number of times the integer registers were written,yes,yes,127,Contextual: potential usefulness should be evaluated empirically with feature selection or explainability methods.,Lbm-results-IO/non-attack-stats/stats-70-lbm-non.txt,126
28,system.cpu.exec_context.thread_0.numFpRegReads,system.cpu.exec_context,CPU execution and instruction mix,Count,Number of times the floating registers were read,yes,yes,127,Contextual: potential usefulness should be evaluated empirically with feature selection or explainability methods.,Lbm-results-IO/non-attack-stats/stats-70-lbm-non.txt,126
29,system.cpu.exec_context.thread_0.numFpRegWrites,system.cpu.exec_context,CPU execution and instruction mix,Count,Number of times the floating registers were written,yes,yes,127,Contextual: potential usefulness should be evaluated empirically with feature selection or explainability methods.,Lbm-results-IO/non-attack-stats/stats-70-lbm-non.txt,126
30,system.cpu.exec_context.thread_0.numVecRegReads,system.cpu.exec_context,CPU execution and instruction mix,Count,Number of times the vector registers were read,yes,no,127,Contextual: potential usefulness should be evaluated empirically with feature selection or explainability methods.,Lbm-results-IO/non-attack-stats/stats-70-lbm-non.txt,126
31,system.cpu.exec_context.thread_0.numVecRegWrites,system.cpu.exec_context,CPU execution and instruction mix,Count,Number of times the vector registers were written,yes,no,127,Contextual: potential usefulness should be evaluated empirically with feature selection or explainability methods.,Lbm-results-IO/non-attack-stats/stats-70-lbm-non.txt,126
32,system.cpu.exec_context.thread_0.numVecPredRegReads,system.cpu.exec_context,CPU execution and instruction mix,Count,Number of times the predicate registers were read,yes,no,127,Contextual: potential usefulness should be evaluated empirically with feature selection or explainability methods.,Lbm-results-IO/non-attack-stats/stats-70-lbm-non.txt,126
33,system.cpu.exec_context.thread_0.numVecPredRegWrites,system.cpu.exec_context,CPU execution and instruction mix,Count,Number of times the predicate registers were written,yes,no,127,Contextual: potential usefulness should be evaluated empirically with feature selection or explainability methods.,Lbm-results-IO/non-attack-stats/stats-70-lbm-non.txt,126
34,system.cpu.exec_context.thread_0.numCCRegReads,system.cpu.exec_context,CPU execution and instruction mix,Count,Number of times the CC registers were read,yes,yes,127,Contextual: potential usefulness should be evaluated empirically with feature selection or explainability methods.,Lbm-results-IO/non-attack-stats/stats-70-lbm-non.txt,126
35,system.cpu.exec_context.thread_0.numCCRegWrites,system.cpu.exec_context,CPU execution and instruction mix,Count,Number of times the CC registers were written,yes,yes,127,Contextual: potential usefulness should be evaluated empirically with feature selection or explainability methods.,Lbm-results-IO/non-attack-stats/stats-70-lbm-non.txt,126
36,system.cpu.exec_context.thread_0.numMiscRegReads,system.cpu.exec_context,CPU execution and instruction mix,Count,Number of times the Misc registers were read,yes,yes,127,Contextual: potential usefulness should be evaluated empirically with feature selection or explainability methods.,Lbm-results-IO/non-attack-stats/stats-70-lbm-non.txt,126
37,system.cpu.exec_context.thread_0.numMiscRegWrites,system.cpu.exec_context,CPU execution and instruction mix,Count,Number of times the Misc registers were written,yes,yes,127,Contextual: potential usefulness should be evaluated empirically with feature selection or explainability methods.,Lbm-results-IO/non-attack-stats/stats-70-lbm-non.txt,126
38,system.cpu.exec_context.thread_0.numMemRefs,system.cpu.exec_context,CPU execution and instruction mix,Count,Number of memory refs,yes,yes,127,Medium to high: memory traffic and latency can reflect transient accesses and cache effects.,Lbm-results-IO/non-attack-stats/stats-70-lbm-non.txt,126
39,system.cpu.exec_context.thread_0.numLoadInsts,system.cpu.exec_context,CPU execution and instruction mix,Count,Number of load instructions,yes,yes,127,Medium: execution-volume and instruction-mix changes can help distinguish attack scenarios.,Lbm-results-IO/non-attack-stats/stats-70-lbm-non.txt,126
40,system.cpu.exec_context.thread_0.numStoreInsts,system.cpu.exec_context,CPU execution and instruction mix,Count,Number of store instructions,yes,yes,127,Medium: execution-volume and instruction-mix changes can help distinguish attack scenarios.,Lbm-results-IO/non-attack-stats/stats-70-lbm-non.txt,126
41,system.cpu.exec_context.thread_0.numIdleCycles,system.cpu.exec_context,CPU execution and instruction mix,Cycle,Number of idle cycles,yes,no,127,Medium: execution-volume and instruction-mix changes can help distinguish attack scenarios.,Lbm-results-IO/non-attack-stats/stats-70-lbm-non.txt,126
42,system.cpu.exec_context.thread_0.numBusyCycles,system.cpu.exec_context,Interconnect and memory bus,Cycle,Number of busy cycles,yes,yes,127,Medium to high: memory traffic and latency can reflect transient accesses and cache effects.,Lbm-results-IO/non-attack-stats/stats-70-lbm-non.txt,126
43,system.cpu.exec_context.thread_0.notIdleFraction,system.cpu.exec_context,CPU execution and instruction mix,Ratio,Percentage of non-idle cycles,yes,yes,127,Contextual: potential usefulness should be evaluated empirically with feature selection or explainability methods.,Lbm-results-IO/non-attack-stats/stats-70-lbm-non.txt,126
44,system.cpu.exec_context.thread_0.idleFraction,system.cpu.exec_context,CPU execution and instruction mix,Ratio,Percentage of idle cycles,yes,no,127,Contextual: potential usefulness should be evaluated empirically with feature selection or explainability methods.,Lbm-results-IO/non-attack-stats/stats-70-lbm-non.txt,126
45,system.cpu.exec_context.thread_0.numBranches,system.cpu.exec_context,Branch prediction and control flow,Count,Number of branches fetched,yes,yes,127,High: speculative control-flow behavior can change during Spectre execution.,Lbm-results-IO/non-attack-stats/stats-70-lbm-non.txt,126
46,system.cpu.exec_context.thread_0.statExecutedInstType::No_OpClass,system.cpu.exec_context,CPU execution and instruction mix,Count,Class of executed instruction,yes,yes,127,Medium: execution-volume and instruction-mix changes can help distinguish attack scenarios.,Lbm-results-IO/non-attack-stats/stats-70-lbm-non.txt,126
47,system.cpu.exec_context.thread_0.statExecutedInstType::IntAlu,system.cpu.exec_context,CPU execution and instruction mix,Count,Class of executed instruction,yes,yes,127,Medium: execution-volume and instruction-mix changes can help distinguish attack scenarios.,Lbm-results-IO/non-attack-stats/stats-70-lbm-non.txt,126
48,system.cpu.exec_context.thread_0.statExecutedInstType::IntMult,system.cpu.exec_context,CPU execution and instruction mix,Count,Class of executed instruction,yes,yes,127,Medium: execution-volume and instruction-mix changes can help distinguish attack scenarios.,Lbm-results-IO/non-attack-stats/stats-70-lbm-non.txt,126
49,system.cpu.exec_context.thread_0.statExecutedInstType::IntDiv,system.cpu.exec_context,CPU execution and instruction mix,Count,Class of executed instruction,yes,yes,127,Medium: execution-volume and instruction-mix changes can help distinguish attack scenarios.,Lbm-results-IO/non-attack-stats/stats-70-lbm-non.txt,126
50,system.cpu.exec_context.thread_0.statExecutedInstType::FloatAdd,system.cpu.exec_context,CPU execution and instruction mix,Count,Class of executed instruction,yes,yes,127,Medium: execution-volume and instruction-mix changes can help distinguish attack scenarios.,Lbm-results-IO/non-attack-stats/stats-70-lbm-non.txt,126
51,system.cpu.exec_context.thread_0.statExecutedInstType::FloatCmp,system.cpu.exec_context,CPU execution and instruction mix,Count,Class of executed instruction,yes,no,127,Medium: execution-volume and instruction-mix changes can help distinguish attack scenarios.,Lbm-results-IO/non-attack-stats/stats-70-lbm-non.txt,126
52,system.cpu.exec_context.thread_0.statExecutedInstType::FloatCvt,system.cpu.exec_context,CPU execution and instruction mix,Count,Class of executed instruction,yes,yes,127,Medium: execution-volume and instruction-mix changes can help distinguish attack scenarios.,Lbm-results-IO/non-attack-stats/stats-70-lbm-non.txt,126
53,system.cpu.exec_context.thread_0.statExecutedInstType::FloatMult,system.cpu.exec_context,CPU execution and instruction mix,Count,Class of executed instruction,yes,no,127,Medium: execution-volume and instruction-mix changes can help distinguish attack scenarios.,Lbm-results-IO/non-attack-stats/stats-70-lbm-non.txt,126
54,system.cpu.exec_context.thread_0.statExecutedInstType::FloatMultAcc,system.cpu.exec_context,CPU execution and instruction mix,Count,Class of executed instruction,yes,no,127,Medium: execution-volume and instruction-mix changes can help distinguish attack scenarios.,Lbm-results-IO/non-attack-stats/stats-70-lbm-non.txt,126
55,system.cpu.exec_context.thread_0.statExecutedInstType::FloatDiv,system.cpu.exec_context,CPU execution and instruction mix,Count,Class of executed instruction,yes,no,127,Medium: execution-volume and instruction-mix changes can help distinguish attack scenarios.,Lbm-results-IO/non-attack-stats/stats-70-lbm-non.txt,126
56,system.cpu.exec_context.thread_0.statExecutedInstType::FloatMisc,system.cpu.exec_context,CPU execution and instruction mix,Count,Class of executed instruction,yes,no,127,Medium: execution-volume and instruction-mix changes can help distinguish attack scenarios.,Lbm-results-IO/non-attack-stats/stats-70-lbm-non.txt,126
57,system.cpu.exec_context.thread_0.statExecutedInstType::FloatSqrt,system.cpu.exec_context,CPU execution and instruction mix,Count,Class of executed instruction,yes,no,127,Medium: execution-volume and instruction-mix changes can help distinguish attack scenarios.,Lbm-results-IO/non-attack-stats/stats-70-lbm-non.txt,126
58,system.cpu.exec_context.thread_0.statExecutedInstType::SimdAdd,system.cpu.exec_context,CPU execution and instruction mix,Count,Class of executed instruction,yes,yes,127,Medium: execution-volume and instruction-mix changes can help distinguish attack scenarios.,Lbm-results-IO/non-attack-stats/stats-70-lbm-non.txt,126
59,system.cpu.exec_context.thread_0.statExecutedInstType::SimdAddAcc,system.cpu.exec_context,CPU execution and instruction mix,Count,Class of executed instruction,yes,no,127,Medium: execution-volume and instruction-mix changes can help distinguish attack scenarios.,Lbm-results-IO/non-attack-stats/stats-70-lbm-non.txt,126
60,system.cpu.exec_context.thread_0.statExecutedInstType::SimdAlu,system.cpu.exec_context,CPU execution and instruction mix,Count,Class of executed instruction,yes,yes,127,Medium: execution-volume and instruction-mix changes can help distinguish attack scenarios.,Lbm-results-IO/non-attack-stats/stats-70-lbm-non.txt,126
61,system.cpu.exec_context.thread_0.statExecutedInstType::SimdCmp,system.cpu.exec_context,CPU execution and instruction mix,Count,Class of executed instruction,yes,yes,127,Medium: execution-volume and instruction-mix changes can help distinguish attack scenarios.,Lbm-results-IO/non-attack-stats/stats-70-lbm-non.txt,126
62,system.cpu.exec_context.thread_0.statExecutedInstType::SimdCvt,system.cpu.exec_context,CPU execution and instruction mix,Count,Class of executed instruction,yes,yes,127,Medium: execution-volume and instruction-mix changes can help distinguish attack scenarios.,Lbm-results-IO/non-attack-stats/stats-70-lbm-non.txt,126
63,system.cpu.exec_context.thread_0.statExecutedInstType::SimdMisc,system.cpu.exec_context,CPU execution and instruction mix,Count,Class of executed instruction,yes,yes,127,Medium: execution-volume and instruction-mix changes can help distinguish attack scenarios.,Lbm-results-IO/non-attack-stats/stats-70-lbm-non.txt,126
64,system.cpu.exec_context.thread_0.statExecutedInstType::SimdMult,system.cpu.exec_context,CPU execution and instruction mix,Count,Class of executed instruction,yes,no,127,Medium: execution-volume and instruction-mix changes can help distinguish attack scenarios.,Lbm-results-IO/non-attack-stats/stats-70-lbm-non.txt,126
65,system.cpu.exec_context.thread_0.statExecutedInstType::SimdMultAcc,system.cpu.exec_context,CPU execution and instruction mix,Count,Class of executed instruction,yes,no,127,Medium: execution-volume and instruction-mix changes can help distinguish attack scenarios.,Lbm-results-IO/non-attack-stats/stats-70-lbm-non.txt,126
66,system.cpu.exec_context.thread_0.statExecutedInstType::SimdShift,system.cpu.exec_context,CPU execution and instruction mix,Count,Class of executed instruction,yes,yes,127,Medium: execution-volume and instruction-mix changes can help distinguish attack scenarios.,Lbm-results-IO/non-attack-stats/stats-70-lbm-non.txt,126
67,system.cpu.exec_context.thread_0.statExecutedInstType::SimdShiftAcc,system.cpu.exec_context,CPU execution and instruction mix,Count,Class of executed instruction,yes,no,127,Medium: execution-volume and instruction-mix changes can help distinguish attack scenarios.,Lbm-results-IO/non-attack-stats/stats-70-lbm-non.txt,126
68,system.cpu.exec_context.thread_0.statExecutedInstType::SimdDiv,system.cpu.exec_context,CPU execution and instruction mix,Count,Class of executed instruction,yes,no,127,Medium: execution-volume and instruction-mix changes can help distinguish attack scenarios.,Lbm-results-IO/non-attack-stats/stats-70-lbm-non.txt,126
69,system.cpu.exec_context.thread_0.statExecutedInstType::SimdSqrt,system.cpu.exec_context,CPU execution and instruction mix,Count,Class of executed instruction,yes,no,127,Medium: execution-volume and instruction-mix changes can help distinguish attack scenarios.,Lbm-results-IO/non-attack-stats/stats-70-lbm-non.txt,126
70,system.cpu.exec_context.thread_0.statExecutedInstType::SimdFloatAdd,system.cpu.exec_context,CPU execution and instruction mix,Count,Class of executed instruction,yes,yes,127,Medium: execution-volume and instruction-mix changes can help distinguish attack scenarios.,Lbm-results-IO/non-attack-stats/stats-70-lbm-non.txt,126
71,system.cpu.exec_context.thread_0.statExecutedInstType::SimdFloatAlu,system.cpu.exec_context,CPU execution and instruction mix,Count,Class of executed instruction,yes,no,127,Medium: execution-volume and instruction-mix changes can help distinguish attack scenarios.,Lbm-results-IO/non-attack-stats/stats-70-lbm-non.txt,126
72,system.cpu.exec_context.thread_0.statExecutedInstType::SimdFloatCmp,system.cpu.exec_context,CPU execution and instruction mix,Count,Class of executed instruction,yes,yes,127,Medium: execution-volume and instruction-mix changes can help distinguish attack scenarios.,Lbm-results-IO/non-attack-stats/stats-70-lbm-non.txt,126
73,system.cpu.exec_context.thread_0.statExecutedInstType::SimdFloatCvt,system.cpu.exec_context,CPU execution and instruction mix,Count,Class of executed instruction,yes,yes,127,Medium: execution-volume and instruction-mix changes can help distinguish attack scenarios.,Lbm-results-IO/non-attack-stats/stats-70-lbm-non.txt,126
74,system.cpu.exec_context.thread_0.statExecutedInstType::SimdFloatDiv,system.cpu.exec_context,CPU execution and instruction mix,Count,Class of executed instruction,yes,yes,127,Medium: execution-volume and instruction-mix changes can help distinguish attack scenarios.,Lbm-results-IO/non-attack-stats/stats-70-lbm-non.txt,126
75,system.cpu.exec_context.thread_0.statExecutedInstType::SimdFloatMisc,system.cpu.exec_context,CPU execution and instruction mix,Count,Class of executed instruction,yes,no,127,Medium: execution-volume and instruction-mix changes can help distinguish attack scenarios.,Lbm-results-IO/non-attack-stats/stats-70-lbm-non.txt,126
76,system.cpu.exec_context.thread_0.statExecutedInstType::SimdFloatMult,system.cpu.exec_context,CPU execution and instruction mix,Count,Class of executed instruction,yes,yes,127,Medium: execution-volume and instruction-mix changes can help distinguish attack scenarios.,Lbm-results-IO/non-attack-stats/stats-70-lbm-non.txt,126
77,system.cpu.exec_context.thread_0.statExecutedInstType::SimdFloatMultAcc,system.cpu.exec_context,CPU execution and instruction mix,Count,Class of executed instruction,yes,no,127,Medium: execution-volume and instruction-mix changes can help distinguish attack scenarios.,Lbm-results-IO/non-attack-stats/stats-70-lbm-non.txt,126
78,system.cpu.exec_context.thread_0.statExecutedInstType::SimdFloatSqrt,system.cpu.exec_context,CPU execution and instruction mix,Count,Class of executed instruction,yes,yes,127,Medium: execution-volume and instruction-mix changes can help distinguish attack scenarios.,Lbm-results-IO/non-attack-stats/stats-70-lbm-non.txt,126
79,system.cpu.exec_context.thread_0.statExecutedInstType::SimdReduceAdd,system.cpu.exec_context,CPU execution and instruction mix,Count,Class of executed instruction,yes,no,127,Medium: execution-volume and instruction-mix changes can help distinguish attack scenarios.,Lbm-results-IO/non-attack-stats/stats-70-lbm-non.txt,126
80,system.cpu.exec_context.thread_0.statExecutedInstType::SimdReduceAlu,system.cpu.exec_context,CPU execution and instruction mix,Count,Class of executed instruction,yes,no,127,Medium: execution-volume and instruction-mix changes can help distinguish attack scenarios.,Lbm-results-IO/non-attack-stats/stats-70-lbm-non.txt,126
81,system.cpu.exec_context.thread_0.statExecutedInstType::SimdReduceCmp,system.cpu.exec_context,CPU execution and instruction mix,Count,Class of executed instruction,yes,no,127,Medium: execution-volume and instruction-mix changes can help distinguish attack scenarios.,Lbm-results-IO/non-attack-stats/stats-70-lbm-non.txt,126
82,system.cpu.exec_context.thread_0.statExecutedInstType::SimdFloatReduceAdd,system.cpu.exec_context,CPU execution and instruction mix,Count,Class of executed instruction,yes,no,127,Medium: execution-volume and instruction-mix changes can help distinguish attack scenarios.,Lbm-results-IO/non-attack-stats/stats-70-lbm-non.txt,126
83,system.cpu.exec_context.thread_0.statExecutedInstType::SimdFloatReduceCmp,system.cpu.exec_context,CPU execution and instruction mix,Count,Class of executed instruction,yes,no,127,Medium: execution-volume and instruction-mix changes can help distinguish attack scenarios.,Lbm-results-IO/non-attack-stats/stats-70-lbm-non.txt,126
84,system.cpu.exec_context.thread_0.statExecutedInstType::SimdAes,system.cpu.exec_context,CPU execution and instruction mix,Count,Class of executed instruction,yes,no,127,Medium: execution-volume and instruction-mix changes can help distinguish attack scenarios.,Lbm-results-IO/non-attack-stats/stats-70-lbm-non.txt,126
85,system.cpu.exec_context.thread_0.statExecutedInstType::SimdAesMix,system.cpu.exec_context,CPU execution and instruction mix,Count,Class of executed instruction,yes,no,127,Medium: execution-volume and instruction-mix changes can help distinguish attack scenarios.,Lbm-results-IO/non-attack-stats/stats-70-lbm-non.txt,126
86,system.cpu.exec_context.thread_0.statExecutedInstType::SimdSha1Hash,system.cpu.exec_context,CPU execution and instruction mix,Count,Class of executed instruction,yes,no,127,Medium: execution-volume and instruction-mix changes can help distinguish attack scenarios.,Lbm-results-IO/non-attack-stats/stats-70-lbm-non.txt,126
87,system.cpu.exec_context.thread_0.statExecutedInstType::SimdSha1Hash2,system.cpu.exec_context,CPU execution and instruction mix,Count,Class of executed instruction,yes,no,127,Medium: execution-volume and instruction-mix changes can help distinguish attack scenarios.,Lbm-results-IO/non-attack-stats/stats-70-lbm-non.txt,126
88,system.cpu.exec_context.thread_0.statExecutedInstType::SimdSha256Hash,system.cpu.exec_context,CPU execution and instruction mix,Count,Class of executed instruction,yes,no,127,Medium: execution-volume and instruction-mix changes can help distinguish attack scenarios.,Lbm-results-IO/non-attack-stats/stats-70-lbm-non.txt,126
89,system.cpu.exec_context.thread_0.statExecutedInstType::SimdSha256Hash2,system.cpu.exec_context,CPU execution and instruction mix,Count,Class of executed instruction,yes,no,127,Medium: execution-volume and instruction-mix changes can help distinguish attack scenarios.,Lbm-results-IO/non-attack-stats/stats-70-lbm-non.txt,126
90,system.cpu.exec_context.thread_0.statExecutedInstType::SimdShaSigma2,system.cpu.exec_context,CPU execution and instruction mix,Count,Class of executed instruction,yes,no,127,Medium: execution-volume and instruction-mix changes can help distinguish attack scenarios.,Lbm-results-IO/non-attack-stats/stats-70-lbm-non.txt,126
91,system.cpu.exec_context.thread_0.statExecutedInstType::SimdShaSigma3,system.cpu.exec_context,CPU execution and instruction mix,Count,Class of executed instruction,yes,no,127,Medium: execution-volume and instruction-mix changes can help distinguish attack scenarios.,Lbm-results-IO/non-attack-stats/stats-70-lbm-non.txt,126
92,system.cpu.exec_context.thread_0.statExecutedInstType::SimdPredAlu,system.cpu.exec_context,CPU execution and instruction mix,Count,Class of executed instruction,yes,no,127,Medium: execution-volume and instruction-mix changes can help distinguish attack scenarios.,Lbm-results-IO/non-attack-stats/stats-70-lbm-non.txt,126
93,system.cpu.exec_context.thread_0.statExecutedInstType::MemRead,system.cpu.exec_context,CPU execution and instruction mix,Count,Class of executed instruction,yes,yes,127,Medium to high: memory traffic and latency can reflect transient accesses and cache effects.,Lbm-results-IO/non-attack-stats/stats-70-lbm-non.txt,126
94,system.cpu.exec_context.thread_0.statExecutedInstType::MemWrite,system.cpu.exec_context,CPU execution and instruction mix,Count,Class of executed instruction,yes,yes,127,Medium to high: memory traffic and latency can reflect transient accesses and cache effects.,Lbm-results-IO/non-attack-stats/stats-70-lbm-non.txt,126
95,system.cpu.exec_context.thread_0.statExecutedInstType::FloatMemRead,system.cpu.exec_context,CPU execution and instruction mix,Count,Class of executed instruction,yes,yes,127,Medium to high: memory traffic and latency can reflect transient accesses and cache effects.,Lbm-results-IO/non-attack-stats/stats-70-lbm-non.txt,126
96,system.cpu.exec_context.thread_0.statExecutedInstType::FloatMemWrite,system.cpu.exec_context,CPU execution and instruction mix,Count,Class of executed instruction,yes,yes,127,Medium to high: memory traffic and latency can reflect transient accesses and cache effects.,Lbm-results-IO/non-attack-stats/stats-70-lbm-non.txt,126
97,system.cpu.exec_context.thread_0.statExecutedInstType::IprAccess,system.cpu.exec_context,CPU execution and instruction mix,Count,Class of executed instruction,yes,no,127,Medium: execution-volume and instruction-mix changes can help distinguish attack scenarios.,Lbm-results-IO/non-attack-stats/stats-70-lbm-non.txt,126
98,system.cpu.exec_context.thread_0.statExecutedInstType::InstPrefetch,system.cpu.exec_context,CPU execution and instruction mix,Count,Class of executed instruction,yes,no,127,Medium: execution-volume and instruction-mix changes can help distinguish attack scenarios.,Lbm-results-IO/non-attack-stats/stats-70-lbm-non.txt,126
99,system.cpu.exec_context.thread_0.statExecutedInstType::total,system.cpu.exec_context,CPU execution and instruction mix,Count,Class of executed instruction,yes,yes,127,Medium: execution-volume and instruction-mix changes can help distinguish attack scenarios.,Lbm-results-IO/non-attack-stats/stats-70-lbm-non.txt,126
100,system.cpu.interrupts.clk_domain.clock,system.cpu.interrupts,"Clock, voltage, and power state",Tick,Clock period in ticks,yes,yes,127,Contextual: potential usefulness should be evaluated empirically with feature selection or explainability methods.,Lbm-results-IO/non-attack-stats/stats-70-lbm-non.txt,126
101,system.cpu.mmu.dtb.rdAccesses,system.cpu.mmu,Address translation and TLB,Count,TLB accesses on read requests,yes,yes,127,Medium: address-translation activity may reflect altered speculative memory access patterns.,Lbm-results-IO/non-attack-stats/stats-70-lbm-non.txt,126
102,system.cpu.mmu.dtb.wrAccesses,system.cpu.mmu,Address translation and TLB,Count,TLB accesses on write requests,yes,yes,127,Medium: address-translation activity may reflect altered speculative memory access patterns.,Lbm-results-IO/non-attack-stats/stats-70-lbm-non.txt,126
103,system.cpu.mmu.dtb.rdMisses,system.cpu.mmu,Address translation and TLB,Count,TLB misses on read requests,yes,yes,127,High: cache-access and cache-state effects are central to Spectre side channels.,Lbm-results-IO/non-attack-stats/stats-70-lbm-non.txt,126
104,system.cpu.mmu.dtb.wrMisses,system.cpu.mmu,Address translation and TLB,Count,TLB misses on write requests,yes,yes,127,High: cache-access and cache-state effects are central to Spectre side channels.,Lbm-results-IO/non-attack-stats/stats-70-lbm-non.txt,126
105,system.cpu.mmu.dtb.walker.power_state.pwrStateResidencyTicks::UNDEFINED,system.cpu.mmu,Address translation and TLB,Tick,Cumulative time (in ticks) in various power states,yes,yes,127,Medium: address-translation activity may reflect altered speculative memory access patterns.,Lbm-results-IO/non-attack-stats/stats-70-lbm-non.txt,126
106,system.cpu.mmu.itb.rdAccesses,system.cpu.mmu,Address translation and TLB,Count,TLB accesses on read requests,yes,no,127,Medium: address-translation activity may reflect altered speculative memory access patterns.,Lbm-results-IO/non-attack-stats/stats-70-lbm-non.txt,126
107,system.cpu.mmu.itb.wrAccesses,system.cpu.mmu,Address translation and TLB,Count,TLB accesses on write requests,yes,yes,127,Medium: address-translation activity may reflect altered speculative memory access patterns.,Lbm-results-IO/non-attack-stats/stats-70-lbm-non.txt,126
108,system.cpu.mmu.itb.rdMisses,system.cpu.mmu,Address translation and TLB,Count,TLB misses on read requests,yes,no,127,High: cache-access and cache-state effects are central to Spectre side channels.,Lbm-results-IO/non-attack-stats/stats-70-lbm-non.txt,126
109,system.cpu.mmu.itb.wrMisses,system.cpu.mmu,Address translation and TLB,Count,TLB misses on write requests,yes,yes,127,High: cache-access and cache-state effects are central to Spectre side channels.,Lbm-results-IO/non-attack-stats/stats-70-lbm-non.txt,126
110,system.cpu.mmu.itb.walker.power_state.pwrStateResidencyTicks::UNDEFINED,system.cpu.mmu,Address translation and TLB,Tick,Cumulative time (in ticks) in various power states,yes,yes,127,Medium: address-translation activity may reflect altered speculative memory access patterns.,Lbm-results-IO/non-attack-stats/stats-70-lbm-non.txt,126
111,system.cpu.power_state.pwrStateResidencyTicks::ON,system.cpu.power_state,"Clock, voltage, and power state",Tick,Cumulative time (in ticks) in various power states,yes,yes,127,Contextual: potential usefulness should be evaluated empirically with feature selection or explainability methods.,Lbm-results-IO/non-attack-stats/stats-70-lbm-non.txt,126
112,system.cpu.thread_0.numInsts,system.cpu.thread_0,CPU execution and instruction mix,Count,Number of Instructions committed,yes,no,127,Medium: execution-volume and instruction-mix changes can help distinguish attack scenarios.,Lbm-results-IO/non-attack-stats/stats-70-lbm-non.txt,126
113,system.cpu.thread_0.numOps,system.cpu.thread_0,CPU execution and instruction mix,Count,Number of Ops committed,yes,no,127,Medium: execution-volume and instruction-mix changes can help distinguish attack scenarios.,Lbm-results-IO/non-attack-stats/stats-70-lbm-non.txt,126
114,system.cpu.thread_0.numMemRefs,system.cpu.thread_0,CPU execution and instruction mix,Count,Number of Memory References,yes,no,127,Medium to high: memory traffic and latency can reflect transient accesses and cache effects.,Lbm-results-IO/non-attack-stats/stats-70-lbm-non.txt,126
115,system.cpu.workload.numSyscalls,system.cpu.workload,Workload and system calls,Count,Number of system calls,yes,yes,127,Medium: execution-volume and instruction-mix changes can help distinguish attack scenarios.,Lbm-results-IO/non-attack-stats/stats-70-lbm-non.txt,126
116,system.cpu_clk_domain.clock,system.cpu_clk_domain.clock,"Clock, voltage, and power state",Tick,Clock period in ticks,yes,yes,127,Contextual: potential usefulness should be evaluated empirically with feature selection or explainability methods.,Lbm-results-IO/non-attack-stats/stats-70-lbm-non.txt,126
117,system.cpu_voltage_domain.voltage,system.cpu_voltage_domain.voltage,"Clock, voltage, and power state",Volt,Voltage in Volts,yes,yes,127,Contextual: potential usefulness should be evaluated empirically with feature selection or explainability methods.,Lbm-results-IO/non-attack-stats/stats-70-lbm-non.txt,126
118,system.mem_ctrls.priorityMinLatency,system.mem_ctrls.priorityMinLatency,Memory controller and DRAM,Second,per QoS priority minimum request to response latency,yes,no,127,Medium to high: memory traffic and latency can reflect transient accesses and cache effects.,Lbm-results-IO/non-attack-stats/stats-70-lbm-non.txt,126
119,system.mem_ctrls.priorityMaxLatency,system.mem_ctrls.priorityMaxLatency,Memory controller and DRAM,Second,per QoS priority maximum request to response latency,yes,no,127,Medium to high: memory traffic and latency can reflect transient accesses and cache effects.,Lbm-results-IO/non-attack-stats/stats-70-lbm-non.txt,126
120,system.mem_ctrls.numReadWriteTurnArounds,system.mem_ctrls.numReadWriteTurnArounds,Memory controller and DRAM,Count,Number of turnarounds from READ to WRITE,yes,no,127,Medium to high: memory traffic and latency can reflect transient accesses and cache effects.,Lbm-results-IO/non-attack-stats/stats-70-lbm-non.txt,126
121,system.mem_ctrls.numWriteReadTurnArounds,system.mem_ctrls.numWriteReadTurnArounds,Memory controller and DRAM,Count,Number of turnarounds from WRITE to READ,yes,no,127,Medium to high: memory traffic and latency can reflect transient accesses and cache effects.,Lbm-results-IO/non-attack-stats/stats-70-lbm-non.txt,126
122,system.mem_ctrls.numStayReadState,system.mem_ctrls.numStayReadState,Memory controller and DRAM,Count,Number of times bus staying in READ state,yes,no,127,Medium to high: memory traffic and latency can reflect transient accesses and cache effects.,Lbm-results-IO/non-attack-stats/stats-70-lbm-non.txt,126
123,system.mem_ctrls.numStayWriteState,system.mem_ctrls.numStayWriteState,Memory controller and DRAM,Count,Number of times bus staying in WRITE state,yes,no,127,Medium to high: memory traffic and latency can reflect transient accesses and cache effects.,Lbm-results-IO/non-attack-stats/stats-70-lbm-non.txt,126
124,system.mem_ctrls.readReqs,system.mem_ctrls.readReqs,Memory controller and DRAM,Count,Number of read requests accepted,yes,no,127,Medium to high: memory traffic and latency can reflect transient accesses and cache effects.,Lbm-results-IO/non-attack-stats/stats-70-lbm-non.txt,126
125,system.mem_ctrls.writeReqs,system.mem_ctrls.writeReqs,Memory controller and DRAM,Count,Number of write requests accepted,yes,no,127,Medium to high: memory traffic and latency can reflect transient accesses and cache effects.,Lbm-results-IO/non-attack-stats/stats-70-lbm-non.txt,126
126,system.mem_ctrls.readBursts,system.mem_ctrls.readBursts,Memory controller and DRAM,Count,"Number of controller read bursts, including those serviced by the write queue",yes,no,127,Medium to high: memory traffic and latency can reflect transient accesses and cache effects.,Lbm-results-IO/non-attack-stats/stats-70-lbm-non.txt,126
127,system.mem_ctrls.writeBursts,system.mem_ctrls.writeBursts,Memory controller and DRAM,Count,"Number of controller write bursts, including those merged in the write queue",yes,no,127,Medium to high: memory traffic and latency can reflect transient accesses and cache effects.,Lbm-results-IO/non-attack-stats/stats-70-lbm-non.txt,126
128,system.mem_ctrls.servicedByWrQ,system.mem_ctrls.servicedByWrQ,Memory controller and DRAM,Count,Number of controller read bursts serviced by the write queue,yes,no,127,Medium to high: memory traffic and latency can reflect transient accesses and cache effects.,Lbm-results-IO/non-attack-stats/stats-70-lbm-non.txt,126
129,system.mem_ctrls.mergedWrBursts,system.mem_ctrls.mergedWrBursts,Memory controller and DRAM,Count,Number of controller write bursts merged with an existing one,yes,no,127,Medium to high: memory traffic and latency can reflect transient accesses and cache effects.,Lbm-results-IO/non-attack-stats/stats-70-lbm-non.txt,126
130,system.mem_ctrls.neitherReadNorWriteReqs,system.mem_ctrls.neitherReadNorWriteReqs,Memory controller and DRAM,Count,Number of requests that are neither read nor write,yes,no,127,Medium to high: memory traffic and latency can reflect transient accesses and cache effects.,Lbm-results-IO/non-attack-stats/stats-70-lbm-non.txt,126
131,system.mem_ctrls.avgRdQLen,system.mem_ctrls.avgRdQLen,Memory controller and DRAM,,Average read queue length when enqueuing ((Count/Tick)),yes,no,127,Medium to high: memory traffic and latency can reflect transient accesses and cache effects.,Lbm-results-IO/non-attack-stats/stats-70-lbm-non.txt,126
132,system.mem_ctrls.avgWrQLen,system.mem_ctrls.avgWrQLen,Memory controller and DRAM,,Average write queue length when enqueuing ((Count/Tick)),yes,no,127,Medium to high: memory traffic and latency can reflect transient accesses and cache effects.,Lbm-results-IO/non-attack-stats/stats-70-lbm-non.txt,126
133,system.mem_ctrls.numRdRetry,system.mem_ctrls.numRdRetry,Memory controller and DRAM,Count,Number of times read queue was full causing retry,yes,no,127,Medium to high: memory traffic and latency can reflect transient accesses and cache effects.,Lbm-results-IO/non-attack-stats/stats-70-lbm-non.txt,126
134,system.mem_ctrls.numWrRetry,system.mem_ctrls.numWrRetry,Memory controller and DRAM,Count,Number of times write queue was full causing retry,yes,no,127,Medium to high: memory traffic and latency can reflect transient accesses and cache effects.,Lbm-results-IO/non-attack-stats/stats-70-lbm-non.txt,126
135,system.mem_ctrls.readPktSize::0,system.mem_ctrls.readPktSize::0,Memory controller and DRAM,Count,Read request sizes (log2),yes,no,127,Medium to high: memory traffic and latency can reflect transient accesses and cache effects.,Lbm-results-IO/non-attack-stats/stats-70-lbm-non.txt,126
136,system.mem_ctrls.readPktSize::1,system.mem_ctrls.readPktSize::1,Memory controller and DRAM,Count,Read request sizes (log2),yes,no,127,Medium to high: memory traffic and latency can reflect transient accesses and cache effects.,Lbm-results-IO/non-attack-stats/stats-70-lbm-non.txt,126
137,system.mem_ctrls.readPktSize::2,system.mem_ctrls.readPktSize::2,Memory controller and DRAM,Count,Read request sizes (log2),yes,no,127,Medium to high: memory traffic and latency can reflect transient accesses and cache effects.,Lbm-results-IO/non-attack-stats/stats-70-lbm-non.txt,126
138,system.mem_ctrls.readPktSize::3,system.mem_ctrls.readPktSize::3,Memory controller and DRAM,Count,Read request sizes (log2),yes,no,127,Medium to high: memory traffic and latency can reflect transient accesses and cache effects.,Lbm-results-IO/non-attack-stats/stats-70-lbm-non.txt,126
139,system.mem_ctrls.readPktSize::4,system.mem_ctrls.readPktSize::4,Memory controller and DRAM,Count,Read request sizes (log2),yes,no,127,Medium to high: memory traffic and latency can reflect transient accesses and cache effects.,Lbm-results-IO/non-attack-stats/stats-70-lbm-non.txt,126
140,system.mem_ctrls.readPktSize::5,system.mem_ctrls.readPktSize::5,Memory controller and DRAM,Count,Read request sizes (log2),yes,no,127,Medium to high: memory traffic and latency can reflect transient accesses and cache effects.,Lbm-results-IO/non-attack-stats/stats-70-lbm-non.txt,126
141,system.mem_ctrls.readPktSize::6,system.mem_ctrls.readPktSize::6,Memory controller and DRAM,Count,Read request sizes (log2),yes,no,127,Medium to high: memory traffic and latency can reflect transient accesses and cache effects.,Lbm-results-IO/non-attack-stats/stats-70-lbm-non.txt,126
142,system.mem_ctrls.writePktSize::0,system.mem_ctrls.writePktSize::0,Memory controller and DRAM,Count,Write request sizes (log2),yes,no,127,Medium to high: memory traffic and latency can reflect transient accesses and cache effects.,Lbm-results-IO/non-attack-stats/stats-70-lbm-non.txt,126
143,system.mem_ctrls.writePktSize::1,system.mem_ctrls.writePktSize::1,Memory controller and DRAM,Count,Write request sizes (log2),yes,no,127,Medium to high: memory traffic and latency can reflect transient accesses and cache effects.,Lbm-results-IO/non-attack-stats/stats-70-lbm-non.txt,126
144,system.mem_ctrls.writePktSize::2,system.mem_ctrls.writePktSize::2,Memory controller and DRAM,Count,Write request sizes (log2),yes,no,127,Medium to high: memory traffic and latency can reflect transient accesses and cache effects.,Lbm-results-IO/non-attack-stats/stats-70-lbm-non.txt,126
145,system.mem_ctrls.writePktSize::3,system.mem_ctrls.writePktSize::3,Memory controller and DRAM,Count,Write request sizes (log2),yes,no,127,Medium to high: memory traffic and latency can reflect transient accesses and cache effects.,Lbm-results-IO/non-attack-stats/stats-70-lbm-non.txt,126
146,system.mem_ctrls.writePktSize::4,system.mem_ctrls.writePktSize::4,Memory controller and DRAM,Count,Write request sizes (log2),yes,no,127,Medium to high: memory traffic and latency can reflect transient accesses and cache effects.,Lbm-results-IO/non-attack-stats/stats-70-lbm-non.txt,126
147,system.mem_ctrls.writePktSize::5,system.mem_ctrls.writePktSize::5,Memory controller and DRAM,Count,Write request sizes (log2),yes,no,127,Medium to high: memory traffic and latency can reflect transient accesses and cache effects.,Lbm-results-IO/non-attack-stats/stats-70-lbm-non.txt,126
148,system.mem_ctrls.writePktSize::6,system.mem_ctrls.writePktSize::6,Memory controller and DRAM,Count,Write request sizes (log2),yes,no,127,Medium to high: memory traffic and latency can reflect transient accesses and cache effects.,Lbm-results-IO/non-attack-stats/stats-70-lbm-non.txt,126
149,system.mem_ctrls.rdQLenPdf::0,system.mem_ctrls.rdQLenPdf::0,Memory controller and DRAM,Count,What read queue length does an incoming req see,yes,no,127,Medium to high: memory traffic and latency can reflect transient accesses and cache effects.,Lbm-results-IO/non-attack-stats/stats-70-lbm-non.txt,126
150,system.mem_ctrls.rdQLenPdf::1,system.mem_ctrls.rdQLenPdf::1,Memory controller and DRAM,Count,What read queue length does an incoming req see,yes,no,127,Medium to high: memory traffic and latency can reflect transient accesses and cache effects.,Lbm-results-IO/non-attack-stats/stats-70-lbm-non.txt,126
151,system.mem_ctrls.rdQLenPdf::2,system.mem_ctrls.rdQLenPdf::2,Memory controller and DRAM,Count,What read queue length does an incoming req see,yes,no,127,Medium to high: memory traffic and latency can reflect transient accesses and cache effects.,Lbm-results-IO/non-attack-stats/stats-70-lbm-non.txt,126
152,system.mem_ctrls.rdQLenPdf::3,system.mem_ctrls.rdQLenPdf::3,Memory controller and DRAM,Count,What read queue length does an incoming req see,yes,no,127,Medium to high: memory traffic and latency can reflect transient accesses and cache effects.,Lbm-results-IO/non-attack-stats/stats-70-lbm-non.txt,126
153,system.mem_ctrls.rdQLenPdf::4,system.mem_ctrls.rdQLenPdf::4,Memory controller and DRAM,Count,What read queue length does an incoming req see,yes,no,127,Medium to high: memory traffic and latency can reflect transient accesses and cache effects.,Lbm-results-IO/non-attack-stats/stats-70-lbm-non.txt,126
154,system.mem_ctrls.rdQLenPdf::5,system.mem_ctrls.rdQLenPdf::5,Memory controller and DRAM,Count,What read queue length does an incoming req see,yes,no,127,Medium to high: memory traffic and latency can reflect transient accesses and cache effects.,Lbm-results-IO/non-attack-stats/stats-70-lbm-non.txt,126
155,system.mem_ctrls.rdQLenPdf::6,system.mem_ctrls.rdQLenPdf::6,Memory controller and DRAM,Count,What read queue length does an incoming req see,yes,no,127,Medium to high: memory traffic and latency can reflect transient accesses and cache effects.,Lbm-results-IO/non-attack-stats/stats-70-lbm-non.txt,126
156,system.mem_ctrls.rdQLenPdf::7,system.mem_ctrls.rdQLenPdf::7,Memory controller and DRAM,Count,What read queue length does an incoming req see,yes,no,127,Medium to high: memory traffic and latency can reflect transient accesses and cache effects.,Lbm-results-IO/non-attack-stats/stats-70-lbm-non.txt,126
157,system.mem_ctrls.rdQLenPdf::8,system.mem_ctrls.rdQLenPdf::8,Memory controller and DRAM,Count,What read queue length does an incoming req see,yes,no,127,Medium to high: memory traffic and latency can reflect transient accesses and cache effects.,Lbm-results-IO/non-attack-stats/stats-70-lbm-non.txt,126
158,system.mem_ctrls.rdQLenPdf::9,system.mem_ctrls.rdQLenPdf::9,Memory controller and DRAM,Count,What read queue length does an incoming req see,yes,no,127,Medium to high: memory traffic and latency can reflect transient accesses and cache effects.,Lbm-results-IO/non-attack-stats/stats-70-lbm-non.txt,126
159,system.mem_ctrls.rdQLenPdf::10,system.mem_ctrls.rdQLenPdf::10,Memory controller and DRAM,Count,What read queue length does an incoming req see,yes,no,127,Medium to high: memory traffic and latency can reflect transient accesses and cache effects.,Lbm-results-IO/non-attack-stats/stats-70-lbm-non.txt,126
160,system.mem_ctrls.rdQLenPdf::11,system.mem_ctrls.rdQLenPdf::11,Memory controller and DRAM,Count,What read queue length does an incoming req see,yes,no,127,Medium to high: memory traffic and latency can reflect transient accesses and cache effects.,Lbm-results-IO/non-attack-stats/stats-70-lbm-non.txt,126
161,system.mem_ctrls.rdQLenPdf::12,system.mem_ctrls.rdQLenPdf::12,Memory controller and DRAM,Count,What read queue length does an incoming req see,yes,no,127,Medium to high: memory traffic and latency can reflect transient accesses and cache effects.,Lbm-results-IO/non-attack-stats/stats-70-lbm-non.txt,126
162,system.mem_ctrls.rdQLenPdf::13,system.mem_ctrls.rdQLenPdf::13,Memory controller and DRAM,Count,What read queue length does an incoming req see,yes,no,127,Medium to high: memory traffic and latency can reflect transient accesses and cache effects.,Lbm-results-IO/non-attack-stats/stats-70-lbm-non.txt,126
163,system.mem_ctrls.rdQLenPdf::14,system.mem_ctrls.rdQLenPdf::14,Memory controller and DRAM,Count,What read queue length does an incoming req see,yes,no,127,Medium to high: memory traffic and latency can reflect transient accesses and cache effects.,Lbm-results-IO/non-attack-stats/stats-70-lbm-non.txt,126
164,system.mem_ctrls.rdQLenPdf::15,system.mem_ctrls.rdQLenPdf::15,Memory controller and DRAM,Count,What read queue length does an incoming req see,yes,no,127,Medium to high: memory traffic and latency can reflect transient accesses and cache effects.,Lbm-results-IO/non-attack-stats/stats-70-lbm-non.txt,126
165,system.mem_ctrls.rdQLenPdf::16,system.mem_ctrls.rdQLenPdf::16,Memory controller and DRAM,Count,What read queue length does an incoming req see,yes,no,127,Medium to high: memory traffic and latency can reflect transient accesses and cache effects.,Lbm-results-IO/non-attack-stats/stats-70-lbm-non.txt,126
166,system.mem_ctrls.rdQLenPdf::17,system.mem_ctrls.rdQLenPdf::17,Memory controller and DRAM,Count,What read queue length does an incoming req see,yes,no,127,Medium to high: memory traffic and latency can reflect transient accesses and cache effects.,Lbm-results-IO/non-attack-stats/stats-70-lbm-non.txt,126
167,system.mem_ctrls.rdQLenPdf::18,system.mem_ctrls.rdQLenPdf::18,Memory controller and DRAM,Count,What read queue length does an incoming req see,yes,no,127,Medium to high: memory traffic and latency can reflect transient accesses and cache effects.,Lbm-results-IO/non-attack-stats/stats-70-lbm-non.txt,126
168,system.mem_ctrls.rdQLenPdf::19,system.mem_ctrls.rdQLenPdf::19,Memory controller and DRAM,Count,What read queue length does an incoming req see,yes,no,127,Medium to high: memory traffic and latency can reflect transient accesses and cache effects.,Lbm-results-IO/non-attack-stats/stats-70-lbm-non.txt,126
169,system.mem_ctrls.rdQLenPdf::20,system.mem_ctrls.rdQLenPdf::20,Memory controller and DRAM,Count,What read queue length does an incoming req see,yes,no,127,Medium to high: memory traffic and latency can reflect transient accesses and cache effects.,Lbm-results-IO/non-attack-stats/stats-70-lbm-non.txt,126
170,system.mem_ctrls.rdQLenPdf::21,system.mem_ctrls.rdQLenPdf::21,Memory controller and DRAM,Count,What read queue length does an incoming req see,yes,no,127,Medium to high: memory traffic and latency can reflect transient accesses and cache effects.,Lbm-results-IO/non-attack-stats/stats-70-lbm-non.txt,126
171,system.mem_ctrls.rdQLenPdf::22,system.mem_ctrls.rdQLenPdf::22,Memory controller and DRAM,Count,What read queue length does an incoming req see,yes,no,127,Medium to high: memory traffic and latency can reflect transient accesses and cache effects.,Lbm-results-IO/non-attack-stats/stats-70-lbm-non.txt,126
172,system.mem_ctrls.rdQLenPdf::23,system.mem_ctrls.rdQLenPdf::23,Memory controller and DRAM,Count,What read queue length does an incoming req see,yes,no,127,Medium to high: memory traffic and latency can reflect transient accesses and cache effects.,Lbm-results-IO/non-attack-stats/stats-70-lbm-non.txt,126
173,system.mem_ctrls.rdQLenPdf::24,system.mem_ctrls.rdQLenPdf::24,Memory controller and DRAM,Count,What read queue length does an incoming req see,yes,no,127,Medium to high: memory traffic and latency can reflect transient accesses and cache effects.,Lbm-results-IO/non-attack-stats/stats-70-lbm-non.txt,126
174,system.mem_ctrls.rdQLenPdf::25,system.mem_ctrls.rdQLenPdf::25,Memory controller and DRAM,Count,What read queue length does an incoming req see,yes,no,127,Medium to high: memory traffic and latency can reflect transient accesses and cache effects.,Lbm-results-IO/non-attack-stats/stats-70-lbm-non.txt,126
175,system.mem_ctrls.rdQLenPdf::26,system.mem_ctrls.rdQLenPdf::26,Memory controller and DRAM,Count,What read queue length does an incoming req see,yes,no,127,Medium to high: memory traffic and latency can reflect transient accesses and cache effects.,Lbm-results-IO/non-attack-stats/stats-70-lbm-non.txt,126
176,system.mem_ctrls.rdQLenPdf::27,system.mem_ctrls.rdQLenPdf::27,Memory controller and DRAM,Count,What read queue length does an incoming req see,yes,no,127,Medium to high: memory traffic and latency can reflect transient accesses and cache effects.,Lbm-results-IO/non-attack-stats/stats-70-lbm-non.txt,126
177,system.mem_ctrls.rdQLenPdf::28,system.mem_ctrls.rdQLenPdf::28,Memory controller and DRAM,Count,What read queue length does an incoming req see,yes,no,127,Medium to high: memory traffic and latency can reflect transient accesses and cache effects.,Lbm-results-IO/non-attack-stats/stats-70-lbm-non.txt,126
178,system.mem_ctrls.rdQLenPdf::29,system.mem_ctrls.rdQLenPdf::29,Memory controller and DRAM,Count,What read queue length does an incoming req see,yes,no,127,Medium to high: memory traffic and latency can reflect transient accesses and cache effects.,Lbm-results-IO/non-attack-stats/stats-70-lbm-non.txt,126
179,system.mem_ctrls.rdQLenPdf::30,system.mem_ctrls.rdQLenPdf::30,Memory controller and DRAM,Count,What read queue length does an incoming req see,yes,no,127,Medium to high: memory traffic and latency can reflect transient accesses and cache effects.,Lbm-results-IO/non-attack-stats/stats-70-lbm-non.txt,126
180,system.mem_ctrls.rdQLenPdf::31,system.mem_ctrls.rdQLenPdf::31,Memory controller and DRAM,Count,What read queue length does an incoming req see,yes,no,127,Medium to high: memory traffic and latency can reflect transient accesses and cache effects.,Lbm-results-IO/non-attack-stats/stats-70-lbm-non.txt,126
181,system.mem_ctrls.wrQLenPdf::0,system.mem_ctrls.wrQLenPdf::0,Memory controller and DRAM,Count,What write queue length does an incoming req see,yes,no,127,Medium to high: memory traffic and latency can reflect transient accesses and cache effects.,Lbm-results-IO/non-attack-stats/stats-70-lbm-non.txt,126
182,system.mem_ctrls.wrQLenPdf::1,system.mem_ctrls.wrQLenPdf::1,Memory controller and DRAM,Count,What write queue length does an incoming req see,yes,no,127,Medium to high: memory traffic and latency can reflect transient accesses and cache effects.,Lbm-results-IO/non-attack-stats/stats-70-lbm-non.txt,126
183,system.mem_ctrls.wrQLenPdf::2,system.mem_ctrls.wrQLenPdf::2,Memory controller and DRAM,Count,What write queue length does an incoming req see,yes,no,127,Medium to high: memory traffic and latency can reflect transient accesses and cache effects.,Lbm-results-IO/non-attack-stats/stats-70-lbm-non.txt,126
184,system.mem_ctrls.wrQLenPdf::3,system.mem_ctrls.wrQLenPdf::3,Memory controller and DRAM,Count,What write queue length does an incoming req see,yes,no,127,Medium to high: memory traffic and latency can reflect transient accesses and cache effects.,Lbm-results-IO/non-attack-stats/stats-70-lbm-non.txt,126
185,system.mem_ctrls.wrQLenPdf::4,system.mem_ctrls.wrQLenPdf::4,Memory controller and DRAM,Count,What write queue length does an incoming req see,yes,no,127,Medium to high: memory traffic and latency can reflect transient accesses and cache effects.,Lbm-results-IO/non-attack-stats/stats-70-lbm-non.txt,126
186,system.mem_ctrls.wrQLenPdf::5,system.mem_ctrls.wrQLenPdf::5,Memory controller and DRAM,Count,What write queue length does an incoming req see,yes,no,127,Medium to high: memory traffic and latency can reflect transient accesses and cache effects.,Lbm-results-IO/non-attack-stats/stats-70-lbm-non.txt,126
187,system.mem_ctrls.wrQLenPdf::6,system.mem_ctrls.wrQLenPdf::6,Memory controller and DRAM,Count,What write queue length does an incoming req see,yes,no,127,Medium to high: memory traffic and latency can reflect transient accesses and cache effects.,Lbm-results-IO/non-attack-stats/stats-70-lbm-non.txt,126
188,system.mem_ctrls.wrQLenPdf::7,system.mem_ctrls.wrQLenPdf::7,Memory controller and DRAM,Count,What write queue length does an incoming req see,yes,no,127,Medium to high: memory traffic and latency can reflect transient accesses and cache effects.,Lbm-results-IO/non-attack-stats/stats-70-lbm-non.txt,126
189,system.mem_ctrls.wrQLenPdf::8,system.mem_ctrls.wrQLenPdf::8,Memory controller and DRAM,Count,What write queue length does an incoming req see,yes,no,127,Medium to high: memory traffic and latency can reflect transient accesses and cache effects.,Lbm-results-IO/non-attack-stats/stats-70-lbm-non.txt,126
190,system.mem_ctrls.wrQLenPdf::9,system.mem_ctrls.wrQLenPdf::9,Memory controller and DRAM,Count,What write queue length does an incoming req see,yes,no,127,Medium to high: memory traffic and latency can reflect transient accesses and cache effects.,Lbm-results-IO/non-attack-stats/stats-70-lbm-non.txt,126
191,system.mem_ctrls.wrQLenPdf::10,system.mem_ctrls.wrQLenPdf::10,Memory controller and DRAM,Count,What write queue length does an incoming req see,yes,no,127,Medium to high: memory traffic and latency can reflect transient accesses and cache effects.,Lbm-results-IO/non-attack-stats/stats-70-lbm-non.txt,126
192,system.mem_ctrls.wrQLenPdf::11,system.mem_ctrls.wrQLenPdf::11,Memory controller and DRAM,Count,What write queue length does an incoming req see,yes,no,127,Medium to high: memory traffic and latency can reflect transient accesses and cache effects.,Lbm-results-IO/non-attack-stats/stats-70-lbm-non.txt,126
193,system.mem_ctrls.wrQLenPdf::12,system.mem_ctrls.wrQLenPdf::12,Memory controller and DRAM,Count,What write queue length does an incoming req see,yes,no,127,Medium to high: memory traffic and latency can reflect transient accesses and cache effects.,Lbm-results-IO/non-attack-stats/stats-70-lbm-non.txt,126
194,system.mem_ctrls.wrQLenPdf::13,system.mem_ctrls.wrQLenPdf::13,Memory controller and DRAM,Count,What write queue length does an incoming req see,yes,no,127,Medium to high: memory traffic and latency can reflect transient accesses and cache effects.,Lbm-results-IO/non-attack-stats/stats-70-lbm-non.txt,126
195,system.mem_ctrls.wrQLenPdf::14,system.mem_ctrls.wrQLenPdf::14,Memory controller and DRAM,Count,What write queue length does an incoming req see,yes,no,127,Medium to high: memory traffic and latency can reflect transient accesses and cache effects.,Lbm-results-IO/non-attack-stats/stats-70-lbm-non.txt,126
196,system.mem_ctrls.wrQLenPdf::15,system.mem_ctrls.wrQLenPdf::15,Memory controller and DRAM,Count,What write queue length does an incoming req see,yes,no,127,Medium to high: memory traffic and latency can reflect transient accesses and cache effects.,Lbm-results-IO/non-attack-stats/stats-70-lbm-non.txt,126
197,system.mem_ctrls.wrQLenPdf::16,system.mem_ctrls.wrQLenPdf::16,Memory controller and DRAM,Count,What write queue length does an incoming req see,yes,no,127,Medium to high: memory traffic and latency can reflect transient accesses and cache effects.,Lbm-results-IO/non-attack-stats/stats-70-lbm-non.txt,126
198,system.mem_ctrls.wrQLenPdf::17,system.mem_ctrls.wrQLenPdf::17,Memory controller and DRAM,Count,What write queue length does an incoming req see,yes,no,127,Medium to high: memory traffic and latency can reflect transient accesses and cache effects.,Lbm-results-IO/non-attack-stats/stats-70-lbm-non.txt,126
199,system.mem_ctrls.wrQLenPdf::18,system.mem_ctrls.wrQLenPdf::18,Memory controller and DRAM,Count,What write queue length does an incoming req see,yes,no,127,Medium to high: memory traffic and latency can reflect transient accesses and cache effects.,Lbm-results-IO/non-attack-stats/stats-70-lbm-non.txt,126
200,system.mem_ctrls.wrQLenPdf::19,system.mem_ctrls.wrQLenPdf::19,Memory controller and DRAM,Count,What write queue length does an incoming req see,yes,no,127,Medium to high: memory traffic and latency can reflect transient accesses and cache effects.,Lbm-results-IO/non-attack-stats/stats-70-lbm-non.txt,126
201,system.mem_ctrls.wrQLenPdf::20,system.mem_ctrls.wrQLenPdf::20,Memory controller and DRAM,Count,What write queue length does an incoming req see,yes,no,127,Medium to high: memory traffic and latency can reflect transient accesses and cache effects.,Lbm-results-IO/non-attack-stats/stats-70-lbm-non.txt,126
202,system.mem_ctrls.wrQLenPdf::21,system.mem_ctrls.wrQLenPdf::21,Memory controller and DRAM,Count,What write queue length does an incoming req see,yes,no,127,Medium to high: memory traffic and latency can reflect transient accesses and cache effects.,Lbm-results-IO/non-attack-stats/stats-70-lbm-non.txt,126
203,system.mem_ctrls.wrQLenPdf::22,system.mem_ctrls.wrQLenPdf::22,Memory controller and DRAM,Count,What write queue length does an incoming req see,yes,no,127,Medium to high: memory traffic and latency can reflect transient accesses and cache effects.,Lbm-results-IO/non-attack-stats/stats-70-lbm-non.txt,126
204,system.mem_ctrls.wrQLenPdf::23,system.mem_ctrls.wrQLenPdf::23,Memory controller and DRAM,Count,What write queue length does an incoming req see,yes,no,127,Medium to high: memory traffic and latency can reflect transient accesses and cache effects.,Lbm-results-IO/non-attack-stats/stats-70-lbm-non.txt,126
205,system.mem_ctrls.wrQLenPdf::24,system.mem_ctrls.wrQLenPdf::24,Memory controller and DRAM,Count,What write queue length does an incoming req see,yes,no,127,Medium to high: memory traffic and latency can reflect transient accesses and cache effects.,Lbm-results-IO/non-attack-stats/stats-70-lbm-non.txt,126
206,system.mem_ctrls.wrQLenPdf::25,system.mem_ctrls.wrQLenPdf::25,Memory controller and DRAM,Count,What write queue length does an incoming req see,yes,no,127,Medium to high: memory traffic and latency can reflect transient accesses and cache effects.,Lbm-results-IO/non-attack-stats/stats-70-lbm-non.txt,126
207,system.mem_ctrls.wrQLenPdf::26,system.mem_ctrls.wrQLenPdf::26,Memory controller and DRAM,Count,What write queue length does an incoming req see,yes,no,127,Medium to high: memory traffic and latency can reflect transient accesses and cache effects.,Lbm-results-IO/non-attack-stats/stats-70-lbm-non.txt,126
208,system.mem_ctrls.wrQLenPdf::27,system.mem_ctrls.wrQLenPdf::27,Memory controller and DRAM,Count,What write queue length does an incoming req see,yes,no,127,Medium to high: memory traffic and latency can reflect transient accesses and cache effects.,Lbm-results-IO/non-attack-stats/stats-70-lbm-non.txt,126
209,system.mem_ctrls.wrQLenPdf::28,system.mem_ctrls.wrQLenPdf::28,Memory controller and DRAM,Count,What write queue length does an incoming req see,yes,no,127,Medium to high: memory traffic and latency can reflect transient accesses and cache effects.,Lbm-results-IO/non-attack-stats/stats-70-lbm-non.txt,126
210,system.mem_ctrls.wrQLenPdf::29,system.mem_ctrls.wrQLenPdf::29,Memory controller and DRAM,Count,What write queue length does an incoming req see,yes,no,127,Medium to high: memory traffic and latency can reflect transient accesses and cache effects.,Lbm-results-IO/non-attack-stats/stats-70-lbm-non.txt,126
211,system.mem_ctrls.wrQLenPdf::30,system.mem_ctrls.wrQLenPdf::30,Memory controller and DRAM,Count,What write queue length does an incoming req see,yes,no,127,Medium to high: memory traffic and latency can reflect transient accesses and cache effects.,Lbm-results-IO/non-attack-stats/stats-70-lbm-non.txt,126
212,system.mem_ctrls.wrQLenPdf::31,system.mem_ctrls.wrQLenPdf::31,Memory controller and DRAM,Count,What write queue length does an incoming req see,yes,no,127,Medium to high: memory traffic and latency can reflect transient accesses and cache effects.,Lbm-results-IO/non-attack-stats/stats-70-lbm-non.txt,126
213,system.mem_ctrls.wrQLenPdf::32,system.mem_ctrls.wrQLenPdf::32,Memory controller and DRAM,Count,What write queue length does an incoming req see,yes,no,127,Medium to high: memory traffic and latency can reflect transient accesses and cache effects.,Lbm-results-IO/non-attack-stats/stats-70-lbm-non.txt,126
214,system.mem_ctrls.wrQLenPdf::33,system.mem_ctrls.wrQLenPdf::33,Memory controller and DRAM,Count,What write queue length does an incoming req see,yes,no,127,Medium to high: memory traffic and latency can reflect transient accesses and cache effects.,Lbm-results-IO/non-attack-stats/stats-70-lbm-non.txt,126
215,system.mem_ctrls.wrQLenPdf::34,system.mem_ctrls.wrQLenPdf::34,Memory controller and DRAM,Count,What write queue length does an incoming req see,yes,no,127,Medium to high: memory traffic and latency can reflect transient accesses and cache effects.,Lbm-results-IO/non-attack-stats/stats-70-lbm-non.txt,126
216,system.mem_ctrls.wrQLenPdf::35,system.mem_ctrls.wrQLenPdf::35,Memory controller and DRAM,Count,What write queue length does an incoming req see,yes,no,127,Medium to high: memory traffic and latency can reflect transient accesses and cache effects.,Lbm-results-IO/non-attack-stats/stats-70-lbm-non.txt,126
217,system.mem_ctrls.wrQLenPdf::36,system.mem_ctrls.wrQLenPdf::36,Memory controller and DRAM,Count,What write queue length does an incoming req see,yes,no,127,Medium to high: memory traffic and latency can reflect transient accesses and cache effects.,Lbm-results-IO/non-attack-stats/stats-70-lbm-non.txt,126
218,system.mem_ctrls.wrQLenPdf::37,system.mem_ctrls.wrQLenPdf::37,Memory controller and DRAM,Count,What write queue length does an incoming req see,yes,no,127,Medium to high: memory traffic and latency can reflect transient accesses and cache effects.,Lbm-results-IO/non-attack-stats/stats-70-lbm-non.txt,126
219,system.mem_ctrls.wrQLenPdf::38,system.mem_ctrls.wrQLenPdf::38,Memory controller and DRAM,Count,What write queue length does an incoming req see,yes,no,127,Medium to high: memory traffic and latency can reflect transient accesses and cache effects.,Lbm-results-IO/non-attack-stats/stats-70-lbm-non.txt,126
220,system.mem_ctrls.wrQLenPdf::39,system.mem_ctrls.wrQLenPdf::39,Memory controller and DRAM,Count,What write queue length does an incoming req see,yes,no,127,Medium to high: memory traffic and latency can reflect transient accesses and cache effects.,Lbm-results-IO/non-attack-stats/stats-70-lbm-non.txt,126
221,system.mem_ctrls.wrQLenPdf::40,system.mem_ctrls.wrQLenPdf::40,Memory controller and DRAM,Count,What write queue length does an incoming req see,yes,no,127,Medium to high: memory traffic and latency can reflect transient accesses and cache effects.,Lbm-results-IO/non-attack-stats/stats-70-lbm-non.txt,126
222,system.mem_ctrls.wrQLenPdf::41,system.mem_ctrls.wrQLenPdf::41,Memory controller and DRAM,Count,What write queue length does an incoming req see,yes,no,127,Medium to high: memory traffic and latency can reflect transient accesses and cache effects.,Lbm-results-IO/non-attack-stats/stats-70-lbm-non.txt,126
223,system.mem_ctrls.wrQLenPdf::42,system.mem_ctrls.wrQLenPdf::42,Memory controller and DRAM,Count,What write queue length does an incoming req see,yes,no,127,Medium to high: memory traffic and latency can reflect transient accesses and cache effects.,Lbm-results-IO/non-attack-stats/stats-70-lbm-non.txt,126
224,system.mem_ctrls.wrQLenPdf::43,system.mem_ctrls.wrQLenPdf::43,Memory controller and DRAM,Count,What write queue length does an incoming req see,yes,no,127,Medium to high: memory traffic and latency can reflect transient accesses and cache effects.,Lbm-results-IO/non-attack-stats/stats-70-lbm-non.txt,126
225,system.mem_ctrls.wrQLenPdf::44,system.mem_ctrls.wrQLenPdf::44,Memory controller and DRAM,Count,What write queue length does an incoming req see,yes,no,127,Medium to high: memory traffic and latency can reflect transient accesses and cache effects.,Lbm-results-IO/non-attack-stats/stats-70-lbm-non.txt,126
226,system.mem_ctrls.wrQLenPdf::45,system.mem_ctrls.wrQLenPdf::45,Memory controller and DRAM,Count,What write queue length does an incoming req see,yes,no,127,Medium to high: memory traffic and latency can reflect transient accesses and cache effects.,Lbm-results-IO/non-attack-stats/stats-70-lbm-non.txt,126
227,system.mem_ctrls.wrQLenPdf::46,system.mem_ctrls.wrQLenPdf::46,Memory controller and DRAM,Count,What write queue length does an incoming req see,yes,no,127,Medium to high: memory traffic and latency can reflect transient accesses and cache effects.,Lbm-results-IO/non-attack-stats/stats-70-lbm-non.txt,126
228,system.mem_ctrls.wrQLenPdf::47,system.mem_ctrls.wrQLenPdf::47,Memory controller and DRAM,Count,What write queue length does an incoming req see,yes,no,127,Medium to high: memory traffic and latency can reflect transient accesses and cache effects.,Lbm-results-IO/non-attack-stats/stats-70-lbm-non.txt,126
229,system.mem_ctrls.wrQLenPdf::48,system.mem_ctrls.wrQLenPdf::48,Memory controller and DRAM,Count,What write queue length does an incoming req see,yes,no,127,Medium to high: memory traffic and latency can reflect transient accesses and cache effects.,Lbm-results-IO/non-attack-stats/stats-70-lbm-non.txt,126
230,system.mem_ctrls.wrQLenPdf::49,system.mem_ctrls.wrQLenPdf::49,Memory controller and DRAM,Count,What write queue length does an incoming req see,yes,no,127,Medium to high: memory traffic and latency can reflect transient accesses and cache effects.,Lbm-results-IO/non-attack-stats/stats-70-lbm-non.txt,126
231,system.mem_ctrls.wrQLenPdf::50,system.mem_ctrls.wrQLenPdf::50,Memory controller and DRAM,Count,What write queue length does an incoming req see,yes,no,127,Medium to high: memory traffic and latency can reflect transient accesses and cache effects.,Lbm-results-IO/non-attack-stats/stats-70-lbm-non.txt,126
232,system.mem_ctrls.wrQLenPdf::51,system.mem_ctrls.wrQLenPdf::51,Memory controller and DRAM,Count,What write queue length does an incoming req see,yes,no,127,Medium to high: memory traffic and latency can reflect transient accesses and cache effects.,Lbm-results-IO/non-attack-stats/stats-70-lbm-non.txt,126
233,system.mem_ctrls.wrQLenPdf::52,system.mem_ctrls.wrQLenPdf::52,Memory controller and DRAM,Count,What write queue length does an incoming req see,yes,no,127,Medium to high: memory traffic and latency can reflect transient accesses and cache effects.,Lbm-results-IO/non-attack-stats/stats-70-lbm-non.txt,126
234,system.mem_ctrls.wrQLenPdf::53,system.mem_ctrls.wrQLenPdf::53,Memory controller and DRAM,Count,What write queue length does an incoming req see,yes,no,127,Medium to high: memory traffic and latency can reflect transient accesses and cache effects.,Lbm-results-IO/non-attack-stats/stats-70-lbm-non.txt,126
235,system.mem_ctrls.wrQLenPdf::54,system.mem_ctrls.wrQLenPdf::54,Memory controller and DRAM,Count,What write queue length does an incoming req see,yes,no,127,Medium to high: memory traffic and latency can reflect transient accesses and cache effects.,Lbm-results-IO/non-attack-stats/stats-70-lbm-non.txt,126
236,system.mem_ctrls.wrQLenPdf::55,system.mem_ctrls.wrQLenPdf::55,Memory controller and DRAM,Count,What write queue length does an incoming req see,yes,no,127,Medium to high: memory traffic and latency can reflect transient accesses and cache effects.,Lbm-results-IO/non-attack-stats/stats-70-lbm-non.txt,126
237,system.mem_ctrls.wrQLenPdf::56,system.mem_ctrls.wrQLenPdf::56,Memory controller and DRAM,Count,What write queue length does an incoming req see,yes,no,127,Medium to high: memory traffic and latency can reflect transient accesses and cache effects.,Lbm-results-IO/non-attack-stats/stats-70-lbm-non.txt,126
238,system.mem_ctrls.wrQLenPdf::57,system.mem_ctrls.wrQLenPdf::57,Memory controller and DRAM,Count,What write queue length does an incoming req see,yes,no,127,Medium to high: memory traffic and latency can reflect transient accesses and cache effects.,Lbm-results-IO/non-attack-stats/stats-70-lbm-non.txt,126
239,system.mem_ctrls.wrQLenPdf::58,system.mem_ctrls.wrQLenPdf::58,Memory controller and DRAM,Count,What write queue length does an incoming req see,yes,no,127,Medium to high: memory traffic and latency can reflect transient accesses and cache effects.,Lbm-results-IO/non-attack-stats/stats-70-lbm-non.txt,126
240,system.mem_ctrls.wrQLenPdf::59,system.mem_ctrls.wrQLenPdf::59,Memory controller and DRAM,Count,What write queue length does an incoming req see,yes,no,127,Medium to high: memory traffic and latency can reflect transient accesses and cache effects.,Lbm-results-IO/non-attack-stats/stats-70-lbm-non.txt,126
241,system.mem_ctrls.wrQLenPdf::60,system.mem_ctrls.wrQLenPdf::60,Memory controller and DRAM,Count,What write queue length does an incoming req see,yes,no,127,Medium to high: memory traffic and latency can reflect transient accesses and cache effects.,Lbm-results-IO/non-attack-stats/stats-70-lbm-non.txt,126
242,system.mem_ctrls.wrQLenPdf::61,system.mem_ctrls.wrQLenPdf::61,Memory controller and DRAM,Count,What write queue length does an incoming req see,yes,no,127,Medium to high: memory traffic and latency can reflect transient accesses and cache effects.,Lbm-results-IO/non-attack-stats/stats-70-lbm-non.txt,126
243,system.mem_ctrls.wrQLenPdf::62,system.mem_ctrls.wrQLenPdf::62,Memory controller and DRAM,Count,What write queue length does an incoming req see,yes,no,127,Medium to high: memory traffic and latency can reflect transient accesses and cache effects.,Lbm-results-IO/non-attack-stats/stats-70-lbm-non.txt,126
244,system.mem_ctrls.wrQLenPdf::63,system.mem_ctrls.wrQLenPdf::63,Memory controller and DRAM,Count,What write queue length does an incoming req see,yes,no,127,Medium to high: memory traffic and latency can reflect transient accesses and cache effects.,Lbm-results-IO/non-attack-stats/stats-70-lbm-non.txt,126
245,system.mem_ctrls.bytesReadWrQ,system.mem_ctrls.bytesReadWrQ,Memory controller and DRAM,Byte,Total number of bytes read from write queue,yes,no,127,Medium to high: memory traffic and latency can reflect transient accesses and cache effects.,Lbm-results-IO/non-attack-stats/stats-70-lbm-non.txt,126
246,system.mem_ctrls.bytesReadSys,system.mem_ctrls.bytesReadSys,Memory controller and DRAM,Byte,Total read bytes from the system interface side,yes,no,127,Medium to high: memory traffic and latency can reflect transient accesses and cache effects.,Lbm-results-IO/non-attack-stats/stats-70-lbm-non.txt,126
247,system.mem_ctrls.bytesWrittenSys,system.mem_ctrls.bytesWrittenSys,Memory controller and DRAM,Byte,Total written bytes from the system interface side,yes,no,127,Medium to high: memory traffic and latency can reflect transient accesses and cache effects.,Lbm-results-IO/non-attack-stats/stats-70-lbm-non.txt,126
248,system.mem_ctrls.avgRdBWSys,system.mem_ctrls.avgRdBWSys,Memory controller and DRAM,,Average system read bandwidth in Byte/s ((Byte/Second)),yes,no,127,Medium to high: memory traffic and latency can reflect transient accesses and cache effects.,Lbm-results-IO/non-attack-stats/stats-70-lbm-non.txt,126
249,system.mem_ctrls.avgWrBWSys,system.mem_ctrls.avgWrBWSys,Memory controller and DRAM,,Average system write bandwidth in Byte/s ((Byte/Second)),yes,no,127,Medium to high: memory traffic and latency can reflect transient accesses and cache effects.,Lbm-results-IO/non-attack-stats/stats-70-lbm-non.txt,126
250,system.mem_ctrls.totGap,system.mem_ctrls.totGap,Memory controller and DRAM,Tick,Total gap between requests,yes,no,127,Medium to high: memory traffic and latency can reflect transient accesses and cache effects.,Lbm-results-IO/non-attack-stats/stats-70-lbm-non.txt,126
251,system.mem_ctrls.dram.bytesRead::cpu.inst,system.mem_ctrls.dram,Memory controller and DRAM,Byte,Number of bytes read from this memory,yes,yes,127,Medium to high: memory traffic and latency can reflect transient accesses and cache effects.,Lbm-results-IO/non-attack-stats/stats-70-lbm-non.txt,126
252,system.mem_ctrls.dram.bytesRead::cpu.data,system.mem_ctrls.dram,Memory controller and DRAM,Byte,Number of bytes read from this memory,yes,yes,127,Medium to high: memory traffic and latency can reflect transient accesses and cache effects.,Lbm-results-IO/non-attack-stats/stats-70-lbm-non.txt,126
253,system.mem_ctrls.dram.bytesRead::total,system.mem_ctrls.dram,Memory controller and DRAM,Byte,Number of bytes read from this memory,yes,yes,127,Medium to high: memory traffic and latency can reflect transient accesses and cache effects.,Lbm-results-IO/non-attack-stats/stats-70-lbm-non.txt,126
254,system.mem_ctrls.dram.bytesInstRead::cpu.inst,system.mem_ctrls.dram,Memory controller and DRAM,Byte,Number of instructions bytes read from this memory,yes,yes,127,Medium to high: memory traffic and latency can reflect transient accesses and cache effects.,Lbm-results-IO/non-attack-stats/stats-70-lbm-non.txt,126
255,system.mem_ctrls.dram.bytesInstRead::total,system.mem_ctrls.dram,Memory controller and DRAM,Byte,Number of instructions bytes read from this memory,yes,yes,127,Medium to high: memory traffic and latency can reflect transient accesses and cache effects.,Lbm-results-IO/non-attack-stats/stats-70-lbm-non.txt,126
256,system.mem_ctrls.dram.bytesWritten::cpu.data,system.mem_ctrls.dram,Memory controller and DRAM,Byte,Number of bytes written to this memory,yes,yes,127,Medium to high: memory traffic and latency can reflect transient accesses and cache effects.,Lbm-results-IO/non-attack-stats/stats-70-lbm-non.txt,126
257,system.mem_ctrls.dram.bytesWritten::total,system.mem_ctrls.dram,Memory controller and DRAM,Byte,Number of bytes written to this memory,yes,yes,127,Medium to high: memory traffic and latency can reflect transient accesses and cache effects.,Lbm-results-IO/non-attack-stats/stats-70-lbm-non.txt,126
258,system.mem_ctrls.dram.numReads::cpu.inst,system.mem_ctrls.dram,Memory controller and DRAM,Count,Number of read requests responded to by this memory,yes,yes,127,Medium to high: memory traffic and latency can reflect transient accesses and cache effects.,Lbm-results-IO/non-attack-stats/stats-70-lbm-non.txt,126
259,system.mem_ctrls.dram.numReads::cpu.data,system.mem_ctrls.dram,Memory controller and DRAM,Count,Number of read requests responded to by this memory,yes,yes,127,Medium to high: memory traffic and latency can reflect transient accesses and cache effects.,Lbm-results-IO/non-attack-stats/stats-70-lbm-non.txt,126
260,system.mem_ctrls.dram.numReads::total,system.mem_ctrls.dram,Memory controller and DRAM,Count,Number of read requests responded to by this memory,yes,yes,127,Medium to high: memory traffic and latency can reflect transient accesses and cache effects.,Lbm-results-IO/non-attack-stats/stats-70-lbm-non.txt,126
261,system.mem_ctrls.dram.numWrites::cpu.data,system.mem_ctrls.dram,Memory controller and DRAM,Count,Number of write requests responded to by this memory,yes,yes,127,Medium to high: memory traffic and latency can reflect transient accesses and cache effects.,Lbm-results-IO/non-attack-stats/stats-70-lbm-non.txt,126
262,system.mem_ctrls.dram.numWrites::total,system.mem_ctrls.dram,Memory controller and DRAM,Count,Number of write requests responded to by this memory,yes,yes,127,Medium to high: memory traffic and latency can reflect transient accesses and cache effects.,Lbm-results-IO/non-attack-stats/stats-70-lbm-non.txt,126
263,system.mem_ctrls.dram.bwRead::cpu.inst,system.mem_ctrls.dram,Memory controller and DRAM,,Total read bandwidth from this memory ((Byte/Second)),yes,yes,127,Medium to high: memory traffic and latency can reflect transient accesses and cache effects.,Lbm-results-IO/non-attack-stats/stats-70-lbm-non.txt,126
264,system.mem_ctrls.dram.bwRead::cpu.data,system.mem_ctrls.dram,Memory controller and DRAM,,Total read bandwidth from this memory ((Byte/Second)),yes,yes,127,Medium to high: memory traffic and latency can reflect transient accesses and cache effects.,Lbm-results-IO/non-attack-stats/stats-70-lbm-non.txt,126
265,system.mem_ctrls.dram.bwRead::total,system.mem_ctrls.dram,Memory controller and DRAM,,Total read bandwidth from this memory ((Byte/Second)),yes,yes,127,Medium to high: memory traffic and latency can reflect transient accesses and cache effects.,Lbm-results-IO/non-attack-stats/stats-70-lbm-non.txt,126
266,system.mem_ctrls.dram.bwInstRead::cpu.inst,system.mem_ctrls.dram,Memory controller and DRAM,,Instruction read bandwidth from this memory ((Byte/Second)),yes,yes,127,Medium to high: memory traffic and latency can reflect transient accesses and cache effects.,Lbm-results-IO/non-attack-stats/stats-70-lbm-non.txt,126
267,system.mem_ctrls.dram.bwInstRead::total,system.mem_ctrls.dram,Memory controller and DRAM,,Instruction read bandwidth from this memory ((Byte/Second)),yes,yes,127,Medium to high: memory traffic and latency can reflect transient accesses and cache effects.,Lbm-results-IO/non-attack-stats/stats-70-lbm-non.txt,126
268,system.mem_ctrls.dram.bwWrite::cpu.data,system.mem_ctrls.dram,Memory controller and DRAM,,Write bandwidth from this memory ((Byte/Second)),yes,yes,127,Medium to high: memory traffic and latency can reflect transient accesses and cache effects.,Lbm-results-IO/non-attack-stats/stats-70-lbm-non.txt,126
269,system.mem_ctrls.dram.bwWrite::total,system.mem_ctrls.dram,Memory controller and DRAM,,Write bandwidth from this memory ((Byte/Second)),yes,yes,127,Medium to high: memory traffic and latency can reflect transient accesses and cache effects.,Lbm-results-IO/non-attack-stats/stats-70-lbm-non.txt,126
270,system.mem_ctrls.dram.bwTotal::cpu.inst,system.mem_ctrls.dram,Memory controller and DRAM,,Total bandwidth to/from this memory ((Byte/Second)),yes,yes,127,Medium to high: memory traffic and latency can reflect transient accesses and cache effects.,Lbm-results-IO/non-attack-stats/stats-70-lbm-non.txt,126
271,system.mem_ctrls.dram.bwTotal::cpu.data,system.mem_ctrls.dram,Memory controller and DRAM,,Total bandwidth to/from this memory ((Byte/Second)),yes,yes,127,Medium to high: memory traffic and latency can reflect transient accesses and cache effects.,Lbm-results-IO/non-attack-stats/stats-70-lbm-non.txt,126
272,system.mem_ctrls.dram.bwTotal::total,system.mem_ctrls.dram,Memory controller and DRAM,,Total bandwidth to/from this memory ((Byte/Second)),yes,yes,127,Medium to high: memory traffic and latency can reflect transient accesses and cache effects.,Lbm-results-IO/non-attack-stats/stats-70-lbm-non.txt,126
273,system.mem_ctrls.dram.readBursts,system.mem_ctrls.dram,Memory controller and DRAM,Count,Number of DRAM read bursts,yes,no,127,Medium to high: memory traffic and latency can reflect transient accesses and cache effects.,Lbm-results-IO/non-attack-stats/stats-70-lbm-non.txt,126
274,system.mem_ctrls.dram.writeBursts,system.mem_ctrls.dram,Memory controller and DRAM,Count,Number of DRAM write bursts,yes,no,127,Medium to high: memory traffic and latency can reflect transient accesses and cache effects.,Lbm-results-IO/non-attack-stats/stats-70-lbm-non.txt,126
275,system.mem_ctrls.dram.perBankRdBursts::0,system.mem_ctrls.dram,Memory controller and DRAM,Count,Per bank write bursts,yes,no,127,Medium to high: memory traffic and latency can reflect transient accesses and cache effects.,Lbm-results-IO/non-attack-stats/stats-70-lbm-non.txt,126
276,system.mem_ctrls.dram.perBankRdBursts::1,system.mem_ctrls.dram,Memory controller and DRAM,Count,Per bank write bursts,yes,no,127,Medium to high: memory traffic and latency can reflect transient accesses and cache effects.,Lbm-results-IO/non-attack-stats/stats-70-lbm-non.txt,126
277,system.mem_ctrls.dram.perBankRdBursts::2,system.mem_ctrls.dram,Memory controller and DRAM,Count,Per bank write bursts,yes,no,127,Medium to high: memory traffic and latency can reflect transient accesses and cache effects.,Lbm-results-IO/non-attack-stats/stats-70-lbm-non.txt,126
278,system.mem_ctrls.dram.perBankRdBursts::3,system.mem_ctrls.dram,Memory controller and DRAM,Count,Per bank write bursts,yes,no,127,Medium to high: memory traffic and latency can reflect transient accesses and cache effects.,Lbm-results-IO/non-attack-stats/stats-70-lbm-non.txt,126
279,system.mem_ctrls.dram.perBankRdBursts::4,system.mem_ctrls.dram,Memory controller and DRAM,Count,Per bank write bursts,yes,no,127,Medium to high: memory traffic and latency can reflect transient accesses and cache effects.,Lbm-results-IO/non-attack-stats/stats-70-lbm-non.txt,126
280,system.mem_ctrls.dram.perBankRdBursts::5,system.mem_ctrls.dram,Memory controller and DRAM,Count,Per bank write bursts,yes,no,127,Medium to high: memory traffic and latency can reflect transient accesses and cache effects.,Lbm-results-IO/non-attack-stats/stats-70-lbm-non.txt,126
281,system.mem_ctrls.dram.perBankRdBursts::6,system.mem_ctrls.dram,Memory controller and DRAM,Count,Per bank write bursts,yes,no,127,Medium to high: memory traffic and latency can reflect transient accesses and cache effects.,Lbm-results-IO/non-attack-stats/stats-70-lbm-non.txt,126
282,system.mem_ctrls.dram.perBankRdBursts::7,system.mem_ctrls.dram,Memory controller and DRAM,Count,Per bank write bursts,yes,no,127,Medium to high: memory traffic and latency can reflect transient accesses and cache effects.,Lbm-results-IO/non-attack-stats/stats-70-lbm-non.txt,126
283,system.mem_ctrls.dram.perBankRdBursts::8,system.mem_ctrls.dram,Memory controller and DRAM,Count,Per bank write bursts,yes,no,127,Medium to high: memory traffic and latency can reflect transient accesses and cache effects.,Lbm-results-IO/non-attack-stats/stats-70-lbm-non.txt,126
284,system.mem_ctrls.dram.perBankRdBursts::9,system.mem_ctrls.dram,Memory controller and DRAM,Count,Per bank write bursts,yes,no,127,Medium to high: memory traffic and latency can reflect transient accesses and cache effects.,Lbm-results-IO/non-attack-stats/stats-70-lbm-non.txt,126
285,system.mem_ctrls.dram.perBankRdBursts::10,system.mem_ctrls.dram,Memory controller and DRAM,Count,Per bank write bursts,yes,no,127,Medium to high: memory traffic and latency can reflect transient accesses and cache effects.,Lbm-results-IO/non-attack-stats/stats-70-lbm-non.txt,126
286,system.mem_ctrls.dram.perBankRdBursts::11,system.mem_ctrls.dram,Memory controller and DRAM,Count,Per bank write bursts,yes,no,127,Medium to high: memory traffic and latency can reflect transient accesses and cache effects.,Lbm-results-IO/non-attack-stats/stats-70-lbm-non.txt,126
287,system.mem_ctrls.dram.perBankRdBursts::12,system.mem_ctrls.dram,Memory controller and DRAM,Count,Per bank write bursts,yes,no,127,Medium to high: memory traffic and latency can reflect transient accesses and cache effects.,Lbm-results-IO/non-attack-stats/stats-70-lbm-non.txt,126
288,system.mem_ctrls.dram.perBankRdBursts::13,system.mem_ctrls.dram,Memory controller and DRAM,Count,Per bank write bursts,yes,no,127,Medium to high: memory traffic and latency can reflect transient accesses and cache effects.,Lbm-results-IO/non-attack-stats/stats-70-lbm-non.txt,126
289,system.mem_ctrls.dram.perBankRdBursts::14,system.mem_ctrls.dram,Memory controller and DRAM,Count,Per bank write bursts,yes,no,127,Medium to high: memory traffic and latency can reflect transient accesses and cache effects.,Lbm-results-IO/non-attack-stats/stats-70-lbm-non.txt,126
290,system.mem_ctrls.dram.perBankRdBursts::15,system.mem_ctrls.dram,Memory controller and DRAM,Count,Per bank write bursts,yes,no,127,Medium to high: memory traffic and latency can reflect transient accesses and cache effects.,Lbm-results-IO/non-attack-stats/stats-70-lbm-non.txt,126
291,system.mem_ctrls.dram.perBankWrBursts::0,system.mem_ctrls.dram,Memory controller and DRAM,Count,Per bank write bursts,yes,no,127,Medium to high: memory traffic and latency can reflect transient accesses and cache effects.,Lbm-results-IO/non-attack-stats/stats-70-lbm-non.txt,126
292,system.mem_ctrls.dram.perBankWrBursts::1,system.mem_ctrls.dram,Memory controller and DRAM,Count,Per bank write bursts,yes,no,127,Medium to high: memory traffic and latency can reflect transient accesses and cache effects.,Lbm-results-IO/non-attack-stats/stats-70-lbm-non.txt,126
293,system.mem_ctrls.dram.perBankWrBursts::2,system.mem_ctrls.dram,Memory controller and DRAM,Count,Per bank write bursts,yes,no,127,Medium to high: memory traffic and latency can reflect transient accesses and cache effects.,Lbm-results-IO/non-attack-stats/stats-70-lbm-non.txt,126
294,system.mem_ctrls.dram.perBankWrBursts::3,system.mem_ctrls.dram,Memory controller and DRAM,Count,Per bank write bursts,yes,no,127,Medium to high: memory traffic and latency can reflect transient accesses and cache effects.,Lbm-results-IO/non-attack-stats/stats-70-lbm-non.txt,126
295,system.mem_ctrls.dram.perBankWrBursts::4,system.mem_ctrls.dram,Memory controller and DRAM,Count,Per bank write bursts,yes,no,127,Medium to high: memory traffic and latency can reflect transient accesses and cache effects.,Lbm-results-IO/non-attack-stats/stats-70-lbm-non.txt,126
296,system.mem_ctrls.dram.perBankWrBursts::5,system.mem_ctrls.dram,Memory controller and DRAM,Count,Per bank write bursts,yes,no,127,Medium to high: memory traffic and latency can reflect transient accesses and cache effects.,Lbm-results-IO/non-attack-stats/stats-70-lbm-non.txt,126
297,system.mem_ctrls.dram.perBankWrBursts::6,system.mem_ctrls.dram,Memory controller and DRAM,Count,Per bank write bursts,yes,no,127,Medium to high: memory traffic and latency can reflect transient accesses and cache effects.,Lbm-results-IO/non-attack-stats/stats-70-lbm-non.txt,126
298,system.mem_ctrls.dram.perBankWrBursts::7,system.mem_ctrls.dram,Memory controller and DRAM,Count,Per bank write bursts,yes,no,127,Medium to high: memory traffic and latency can reflect transient accesses and cache effects.,Lbm-results-IO/non-attack-stats/stats-70-lbm-non.txt,126
299,system.mem_ctrls.dram.perBankWrBursts::8,system.mem_ctrls.dram,Memory controller and DRAM,Count,Per bank write bursts,yes,no,127,Medium to high: memory traffic and latency can reflect transient accesses and cache effects.,Lbm-results-IO/non-attack-stats/stats-70-lbm-non.txt,126
300,system.mem_ctrls.dram.perBankWrBursts::9,system.mem_ctrls.dram,Memory controller and DRAM,Count,Per bank write bursts,yes,no,127,Medium to high: memory traffic and latency can reflect transient accesses and cache effects.,Lbm-results-IO/non-attack-stats/stats-70-lbm-non.txt,126
301,system.mem_ctrls.dram.perBankWrBursts::10,system.mem_ctrls.dram,Memory controller and DRAM,Count,Per bank write bursts,yes,no,127,Medium to high: memory traffic and latency can reflect transient accesses and cache effects.,Lbm-results-IO/non-attack-stats/stats-70-lbm-non.txt,126
302,system.mem_ctrls.dram.perBankWrBursts::11,system.mem_ctrls.dram,Memory controller and DRAM,Count,Per bank write bursts,yes,no,127,Medium to high: memory traffic and latency can reflect transient accesses and cache effects.,Lbm-results-IO/non-attack-stats/stats-70-lbm-non.txt,126
303,system.mem_ctrls.dram.perBankWrBursts::12,system.mem_ctrls.dram,Memory controller and DRAM,Count,Per bank write bursts,yes,no,127,Medium to high: memory traffic and latency can reflect transient accesses and cache effects.,Lbm-results-IO/non-attack-stats/stats-70-lbm-non.txt,126
304,system.mem_ctrls.dram.perBankWrBursts::13,system.mem_ctrls.dram,Memory controller and DRAM,Count,Per bank write bursts,yes,no,127,Medium to high: memory traffic and latency can reflect transient accesses and cache effects.,Lbm-results-IO/non-attack-stats/stats-70-lbm-non.txt,126
305,system.mem_ctrls.dram.perBankWrBursts::14,system.mem_ctrls.dram,Memory controller and DRAM,Count,Per bank write bursts,yes,no,127,Medium to high: memory traffic and latency can reflect transient accesses and cache effects.,Lbm-results-IO/non-attack-stats/stats-70-lbm-non.txt,126
306,system.mem_ctrls.dram.perBankWrBursts::15,system.mem_ctrls.dram,Memory controller and DRAM,Count,Per bank write bursts,yes,no,127,Medium to high: memory traffic and latency can reflect transient accesses and cache effects.,Lbm-results-IO/non-attack-stats/stats-70-lbm-non.txt,126
307,system.mem_ctrls.dram.totQLat,system.mem_ctrls.dram,Memory controller and DRAM,Tick,Total ticks spent queuing,yes,no,127,Medium to high: memory traffic and latency can reflect transient accesses and cache effects.,Lbm-results-IO/non-attack-stats/stats-70-lbm-non.txt,126
308,system.mem_ctrls.dram.totBusLat,system.mem_ctrls.dram,Memory controller and DRAM,Tick,Total ticks spent in databus transfers,yes,no,127,Medium to high: memory traffic and latency can reflect transient accesses and cache effects.,Lbm-results-IO/non-attack-stats/stats-70-lbm-non.txt,126
309,system.mem_ctrls.dram.totMemAccLat,system.mem_ctrls.dram,Memory controller and DRAM,Tick,Total ticks spent from burst creation until serviced by the DRAM,yes,no,127,Medium to high: memory traffic and latency can reflect transient accesses and cache effects.,Lbm-results-IO/non-attack-stats/stats-70-lbm-non.txt,126
310,system.mem_ctrls.dram.readRowHits,system.mem_ctrls.dram,Memory controller and DRAM,Count,Number of row buffer hits during reads,yes,no,127,High: cache-access and cache-state effects are central to Spectre side channels.,Lbm-results-IO/non-attack-stats/stats-70-lbm-non.txt,126
311,system.mem_ctrls.dram.writeRowHits,system.mem_ctrls.dram,Memory controller and DRAM,Count,Number of row buffer hits during writes,yes,no,127,High: cache-access and cache-state effects are central to Spectre side channels.,Lbm-results-IO/non-attack-stats/stats-70-lbm-non.txt,126
312,system.mem_ctrls.dram.bytesRead,system.mem_ctrls.dram,Memory controller and DRAM,Byte,Total bytes read,yes,no,127,Medium to high: memory traffic and latency can reflect transient accesses and cache effects.,Lbm-results-IO/non-attack-stats/stats-70-lbm-non.txt,126
313,system.mem_ctrls.dram.bytesWritten,system.mem_ctrls.dram,Memory controller and DRAM,Byte,Total bytes written,yes,no,127,Medium to high: memory traffic and latency can reflect transient accesses and cache effects.,Lbm-results-IO/non-attack-stats/stats-70-lbm-non.txt,126
314,system.mem_ctrls.dram.avgRdBW,system.mem_ctrls.dram,Memory controller and DRAM,,Average DRAM read bandwidth in MiBytes/s ((Byte/Second)),yes,no,127,Medium to high: memory traffic and latency can reflect transient accesses and cache effects.,Lbm-results-IO/non-attack-stats/stats-70-lbm-non.txt,126
315,system.mem_ctrls.dram.avgWrBW,system.mem_ctrls.dram,Memory controller and DRAM,,Average DRAM write bandwidth in MiBytes/s ((Byte/Second)),yes,no,127,Medium to high: memory traffic and latency can reflect transient accesses and cache effects.,Lbm-results-IO/non-attack-stats/stats-70-lbm-non.txt,126
316,system.mem_ctrls.dram.peakBW,system.mem_ctrls.dram,Memory controller and DRAM,,Theoretical peak bandwidth in MiByte/s ((Byte/Second)),yes,yes,127,Medium to high: memory traffic and latency can reflect transient accesses and cache effects.,Lbm-results-IO/non-attack-stats/stats-70-lbm-non.txt,126
317,system.mem_ctrls.dram.busUtil,system.mem_ctrls.dram,Memory controller and DRAM,Ratio,Data bus utilization in percentage,yes,no,127,Medium to high: memory traffic and latency can reflect transient accesses and cache effects.,Lbm-results-IO/non-attack-stats/stats-70-lbm-non.txt,126
318,system.mem_ctrls.dram.busUtilRead,system.mem_ctrls.dram,Memory controller and DRAM,Ratio,Data bus utilization in percentage for reads,yes,no,127,Medium to high: memory traffic and latency can reflect transient accesses and cache effects.,Lbm-results-IO/non-attack-stats/stats-70-lbm-non.txt,126
319,system.mem_ctrls.dram.busUtilWrite,system.mem_ctrls.dram,Memory controller and DRAM,Ratio,Data bus utilization in percentage for writes,yes,no,127,Medium to high: memory traffic and latency can reflect transient accesses and cache effects.,Lbm-results-IO/non-attack-stats/stats-70-lbm-non.txt,126
320,system.mem_ctrls.dram.power_state.pwrStateResidencyTicks::UNDEFINED,system.mem_ctrls.dram,Memory controller and DRAM,Tick,Cumulative time (in ticks) in various power states,yes,yes,127,Medium to high: memory traffic and latency can reflect transient accesses and cache effects.,Lbm-results-IO/non-attack-stats/stats-70-lbm-non.txt,126
321,system.mem_ctrls.dram.rank0.actEnergy,system.mem_ctrls.dram,Memory controller and DRAM,Joule,Energy for activate commands per rank (pJ),yes,no,127,Medium to high: memory traffic and latency can reflect transient accesses and cache effects.,Lbm-results-IO/non-attack-stats/stats-70-lbm-non.txt,126
322,system.mem_ctrls.dram.rank0.preEnergy,system.mem_ctrls.dram,Memory controller and DRAM,Joule,Energy for precharge commands per rank (pJ),yes,no,127,Medium to high: memory traffic and latency can reflect transient accesses and cache effects.,Lbm-results-IO/non-attack-stats/stats-70-lbm-non.txt,126
323,system.mem_ctrls.dram.rank0.readEnergy,system.mem_ctrls.dram,Memory controller and DRAM,Joule,Energy for read commands per rank (pJ),yes,no,127,Medium to high: memory traffic and latency can reflect transient accesses and cache effects.,Lbm-results-IO/non-attack-stats/stats-70-lbm-non.txt,126
324,system.mem_ctrls.dram.rank0.writeEnergy,system.mem_ctrls.dram,Memory controller and DRAM,Joule,Energy for write commands per rank (pJ),yes,no,127,Medium to high: memory traffic and latency can reflect transient accesses and cache effects.,Lbm-results-IO/non-attack-stats/stats-70-lbm-non.txt,126
325,system.mem_ctrls.dram.rank0.refreshEnergy,system.mem_ctrls.dram,Memory controller and DRAM,Joule,Energy for refresh commands per rank (pJ),yes,no,127,Medium to high: memory traffic and latency can reflect transient accesses and cache effects.,Lbm-results-IO/non-attack-stats/stats-70-lbm-non.txt,126
326,system.mem_ctrls.dram.rank0.actBackEnergy,system.mem_ctrls.dram,Memory controller and DRAM,Joule,Energy for active background per rank (pJ),yes,no,127,Medium to high: memory traffic and latency can reflect transient accesses and cache effects.,Lbm-results-IO/non-attack-stats/stats-70-lbm-non.txt,126
327,system.mem_ctrls.dram.rank0.preBackEnergy,system.mem_ctrls.dram,Memory controller and DRAM,Joule,Energy for precharge background per rank (pJ),yes,yes,127,Medium to high: memory traffic and latency can reflect transient accesses and cache effects.,Lbm-results-IO/non-attack-stats/stats-70-lbm-non.txt,126
328,system.mem_ctrls.dram.rank0.actPowerDownEnergy,system.mem_ctrls.dram,Memory controller and DRAM,Joule,Energy for active power-down per rank (pJ),yes,no,127,Medium to high: memory traffic and latency can reflect transient accesses and cache effects.,Lbm-results-IO/non-attack-stats/stats-70-lbm-non.txt,126
329,system.mem_ctrls.dram.rank0.prePowerDownEnergy,system.mem_ctrls.dram,Memory controller and DRAM,Joule,Energy for precharge power-down per rank (pJ),yes,no,127,Medium to high: memory traffic and latency can reflect transient accesses and cache effects.,Lbm-results-IO/non-attack-stats/stats-70-lbm-non.txt,126
330,system.mem_ctrls.dram.rank0.selfRefreshEnergy,system.mem_ctrls.dram,Memory controller and DRAM,Joule,Energy for self refresh per rank (pJ),yes,no,127,Medium to high: memory traffic and latency can reflect transient accesses and cache effects.,Lbm-results-IO/non-attack-stats/stats-70-lbm-non.txt,126
331,system.mem_ctrls.dram.rank0.totalEnergy,system.mem_ctrls.dram,Memory controller and DRAM,Joule,Total energy per rank (pJ),yes,yes,127,Medium to high: memory traffic and latency can reflect transient accesses and cache effects.,Lbm-results-IO/non-attack-stats/stats-70-lbm-non.txt,126
332,system.mem_ctrls.dram.rank0.averagePower,system.mem_ctrls.dram,Memory controller and DRAM,Watt,Core power per rank (mW),yes,yes,127,Medium to high: memory traffic and latency can reflect transient accesses and cache effects.,Lbm-results-IO/non-attack-stats/stats-70-lbm-non.txt,126
333,system.mem_ctrls.dram.rank0.totalIdleTime,system.mem_ctrls.dram,Memory controller and DRAM,Tick,Total Idle time Per DRAM Rank,yes,no,127,Medium to high: memory traffic and latency can reflect transient accesses and cache effects.,Lbm-results-IO/non-attack-stats/stats-70-lbm-non.txt,126
334,system.mem_ctrls.dram.rank0.pwrStateTime::IDLE,system.mem_ctrls.dram,Memory controller and DRAM,Tick,Time in different power states,yes,yes,127,Medium to high: memory traffic and latency can reflect transient accesses and cache effects.,Lbm-results-IO/non-attack-stats/stats-70-lbm-non.txt,126
335,system.mem_ctrls.dram.rank0.pwrStateTime::REF,system.mem_ctrls.dram,Memory controller and DRAM,Tick,Time in different power states,yes,no,127,Medium to high: memory traffic and latency can reflect transient accesses and cache effects.,Lbm-results-IO/non-attack-stats/stats-70-lbm-non.txt,126
336,system.mem_ctrls.dram.rank0.pwrStateTime::SREF,system.mem_ctrls.dram,Memory controller and DRAM,Tick,Time in different power states,yes,no,127,Medium to high: memory traffic and latency can reflect transient accesses and cache effects.,Lbm-results-IO/non-attack-stats/stats-70-lbm-non.txt,126
337,system.mem_ctrls.dram.rank0.pwrStateTime::PRE_PDN,system.mem_ctrls.dram,Memory controller and DRAM,Tick,Time in different power states,yes,no,127,Medium to high: memory traffic and latency can reflect transient accesses and cache effects.,Lbm-results-IO/non-attack-stats/stats-70-lbm-non.txt,126
338,system.mem_ctrls.dram.rank0.pwrStateTime::ACT,system.mem_ctrls.dram,Memory controller and DRAM,Tick,Time in different power states,yes,no,127,Medium to high: memory traffic and latency can reflect transient accesses and cache effects.,Lbm-results-IO/non-attack-stats/stats-70-lbm-non.txt,126
339,system.mem_ctrls.dram.rank0.pwrStateTime::ACT_PDN,system.mem_ctrls.dram,Memory controller and DRAM,Tick,Time in different power states,yes,no,127,Medium to high: memory traffic and latency can reflect transient accesses and cache effects.,Lbm-results-IO/non-attack-stats/stats-70-lbm-non.txt,126
340,system.mem_ctrls.dram.rank1.actEnergy,system.mem_ctrls.dram,Memory controller and DRAM,Joule,Energy for activate commands per rank (pJ),yes,no,127,Medium to high: memory traffic and latency can reflect transient accesses and cache effects.,Lbm-results-IO/non-attack-stats/stats-70-lbm-non.txt,126
341,system.mem_ctrls.dram.rank1.preEnergy,system.mem_ctrls.dram,Memory controller and DRAM,Joule,Energy for precharge commands per rank (pJ),yes,no,127,Medium to high: memory traffic and latency can reflect transient accesses and cache effects.,Lbm-results-IO/non-attack-stats/stats-70-lbm-non.txt,126
342,system.mem_ctrls.dram.rank1.readEnergy,system.mem_ctrls.dram,Memory controller and DRAM,Joule,Energy for read commands per rank (pJ),yes,no,127,Medium to high: memory traffic and latency can reflect transient accesses and cache effects.,Lbm-results-IO/non-attack-stats/stats-70-lbm-non.txt,126
343,system.mem_ctrls.dram.rank1.writeEnergy,system.mem_ctrls.dram,Memory controller and DRAM,Joule,Energy for write commands per rank (pJ),yes,no,127,Medium to high: memory traffic and latency can reflect transient accesses and cache effects.,Lbm-results-IO/non-attack-stats/stats-70-lbm-non.txt,126
344,system.mem_ctrls.dram.rank1.refreshEnergy,system.mem_ctrls.dram,Memory controller and DRAM,Joule,Energy for refresh commands per rank (pJ),yes,no,127,Medium to high: memory traffic and latency can reflect transient accesses and cache effects.,Lbm-results-IO/non-attack-stats/stats-70-lbm-non.txt,126
345,system.mem_ctrls.dram.rank1.actBackEnergy,system.mem_ctrls.dram,Memory controller and DRAM,Joule,Energy for active background per rank (pJ),yes,no,127,Medium to high: memory traffic and latency can reflect transient accesses and cache effects.,Lbm-results-IO/non-attack-stats/stats-70-lbm-non.txt,126
346,system.mem_ctrls.dram.rank1.preBackEnergy,system.mem_ctrls.dram,Memory controller and DRAM,Joule,Energy for precharge background per rank (pJ),yes,yes,127,Medium to high: memory traffic and latency can reflect transient accesses and cache effects.,Lbm-results-IO/non-attack-stats/stats-70-lbm-non.txt,126
347,system.mem_ctrls.dram.rank1.actPowerDownEnergy,system.mem_ctrls.dram,Memory controller and DRAM,Joule,Energy for active power-down per rank (pJ),yes,no,127,Medium to high: memory traffic and latency can reflect transient accesses and cache effects.,Lbm-results-IO/non-attack-stats/stats-70-lbm-non.txt,126
348,system.mem_ctrls.dram.rank1.prePowerDownEnergy,system.mem_ctrls.dram,Memory controller and DRAM,Joule,Energy for precharge power-down per rank (pJ),yes,no,127,Medium to high: memory traffic and latency can reflect transient accesses and cache effects.,Lbm-results-IO/non-attack-stats/stats-70-lbm-non.txt,126
349,system.mem_ctrls.dram.rank1.selfRefreshEnergy,system.mem_ctrls.dram,Memory controller and DRAM,Joule,Energy for self refresh per rank (pJ),yes,no,127,Medium to high: memory traffic and latency can reflect transient accesses and cache effects.,Lbm-results-IO/non-attack-stats/stats-70-lbm-non.txt,126
350,system.mem_ctrls.dram.rank1.totalEnergy,system.mem_ctrls.dram,Memory controller and DRAM,Joule,Total energy per rank (pJ),yes,yes,127,Medium to high: memory traffic and latency can reflect transient accesses and cache effects.,Lbm-results-IO/non-attack-stats/stats-70-lbm-non.txt,126
351,system.mem_ctrls.dram.rank1.averagePower,system.mem_ctrls.dram,Memory controller and DRAM,Watt,Core power per rank (mW),yes,yes,127,Medium to high: memory traffic and latency can reflect transient accesses and cache effects.,Lbm-results-IO/non-attack-stats/stats-70-lbm-non.txt,126
352,system.mem_ctrls.dram.rank1.totalIdleTime,system.mem_ctrls.dram,Memory controller and DRAM,Tick,Total Idle time Per DRAM Rank,yes,no,127,Medium to high: memory traffic and latency can reflect transient accesses and cache effects.,Lbm-results-IO/non-attack-stats/stats-70-lbm-non.txt,126
353,system.mem_ctrls.dram.rank1.pwrStateTime::IDLE,system.mem_ctrls.dram,Memory controller and DRAM,Tick,Time in different power states,yes,yes,127,Medium to high: memory traffic and latency can reflect transient accesses and cache effects.,Lbm-results-IO/non-attack-stats/stats-70-lbm-non.txt,126
354,system.mem_ctrls.dram.rank1.pwrStateTime::REF,system.mem_ctrls.dram,Memory controller and DRAM,Tick,Time in different power states,yes,no,127,Medium to high: memory traffic and latency can reflect transient accesses and cache effects.,Lbm-results-IO/non-attack-stats/stats-70-lbm-non.txt,126
355,system.mem_ctrls.dram.rank1.pwrStateTime::SREF,system.mem_ctrls.dram,Memory controller and DRAM,Tick,Time in different power states,yes,no,127,Medium to high: memory traffic and latency can reflect transient accesses and cache effects.,Lbm-results-IO/non-attack-stats/stats-70-lbm-non.txt,126
356,system.mem_ctrls.dram.rank1.pwrStateTime::PRE_PDN,system.mem_ctrls.dram,Memory controller and DRAM,Tick,Time in different power states,yes,no,127,Medium to high: memory traffic and latency can reflect transient accesses and cache effects.,Lbm-results-IO/non-attack-stats/stats-70-lbm-non.txt,126
357,system.mem_ctrls.dram.rank1.pwrStateTime::ACT,system.mem_ctrls.dram,Memory controller and DRAM,Tick,Time in different power states,yes,no,127,Medium to high: memory traffic and latency can reflect transient accesses and cache effects.,Lbm-results-IO/non-attack-stats/stats-70-lbm-non.txt,126
358,system.mem_ctrls.dram.rank1.pwrStateTime::ACT_PDN,system.mem_ctrls.dram,Memory controller and DRAM,Tick,Time in different power states,yes,no,127,Medium to high: memory traffic and latency can reflect transient accesses and cache effects.,Lbm-results-IO/non-attack-stats/stats-70-lbm-non.txt,126
359,system.mem_ctrls.power_state.pwrStateResidencyTicks::UNDEFINED,system.mem_ctrls.power_state,Memory controller and DRAM,Tick,Cumulative time (in ticks) in various power states,yes,yes,127,Medium to high: memory traffic and latency can reflect transient accesses and cache effects.,Lbm-results-IO/non-attack-stats/stats-70-lbm-non.txt,126
360,system.membus.transDist::ReadReq,system.membus.transDist::ReadReq,Interconnect and memory bus,Count,Transaction distribution,yes,yes,127,Medium to high: memory traffic and latency can reflect transient accesses and cache effects.,Lbm-results-IO/non-attack-stats/stats-70-lbm-non.txt,126
361,system.membus.transDist::ReadResp,system.membus.transDist::ReadResp,Interconnect and memory bus,Count,Transaction distribution,yes,yes,127,Medium to high: memory traffic and latency can reflect transient accesses and cache effects.,Lbm-results-IO/non-attack-stats/stats-70-lbm-non.txt,126
362,system.membus.transDist::WriteReq,system.membus.transDist::WriteReq,Interconnect and memory bus,Count,Transaction distribution,yes,yes,127,Medium to high: memory traffic and latency can reflect transient accesses and cache effects.,Lbm-results-IO/non-attack-stats/stats-70-lbm-non.txt,126
363,system.membus.transDist::WriteResp,system.membus.transDist::WriteResp,Interconnect and memory bus,Count,Transaction distribution,yes,yes,127,Medium to high: memory traffic and latency can reflect transient accesses and cache effects.,Lbm-results-IO/non-attack-stats/stats-70-lbm-non.txt,126
364,system.membus.transDist::LockedRMWReadReq,system.membus.transDist::LockedRMWReadReq,Interconnect and memory bus,Count,Transaction distribution,yes,yes,127,Medium to high: memory traffic and latency can reflect transient accesses and cache effects.,Lbm-results-IO/non-attack-stats/stats-70-lbm-non.txt,126
365,system.membus.transDist::LockedRMWReadResp,system.membus.transDist::LockedRMWReadResp,Interconnect and memory bus,Count,Transaction distribution,yes,yes,127,Medium to high: memory traffic and latency can reflect transient accesses and cache effects.,Lbm-results-IO/non-attack-stats/stats-70-lbm-non.txt,126
366,system.membus.transDist::LockedRMWWriteReq,system.membus.transDist::LockedRMWWriteReq,Interconnect and memory bus,Count,Transaction distribution,yes,yes,127,Medium to high: memory traffic and latency can reflect transient accesses and cache effects.,Lbm-results-IO/non-attack-stats/stats-70-lbm-non.txt,126
367,system.membus.transDist::LockedRMWWriteResp,system.membus.transDist::LockedRMWWriteResp,Interconnect and memory bus,Count,Transaction distribution,yes,yes,127,Medium to high: memory traffic and latency can reflect transient accesses and cache effects.,Lbm-results-IO/non-attack-stats/stats-70-lbm-non.txt,126
368,system.membus.pktCount_system.cpu.icache_port::system.mem_ctrls.port,system.membus.pktCount_system,Instruction cache,Count,Packet count per connected requestor and responder,yes,yes,127,High: cache-access and cache-state effects are central to Spectre side channels.,Lbm-results-IO/non-attack-stats/stats-70-lbm-non.txt,126
369,system.membus.pktCount_system.cpu.icache_port::total,system.membus.pktCount_system,Instruction cache,Count,Packet count per connected requestor and responder,yes,yes,127,High: cache-access and cache-state effects are central to Spectre side channels.,Lbm-results-IO/non-attack-stats/stats-70-lbm-non.txt,126
370,system.membus.pktCount_system.cpu.dcache_port::system.mem_ctrls.port,system.membus.pktCount_system,Data cache,Count,Packet count per connected requestor and responder,yes,yes,127,High: cache-access and cache-state effects are central to Spectre side channels.,Lbm-results-IO/non-attack-stats/stats-70-lbm-non.txt,126
371,system.membus.pktCount_system.cpu.dcache_port::total,system.membus.pktCount_system,Data cache,Count,Packet count per connected requestor and responder,yes,yes,127,High: cache-access and cache-state effects are central to Spectre side channels.,Lbm-results-IO/non-attack-stats/stats-70-lbm-non.txt,126
372,system.membus.pktCount::total,system.membus.pktCount::total,Interconnect and memory bus,Count,Packet count per connected requestor and responder,yes,yes,127,Medium to high: memory traffic and latency can reflect transient accesses and cache effects.,Lbm-results-IO/non-attack-stats/stats-70-lbm-non.txt,126
373,system.membus.pktSize_system.cpu.icache_port::system.mem_ctrls.port,system.membus.pktSize_system,Instruction cache,Byte,Cumulative packet size per connected requestor and responder,yes,yes,127,High: cache-access and cache-state effects are central to Spectre side channels.,Lbm-results-IO/non-attack-stats/stats-70-lbm-non.txt,126
374,system.membus.pktSize_system.cpu.icache_port::total,system.membus.pktSize_system,Instruction cache,Byte,Cumulative packet size per connected requestor and responder,yes,yes,127,High: cache-access and cache-state effects are central to Spectre side channels.,Lbm-results-IO/non-attack-stats/stats-70-lbm-non.txt,126
375,system.membus.pktSize_system.cpu.dcache_port::system.mem_ctrls.port,system.membus.pktSize_system,Data cache,Byte,Cumulative packet size per connected requestor and responder,yes,yes,127,High: cache-access and cache-state effects are central to Spectre side channels.,Lbm-results-IO/non-attack-stats/stats-70-lbm-non.txt,126
376,system.membus.pktSize_system.cpu.dcache_port::total,system.membus.pktSize_system,Data cache,Byte,Cumulative packet size per connected requestor and responder,yes,yes,127,High: cache-access and cache-state effects are central to Spectre side channels.,Lbm-results-IO/non-attack-stats/stats-70-lbm-non.txt,126
377,system.membus.pktSize::total,system.membus.pktSize::total,Interconnect and memory bus,Byte,Cumulative packet size per connected requestor and responder,yes,yes,127,Medium to high: memory traffic and latency can reflect transient accesses and cache effects.,Lbm-results-IO/non-attack-stats/stats-70-lbm-non.txt,126
378,system.membus.snoops,system.membus.snoops,Interconnect and memory bus,Count,Total snoops,yes,no,127,High: cache-access and cache-state effects are central to Spectre side channels.,Lbm-results-IO/non-attack-stats/stats-70-lbm-non.txt,126
379,system.membus.snoopTraffic,system.membus.snoopTraffic,Interconnect and memory bus,Byte,Total snoop traffic,yes,no,127,High: cache-access and cache-state effects are central to Spectre side channels.,Lbm-results-IO/non-attack-stats/stats-70-lbm-non.txt,126
380,system.membus.snoopFanout::samples,system.membus.snoopFanout::samples,Interconnect and memory bus,Count,Request fanout histogram,yes,yes,127,High: cache-access and cache-state effects are central to Spectre side channels.,Lbm-results-IO/non-attack-stats/stats-70-lbm-non.txt,126
381,system.membus.snoopFanout::mean,system.membus.snoopFanout::mean,Interconnect and memory bus,Count,Request fanout histogram,yes,no,127,High: cache-access and cache-state effects are central to Spectre side channels.,Lbm-results-IO/non-attack-stats/stats-70-lbm-non.txt,126
382,system.membus.snoopFanout::stdev,system.membus.snoopFanout::stdev,Interconnect and memory bus,Count,Request fanout histogram,yes,no,127,High: cache-access and cache-state effects are central to Spectre side channels.,Lbm-results-IO/non-attack-stats/stats-70-lbm-non.txt,126
383,system.membus.snoopFanout::underflows,system.membus.snoopFanout::underflows,Interconnect and memory bus,Count,Request fanout histogram,yes,no,127,High: cache-access and cache-state effects are central to Spectre side channels.,Lbm-results-IO/non-attack-stats/stats-70-lbm-non.txt,126
384,system.membus.snoopFanout::0,system.membus.snoopFanout::0,Interconnect and memory bus,Count,Request fanout histogram,yes,yes,127,High: cache-access and cache-state effects are central to Spectre side channels.,Lbm-results-IO/non-attack-stats/stats-70-lbm-non.txt,126
385,system.membus.snoopFanout::1,system.membus.snoopFanout::1,Interconnect and memory bus,Count,Request fanout histogram,yes,no,127,High: cache-access and cache-state effects are central to Spectre side channels.,Lbm-results-IO/non-attack-stats/stats-70-lbm-non.txt,126
386,system.membus.snoopFanout::overflows,system.membus.snoopFanout::overflows,Interconnect and memory bus,Count,Request fanout histogram,yes,no,127,High: cache-access and cache-state effects are central to Spectre side channels.,Lbm-results-IO/non-attack-stats/stats-70-lbm-non.txt,126
387,system.membus.snoopFanout::min_value,system.membus.snoopFanout::min_value,Interconnect and memory bus,Count,Request fanout histogram,yes,no,127,High: cache-access and cache-state effects are central to Spectre side channels.,Lbm-results-IO/non-attack-stats/stats-70-lbm-non.txt,126
388,system.membus.snoopFanout::max_value,system.membus.snoopFanout::max_value,Interconnect and memory bus,Count,Request fanout histogram,yes,no,127,High: cache-access and cache-state effects are central to Spectre side channels.,Lbm-results-IO/non-attack-stats/stats-70-lbm-non.txt,126
389,system.membus.snoopFanout::total,system.membus.snoopFanout::total,Interconnect and memory bus,Count,Request fanout histogram,yes,yes,127,High: cache-access and cache-state effects are central to Spectre side channels.,Lbm-results-IO/non-attack-stats/stats-70-lbm-non.txt,126
390,system.membus.power_state.pwrStateResidencyTicks::UNDEFINED,system.membus.power_state,Interconnect and memory bus,Tick,Cumulative time (in ticks) in various power states,yes,yes,127,Medium to high: memory traffic and latency can reflect transient accesses and cache effects.,Lbm-results-IO/non-attack-stats/stats-70-lbm-non.txt,126
391,system.membus.snoop_filter.totRequests,system.membus.snoop_filter,Cache hierarchy and coherence,Count,Total number of requests made to the snoop filter,yes,no,127,High: cache-access and cache-state effects are central to Spectre side channels.,Lbm-results-IO/non-attack-stats/stats-70-lbm-non.txt,126
392,system.membus.snoop_filter.hitSingleRequests,system.membus.snoop_filter,Cache hierarchy and coherence,Count,Number of requests hitting in the snoop filter with a single holder of the requested data,yes,no,127,High: cache-access and cache-state effects are central to Spectre side channels.,Lbm-results-IO/non-attack-stats/stats-70-lbm-non.txt,126
393,system.membus.snoop_filter.hitMultiRequests,system.membus.snoop_filter,Cache hierarchy and coherence,Count,Number of requests hitting in the snoop filter with multiple (>1) holders of the requested data,yes,no,127,High: cache-access and cache-state effects are central to Spectre side channels.,Lbm-results-IO/non-attack-stats/stats-70-lbm-non.txt,126
394,system.membus.snoop_filter.totSnoops,system.membus.snoop_filter,Cache hierarchy and coherence,Count,Total number of snoops made to the snoop filter,yes,no,127,High: cache-access and cache-state effects are central to Spectre side channels.,Lbm-results-IO/non-attack-stats/stats-70-lbm-non.txt,126
395,system.membus.snoop_filter.hitSingleSnoops,system.membus.snoop_filter,Cache hierarchy and coherence,Count,Number of snoops hitting in the snoop filter with a single holder of the requested data,yes,no,127,High: cache-access and cache-state effects are central to Spectre side channels.,Lbm-results-IO/non-attack-stats/stats-70-lbm-non.txt,126
396,system.membus.snoop_filter.hitMultiSnoops,system.membus.snoop_filter,Cache hierarchy and coherence,Count,Number of snoops hitting in the snoop filter with multiple (>1) holders of the requested data,yes,no,127,High: cache-access and cache-state effects are central to Spectre side channels.,Lbm-results-IO/non-attack-stats/stats-70-lbm-non.txt,126
397,system.voltage_domain.voltage,system.voltage_domain.voltage,"Clock, voltage, and power state",Volt,Voltage in Volts,yes,yes,127,Contextual: potential usefulness should be evaluated empirically with feature selection or explainability methods.,Lbm-results-IO/non-attack-stats/stats-70-lbm-non.txt,126
398,system.workload.inst.arm,system.workload.inst,Workload and system calls,Count,number of arm instructions executed,yes,no,127,Medium: execution-volume and instruction-mix changes can help distinguish attack scenarios.,Lbm-results-IO/non-attack-stats/stats-70-lbm-non.txt,126
399,system.workload.inst.quiesce,system.workload.inst,Workload and system calls,Count,number of quiesce instructions executed,yes,no,127,Medium: execution-volume and instruction-mix changes can help distinguish attack scenarios.,Lbm-results-IO/non-attack-stats/stats-70-lbm-non.txt,126
